"id","cluster","priority","intent","funnel_stage","locale","primary_keyword","secondary_keywords","long_tail_keywords","question_keywords","platform_modifiers","recommended_page_type","target_audience","related_platforms","related_use_cases","index_policy","content_status","notes"
"keyword_001","AI product photography basics","P0","informational","TOFU","ru","что такое ai-фото товаров","???????? ????; ???????? ??????; AI ??? ????????????","что такое ai-фото товаров ??? ?????????; что такое ai-фото товаров ??? ????????????","??? что такое ai-фото товаров?; ??? ????????? AI-???? ????? ????????????","Kaspi; Wildberries; Ozon; Amazon; eBay","blog","marketplace sellers; instagram shops; small ecommerce teams","Kaspi; Wildberries; Ozon; Amazon; eBay","exact-product-card","index","published","Validate in Google Keyword Planner, Yandex Wordstat, and Bing Webmaster Tools before expanding publication."
"keyword_001","AI product photography basics","P0","informational","TOFU","en","what is ai product photography","product photography; marketplace listing image; AI ecommerce photo","what is ai product photography without a photographer; what is ai product photography for marketplace sellers","how to what is ai product photography?; how to review AI product photos before publishing?","Kaspi; Wildberries; Ozon; Amazon; eBay","blog","marketplace sellers; instagram shops; small ecommerce teams","Kaspi; Wildberries; Ozon; Amazon; eBay","exact-product-card","index","published","Validate in Google Keyword Planner, Yandex Wordstat, and Bing Webmaster Tools before expanding publication."
"keyword_002","AI product photography basics","P1","how-to","MOFU","ru","как сделать фото товара для маркетплейса","???????? ????; ???????? ??????; AI ??? ????????????","как сделать фото товара для маркетплейса ??? ?????????; как сделать фото товара для маркетплейса ??? ????????????","??? как сделать фото товара для маркетплейса?; ??? ????????? AI-???? ????? ????????????","Kaspi; Wildberries; Ozon; Amazon; eBay","blog","marketplace sellers; instagram shops; small ecommerce teams","Kaspi; Wildberries; Ozon; Amazon; eBay","exact-product-card; marketplace-white-background","index","published","Validate in Google Keyword Planner, Yandex Wordstat, and Bing Webmaster Tools before expanding publication."
"keyword_002","AI product photography basics","P1","how-to","MOFU","en","how to create product photos for a marketplace","product photography; marketplace listing image; AI ecommerce photo","how to create product photos for a marketplace without a photographer; how to create product photos for a marketplace for marketplace sellers","how to how to create product photos for a marketplace?; how to review AI product photos before publishing?","Kaspi; Wildberries; Ozon; Amazon; eBay","blog","marketplace sellers; instagram shops; small ecommerce teams","Kaspi; Wildberries; Ozon; Amazon; eBay","exact-product-card; marketplace-white-background","index","published","Validate in Google Keyword Planner, Yandex Wordstat, and Bing Webmaster Tools before expanding publication."
"keyword_003","AI product photography basics","P0","how-to","MOFU","ru","как сделать белый фон для товара","???????? ????; ???????? ??????; AI ??? ????????????","как сделать белый фон для товара ??? ?????????; как сделать белый фон для товара ??? ????????????","??? как сделать белый фон для товара?; ??? ????????? AI-???? ????? ????????????","Kaspi; Amazon; eBay","blog","marketplace sellers; instagram shops; small ecommerce teams","Kaspi; Amazon; eBay","marketplace-white-background","index","published","Validate in Google Keyword Planner, Yandex Wordstat, and Bing Webmaster Tools before expanding publication."
"keyword_003","AI product photography basics","P0","how-to","MOFU","en","how to make a white background for a product","product photography; marketplace listing image; AI ecommerce photo","how to make a white background for a product without a photographer; how to make a white background for a product for marketplace sellers","how to how to make a white background for a product?; how to review AI product photos before publishing?","Kaspi; Amazon; eBay","blog","marketplace sellers; instagram shops; small ecommerce teams","Kaspi; Amazon; eBay","marketplace-white-background","index","published","Validate in Google Keyword Planner, Yandex Wordstat, and Bing Webmaster Tools before expanding publication."
"keyword_004","AI product photography basics","P1","how-to","MOFU","ru","как улучшить фото товара без фотографа","???????? ????; ???????? ??????; AI ??? ????????????","как улучшить фото товара без фотографа ??? ?????????; как улучшить фото товара без фотографа ??? ????????????","??? как улучшить фото товара без фотографа?; ??? ????????? AI-???? ????? ????????????","Shopify; Instagram Shop","blog","marketplace sellers; instagram shops; small ecommerce teams","Shopify; Instagram Shop","product-photo-cleanup","index_when_content_ready","draft","Validate in Google Keyword Planner, Yandex Wordstat, and Bing Webmaster Tools before expanding publication."
"keyword_004","AI product photography basics","P1","how-to","MOFU","en","how to improve product photos without a photographer","product photography; marketplace listing image; AI ecommerce photo","how to improve product photos without a photographer without a photographer; how to improve product photos without a photographer for marketplace sellers","how to how to improve product photos without a photographer?; how to review AI product photos before publishing?","Shopify; Instagram Shop","blog","marketplace sellers; instagram shops; small ecommerce teams","Shopify; Instagram Shop","product-photo-cleanup","index_when_content_ready","draft","Validate in Google Keyword Planner, Yandex Wordstat, and Bing Webmaster Tools before expanding publication."
"keyword_005","AI product photography basics","P1","how-to","MOFU","ru","как сделать карточку товара из обычного фото","???????? ????; ???????? ??????; AI ??? ????????????","как сделать карточку товара из обычного фото ??? ?????????; как сделать карточку товара из обычного фото ??? ????????????","??? как сделать карточку товара из обычного фото?; ??? ????????? AI-???? ????? ????????????","Kaspi; Ozon; Wildberries","blog","marketplace sellers; instagram shops; small ecommerce teams","Kaspi; Ozon; Wildberries","exact-product-card","index_when_content_ready","draft","Validate in Google Keyword Planner, Yandex Wordstat, and Bing Webmaster Tools before expanding publication."
"keyword_005","AI product photography basics","P1","how-to","MOFU","en","how to make a product card from a regular photo","product photography; marketplace listing image; AI ecommerce photo","how to make a product card from a regular photo without a photographer; how to make a product card from a regular photo for marketplace sellers","how to how to make a product card from a regular photo?; how to review AI product photos before publishing?","Kaspi; Ozon; Wildberries","blog","marketplace sellers; instagram shops; small ecommerce teams","Kaspi; Ozon; Wildberries","exact-product-card","index_when_content_ready","draft","Validate in Google Keyword Planner, Yandex Wordstat, and Bing Webmaster Tools before expanding publication."
"keyword_006","AI product photography basics","P1","informational","TOFU","ru","как ai помогает продавцам маркетплейсов","???????? ????; ???????? ??????; AI ??? ????????????","как ai помогает продавцам маркетплейсов ??? ?????????; как ai помогает продавцам маркетплейсов ??? ????????????","??? как ai помогает продавцам маркетплейсов?; ??? ????????? AI-???? ????? ????????????","Kaspi; Wildberries; Amazon","blog","marketplace sellers; instagram shops; small ecommerce teams","Kaspi; Wildberries; Amazon","ecommerce-catalog-photos","index_when_content_ready","draft","Validate in Google Keyword Planner, Yandex Wordstat, and Bing Webmaster Tools before expanding publication."
"keyword_006","AI product photography basics","P1","informational","TOFU","en","how ai helps marketplace sellers","product photography; marketplace listing image; AI ecommerce photo","how ai helps marketplace sellers without a photographer; how ai helps marketplace sellers for marketplace sellers","how to how ai helps marketplace sellers?; how to review AI product photos before publishing?","Kaspi; Wildberries; Amazon","blog","marketplace sellers; instagram shops; small ecommerce teams","Kaspi; Wildberries; Amazon","ecommerce-catalog-photos","index_when_content_ready","draft","Validate in Google Keyword Planner, Yandex Wordstat, and Bing Webmaster Tools before expanding publication."
"keyword_007","AI product photography basics","P1","informational","TOFU","ru","ошибки в товарных фото, которые снижают продажи","???????? ????; ???????? ??????; AI ??? ????????????","ошибки в товарных фото, которые снижают продажи ??? ?????????; ошибки в товарных фото, которые снижают продажи ??? ????????????","??? ошибки в товарных фото, которые снижают продажи?; ??? ????????? AI-???? ????? ????????????","Shopify; Amazon","blog","marketplace sellers; instagram shops; small ecommerce teams","Shopify; Amazon","exact-product-card","index_when_content_ready","draft","Validate in Google Keyword Planner, Yandex Wordstat, and Bing Webmaster Tools before expanding publication."
"keyword_007","AI product photography basics","P1","informational","TOFU","en","product photo mistakes that hurt sales","product photography; marketplace listing image; AI ecommerce photo","product photo mistakes that hurt sales without a photographer; product photo mistakes that hurt sales for marketplace sellers","how to product photo mistakes that hurt sales?; how to review AI product photos before publishing?","Shopify; Amazon","blog","marketplace sellers; instagram shops; small ecommerce teams","Shopify; Amazon","exact-product-card","index_when_content_ready","draft","Validate in Google Keyword Planner, Yandex Wordstat, and Bing Webmaster Tools before expanding publication."
"keyword_008","AI product photography basics","P1","how-to","MOFU","ru","как проверить ai-фото перед публикацией","???????? ????; ???????? ??????; AI ??? ????????????","как проверить ai-фото перед публикацией ??? ?????????; как проверить ai-фото перед публикацией ??? ????????????","??? как проверить ai-фото перед публикацией?; ??? ????????? AI-???? ????? ????????????","Kaspi; Amazon; Etsy","blog","marketplace sellers; instagram shops; small ecommerce teams","Kaspi; Amazon; Etsy","exact-product-card","index","published","Validate in Google Keyword Planner, Yandex Wordstat, and Bing Webmaster Tools before expanding publication."
"keyword_008","AI product photography basics","P1","how-to","MOFU","en","how to review ai product photos before publishing","product photography; marketplace listing image; AI ecommerce photo","how to review ai product photos before publishing without a photographer; how to review ai product photos before publishing for marketplace sellers","how to how to review ai product photos before publishing?; how to review AI product photos before publishing?","Kaspi; Amazon; Etsy","blog","marketplace sellers; instagram shops; small ecommerce teams","Kaspi; Amazon; Etsy","exact-product-card","index","published","Validate in Google Keyword Planner, Yandex Wordstat, and Bing Webmaster Tools before expanding publication."
"keyword_009","AI product photography basics","P1","informational","TOFU","ru","почему ai может менять товар и как этого избежать","???????? ????; ???????? ??????; AI ??? ????????????","почему ai может менять товар и как этого избежать ??? ?????????; почему ai может менять товар и как этого избежать ??? ????????????","??? почему ai может менять товар и как этого избежать?; ??? ????????? AI-???? ????? ????????????","Ozon; Amazon","blog","marketplace sellers; instagram shops; small ecommerce teams","Ozon; Amazon","exact-product-card","index_when_content_ready","draft","Validate in Google Keyword Planner, Yandex Wordstat, and Bing Webmaster Tools before expanding publication."
"keyword_009","AI product photography basics","P1","informational","TOFU","en","why ai can change a product and how to reduce it","product photography; marketplace listing image; AI ecommerce photo","why ai can change a product and how to reduce it without a photographer; why ai can change a product and how to reduce it for marketplace sellers","how to why ai can change a product and how to reduce it?; how to review AI product photos before publishing?","Ozon; Amazon","blog","marketplace sellers; instagram shops; small ecommerce teams","Ozon; Amazon","exact-product-card","index_when_content_ready","draft","Validate in Google Keyword Planner, Yandex Wordstat, and Bing Webmaster Tools before expanding publication."
"keyword_010","AI product photography basics","P1","how-to","MOFU","ru","как сохранить цвет и форму товара в ai-фото","???????? ????; ???????? ??????; AI ??? ????????????","как сохранить цвет и форму товара в ai-фото ??? ?????????; как сохранить цвет и форму товара в ai-фото ??? ????????????","??? как сохранить цвет и форму товара в ai-фото?; ??? ????????? AI-???? ????? ????????????","Kaspi; Amazon","blog","marketplace sellers; instagram shops; small ecommerce teams","Kaspi; Amazon","exact-product-card","index_when_content_ready","draft","Validate in Google Keyword Planner, Yandex Wordstat, and Bing Webmaster Tools before expanding publication."
"keyword_010","AI product photography basics","P1","how-to","MOFU","en","how to preserve product color and shape in ai photos","product photography; marketplace listing image; AI ecommerce photo","how to preserve product color and shape in ai photos without a photographer; how to preserve product color and shape in ai photos for marketplace sellers","how to how to preserve product color and shape in ai photos?; how to review AI product photos before publishing?","Kaspi; Amazon","blog","marketplace sellers; instagram shops; small ecommerce teams","Kaspi; Amazon","exact-product-card","index_when_content_ready","draft","Validate in Google Keyword Planner, Yandex Wordstat, and Bing Webmaster Tools before expanding publication."
"keyword_011","clothing / fashion","P0","how-to","MOFU","ru","как сделать фото одежды на модели","???????? ????; ???????? ??????; AI ??? ????????????","как сделать фото одежды на модели ??? ?????????; как сделать фото одежды на модели ??? ????????????","??? как сделать фото одежды на модели?; ??? ????????? AI-???? ????? ????????????","Wildberries; Ozon; Shopify","blog","marketplace sellers; instagram shops; small ecommerce teams","Wildberries; Ozon; Shopify","clothing-on-model","index","published","Validate in Google Keyword Planner, Yandex Wordstat, and Bing Webmaster Tools before expanding publication."
"keyword_011","clothing / fashion","P0","how-to","MOFU","en","how to create clothing photos on a model","product photography; marketplace listing image; AI ecommerce photo","how to create clothing photos on a model without a photographer; how to create clothing photos on a model for marketplace sellers","how to how to create clothing photos on a model?; how to review AI product photos before publishing?","Wildberries; Ozon; Shopify","blog","marketplace sellers; instagram shops; small ecommerce teams","Wildberries; Ozon; Shopify","clothing-on-model","index","published","Validate in Google Keyword Planner, Yandex Wordstat, and Bing Webmaster Tools before expanding publication."
"keyword_012","clothing / fashion","P1","how-to","MOFU","ru","как перенести одежду на ai-модель","???????? ????; ???????? ??????; AI ??? ????????????","как перенести одежду на ai-модель ??? ?????????; как перенести одежду на ai-модель ??? ????????????","??? как перенести одежду на ai-модель?; ??? ????????? AI-???? ????? ????????????","Shopify; Instagram Shop","blog","marketplace sellers; instagram shops; small ecommerce teams","Shopify; Instagram Shop","clothing-on-model","index_when_content_ready","draft","Validate in Google Keyword Planner, Yandex Wordstat, and Bing Webmaster Tools before expanding publication."
"keyword_012","clothing / fashion","P1","how-to","MOFU","en","how to place clothing on an ai model","product photography; marketplace listing image; AI ecommerce photo","how to place clothing on an ai model without a photographer; how to place clothing on an ai model for marketplace sellers","how to how to place clothing on an ai model?; how to review AI product photos before publishing?","Shopify; Instagram Shop","blog","marketplace sellers; instagram shops; small ecommerce teams","Shopify; Instagram Shop","clothing-on-model","index_when_content_ready","draft","Validate in Google Keyword Planner, Yandex Wordstat, and Bing Webmaster Tools before expanding publication."
"keyword_013","clothing / fashion","P1","commercial","BOFU","ru","фото платья на ai-модели","???????? ????; ???????? ??????; AI ??? ????????????","фото платья на ai-модели ??? ?????????; фото платья на ai-модели ??? ????????????","??? фото платья на ai-модели?; ??? ????????? AI-???? ????? ????????????","Wildberries; Instagram Shop","blog","marketplace sellers; instagram shops; small ecommerce teams","Wildberries; Instagram Shop","clothing-on-model","index_when_content_ready","draft","Validate in Google Keyword Planner, Yandex Wordstat, and Bing Webmaster Tools before expanding publication."
"keyword_013","clothing / fashion","P1","commercial","BOFU","en","dress photos on an ai model","product photography; marketplace listing image; AI ecommerce photo","dress photos on an ai model without a photographer; dress photos on an ai model for marketplace sellers","how to dress photos on an ai model?; how to review AI product photos before publishing?","Wildberries; Instagram Shop","blog","marketplace sellers; instagram shops; small ecommerce teams","Wildberries; Instagram Shop","clothing-on-model","index_when_content_ready","draft","Validate in Google Keyword Planner, Yandex Wordstat, and Bing Webmaster Tools before expanding publication."
"keyword_014","clothing / fashion","P1","commercial","BOFU","ru","фото футболки на ai-модели","???????? ????; ???????? ??????; AI ??? ????????????","фото футболки на ai-модели ??? ?????????; фото футболки на ai-модели ??? ????????????","??? фото футболки на ai-модели?; ??? ????????? AI-???? ????? ????????????","Wildberries; Shopify","blog","marketplace sellers; instagram shops; small ecommerce teams","Wildberries; Shopify","clothing-on-model","index_when_content_ready","draft","Validate in Google Keyword Planner, Yandex Wordstat, and Bing Webmaster Tools before expanding publication."
"keyword_014","clothing / fashion","P1","commercial","BOFU","en","t-shirt photos on an ai model","product photography; marketplace listing image; AI ecommerce photo","t-shirt photos on an ai model without a photographer; t-shirt photos on an ai model for marketplace sellers","how to t-shirt photos on an ai model?; how to review AI product photos before publishing?","Wildberries; Shopify","blog","marketplace sellers; instagram shops; small ecommerce teams","Wildberries; Shopify","clothing-on-model","index_when_content_ready","draft","Validate in Google Keyword Planner, Yandex Wordstat, and Bing Webmaster Tools before expanding publication."
"keyword_015","clothing / fashion","P1","commercial","BOFU","ru","фото костюма на ai-модели","???????? ????; ???????? ??????; AI ??? ????????????","фото костюма на ai-модели ??? ?????????; фото костюма на ai-модели ??? ????????????","??? фото костюма на ai-модели?; ??? ????????? AI-???? ????? ????????????","Shopify; Ozon","blog","marketplace sellers; instagram shops; small ecommerce teams","Shopify; Ozon","clothing-on-model","index_when_content_ready","draft","Validate in Google Keyword Planner, Yandex Wordstat, and Bing Webmaster Tools before expanding publication."
"keyword_015","clothing / fashion","P1","commercial","BOFU","en","suit photos on an ai model","product photography; marketplace listing image; AI ecommerce photo","suit photos on an ai model without a photographer; suit photos on an ai model for marketplace sellers","how to suit photos on an ai model?; how to review AI product photos before publishing?","Shopify; Ozon","blog","marketplace sellers; instagram shops; small ecommerce teams","Shopify; Ozon","clothing-on-model","index_when_content_ready","draft","Validate in Google Keyword Planner, Yandex Wordstat, and Bing Webmaster Tools before expanding publication."
"keyword_016","clothing / fashion","P0","commercial","BOFU","ru","фото белья на ai-модели","???????? ????; ???????? ??????; AI ??? ????????????","фото белья на ai-модели ??? ?????????; фото белья на ai-модели ??? ????????????","??? фото белья на ai-модели?; ??? ????????? AI-???? ????? ????????????","Wildberries; Ozon; Shopify","landing/use-case page","marketplace sellers; instagram shops; small ecommerce teams","Wildberries; Ozon; Shopify","lingerie-on-ai-model","index","published","Validate in Google Keyword Planner, Yandex Wordstat, and Bing Webmaster Tools before expanding publication."
"keyword_016","clothing / fashion","P0","commercial","BOFU","en","lingerie photos on an ai model","product photography; marketplace listing image; AI ecommerce photo","lingerie photos on an ai model without a photographer; lingerie photos on an ai model for marketplace sellers","how to lingerie photos on an ai model?; how to review AI product photos before publishing?","Wildberries; Ozon; Shopify","landing/use-case page","marketplace sellers; instagram shops; small ecommerce teams","Wildberries; Ozon; Shopify","lingerie-on-ai-model","index","published","Validate in Google Keyword Planner, Yandex Wordstat, and Bing Webmaster Tools before expanding publication."
"keyword_017","clothing / fashion","P1","commercial","BOFU","ru","фото plus-size модели для одежды","???????? ????; ???????? ??????; AI ??? ????????????","фото plus-size модели для одежды ??? ?????????; фото plus-size модели для одежды ??? ????????????","??? фото plus-size модели для одежды?; ??? ????????? AI-???? ????? ????????????","Shopify; Instagram Shop","blog","marketplace sellers; instagram shops; small ecommerce teams","Shopify; Instagram Shop","plus-size-model-photos","index_when_content_ready","draft","Validate in Google Keyword Planner, Yandex Wordstat, and Bing Webmaster Tools before expanding publication."
"keyword_017","clothing / fashion","P1","commercial","BOFU","en","plus-size model photos for clothing","product photography; marketplace listing image; AI ecommerce photo","plus-size model photos for clothing without a photographer; plus-size model photos for clothing for marketplace sellers","how to plus-size model photos for clothing?; how to review AI product photos before publishing?","Shopify; Instagram Shop","blog","marketplace sellers; instagram shops; small ecommerce teams","Shopify; Instagram Shop","plus-size-model-photos","index_when_content_ready","draft","Validate in Google Keyword Planner, Yandex Wordstat, and Bing Webmaster Tools before expanding publication."
"keyword_018","clothing / fashion","P1","how-to","MOFU","ru","как выбрать позу ai-модели","???????? ????; ???????? ??????; AI ??? ????????????","как выбрать позу ai-модели ??? ?????????; как выбрать позу ai-модели ??? ????????????","??? как выбрать позу ai-модели?; ??? ????????? AI-???? ????? ????????????","Shopify","blog","marketplace sellers; instagram shops; small ecommerce teams","Shopify","clothing-on-model","index_when_content_ready","draft","Validate in Google Keyword Planner, Yandex Wordstat, and Bing Webmaster Tools before expanding publication."
"keyword_018","clothing / fashion","P1","how-to","MOFU","en","how to choose an ai model pose","product photography; marketplace listing image; AI ecommerce photo","how to choose an ai model pose without a photographer; how to choose an ai model pose for marketplace sellers","how to how to choose an ai model pose?; how to review AI product photos before publishing?","Shopify","blog","marketplace sellers; instagram shops; small ecommerce teams","Shopify","clothing-on-model","index_when_content_ready","draft","Validate in Google Keyword Planner, Yandex Wordstat, and Bing Webmaster Tools before expanding publication."
"keyword_019","clothing / fashion","P1","how-to","MOFU","ru","как сделать каталог одежды без фотосессии","???????? ????; ???????? ??????; AI ??? ????????????","как сделать каталог одежды без фотосессии ??? ?????????; как сделать каталог одежды без фотосессии ??? ????????????","??? как сделать каталог одежды без фотосессии?; ??? ????????? AI-???? ????? ????????????","Shopify; Wildberries","blog","marketplace sellers; instagram shops; small ecommerce teams","Shopify; Wildberries","ecommerce-catalog-photos; clothing-on-model","index_when_content_ready","draft","Validate in Google Keyword Planner, Yandex Wordstat, and Bing Webmaster Tools before expanding publication."
"keyword_019","clothing / fashion","P1","how-to","MOFU","en","how to create a clothing catalog without a photoshoot","product photography; marketplace listing image; AI ecommerce photo","how to create a clothing catalog without a photoshoot without a photographer; how to create a clothing catalog without a photoshoot for marketplace sellers","how to how to create a clothing catalog without a photoshoot?; how to review AI product photos before publishing?","Shopify; Wildberries","blog","marketplace sellers; instagram shops; small ecommerce teams","Shopify; Wildberries","ecommerce-catalog-photos; clothing-on-model","index_when_content_ready","draft","Validate in Google Keyword Planner, Yandex Wordstat, and Bing Webmaster Tools before expanding publication."
"keyword_020","clothing / fashion","P1","how-to","MOFU","ru","как подготовить фото одежды для ai-примерки","???????? ????; ???????? ??????; AI ??? ????????????","как подготовить фото одежды для ai-примерки ??? ?????????; как подготовить фото одежды для ai-примерки ??? ????????????","??? как подготовить фото одежды для ai-примерки?; ??? ????????? AI-???? ????? ????????????","Shopify; Ozon","blog","marketplace sellers; instagram shops; small ecommerce teams","Shopify; Ozon","clothing-on-model","index_when_content_ready","draft","Validate in Google Keyword Planner, Yandex Wordstat, and Bing Webmaster Tools before expanding publication."
"keyword_020","clothing / fashion","P1","how-to","MOFU","en","how to prepare clothing photos for ai try-on","product photography; marketplace listing image; AI ecommerce photo","how to prepare clothing photos for ai try-on without a photographer; how to prepare clothing photos for ai try-on for marketplace sellers","how to how to prepare clothing photos for ai try-on?; how to review AI product photos before publishing?","Shopify; Ozon","blog","marketplace sellers; instagram shops; small ecommerce teams","Shopify; Ozon","clothing-on-model","index_when_content_ready","draft","Validate in Google Keyword Planner, Yandex Wordstat, and Bing Webmaster Tools before expanding publication."
"keyword_021","accessories / jewelry","P0","how-to","MOFU","ru","как сделать фото бижутерии для маркетплейса","???????? ????; ???????? ??????; AI ??? ????????????","как сделать фото бижутерии для маркетплейса ??? ?????????; как сделать фото бижутерии для маркетплейса ??? ????????????","??? как сделать фото бижутерии для маркетплейса?; ??? ????????? AI-???? ????? ????????????","Kaspi; Etsy; eBay","blog","marketplace sellers; instagram shops; small ecommerce teams","Kaspi; Etsy; eBay","jewelry-product-photos","index","published","Validate in Google Keyword Planner, Yandex Wordstat, and Bing Webmaster Tools before expanding publication."
"keyword_021","accessories / jewelry","P0","how-to","MOFU","en","how to create jewelry product photos for a marketplace","product photography; marketplace listing image; AI ecommerce photo","how to create jewelry product photos for a marketplace without a photographer; how to create jewelry product photos for a marketplace for marketplace sellers","how to how to create jewelry product photos for a marketplace?; how to review AI product photos before publishing?","Kaspi; Etsy; eBay","blog","marketplace sellers; instagram shops; small ecommerce teams","Kaspi; Etsy; eBay","jewelry-product-photos","index","published","Validate in Google Keyword Planner, Yandex Wordstat, and Bing Webmaster Tools before expanding publication."
"keyword_022","accessories / jewelry","P1","how-to","MOFU","ru","как сфотографировать серьги для карточки товара","???????? ????; ???????? ??????; AI ??? ????????????","как сфотографировать серьги для карточки товара ??? ?????????; как сфотографировать серьги для карточки товара ??? ????????????","??? как сфотографировать серьги для карточки товара?; ??? ????????? AI-???? ????? ????????????","Etsy; Kaspi","blog","marketplace sellers; instagram shops; small ecommerce teams","Etsy; Kaspi","jewelry-product-photos","index_when_content_ready","draft","Validate in Google Keyword Planner, Yandex Wordstat, and Bing Webmaster Tools before expanding publication."
"keyword_022","accessories / jewelry","P1","how-to","MOFU","en","how to photograph earrings for a product card","product photography; marketplace listing image; AI ecommerce photo","how to photograph earrings for a product card without a photographer; how to photograph earrings for a product card for marketplace sellers","how to how to photograph earrings for a product card?; how to review AI product photos before publishing?","Etsy; Kaspi","blog","marketplace sellers; instagram shops; small ecommerce teams","Etsy; Kaspi","jewelry-product-photos","index_when_content_ready","draft","Validate in Google Keyword Planner, Yandex Wordstat, and Bing Webmaster Tools before expanding publication."
"keyword_023","accessories / jewelry","P1","how-to","MOFU","ru","как сделать фото кольца на белом фоне","???????? ????; ???????? ??????; AI ??? ????????????","как сделать фото кольца на белом фоне ??? ?????????; как сделать фото кольца на белом фоне ??? ????????????","??? как сделать фото кольца на белом фоне?; ??? ????????? AI-???? ????? ????????????","Etsy; eBay","blog","marketplace sellers; instagram shops; small ecommerce teams","Etsy; eBay","jewelry-product-photos; marketplace-white-background","index_when_content_ready","draft","Validate in Google Keyword Planner, Yandex Wordstat, and Bing Webmaster Tools before expanding publication."
"keyword_023","accessories / jewelry","P1","how-to","MOFU","en","how to make ring photos on a white background","product photography; marketplace listing image; AI ecommerce photo","how to make ring photos on a white background without a photographer; how to make ring photos on a white background for marketplace sellers","how to how to make ring photos on a white background?; how to review AI product photos before publishing?","Etsy; eBay","blog","marketplace sellers; instagram shops; small ecommerce teams","Etsy; eBay","jewelry-product-photos; marketplace-white-background","index_when_content_ready","draft","Validate in Google Keyword Planner, Yandex Wordstat, and Bing Webmaster Tools before expanding publication."
"keyword_024","accessories / jewelry","P1","how-to","MOFU","ru","как сделать фото браслета для каталога","???????? ????; ???????? ??????; AI ??? ????????????","как сделать фото браслета для каталога ??? ?????????; как сделать фото браслета для каталога ??? ????????????","??? как сделать фото браслета для каталога?; ??? ????????? AI-???? ????? ????????????","Etsy; Shopify","blog","marketplace sellers; instagram shops; small ecommerce teams","Etsy; Shopify","jewelry-product-photos","index_when_content_ready","draft","Validate in Google Keyword Planner, Yandex Wordstat, and Bing Webmaster Tools before expanding publication."
"keyword_024","accessories / jewelry","P1","how-to","MOFU","en","how to make bracelet photos for a catalog","product photography; marketplace listing image; AI ecommerce photo","how to make bracelet photos for a catalog without a photographer; how to make bracelet photos for a catalog for marketplace sellers","how to how to make bracelet photos for a catalog?; how to review AI product photos before publishing?","Etsy; Shopify","blog","marketplace sellers; instagram shops; small ecommerce teams","Etsy; Shopify","jewelry-product-photos","index_when_content_ready","draft","Validate in Google Keyword Planner, Yandex Wordstat, and Bing Webmaster Tools before expanding publication."
"keyword_025","accessories / jewelry","P1","how-to","MOFU","ru","как убрать лишний фон у аксессуаров","???????? ????; ???????? ??????; AI ??? ????????????","как убрать лишний фон у аксессуаров ??? ?????????; как убрать лишний фон у аксессуаров ??? ????????????","??? как убрать лишний фон у аксессуаров?; ??? ????????? AI-???? ????? ????????????","Etsy; Instagram Shop","blog","marketplace sellers; instagram shops; small ecommerce teams","Etsy; Instagram Shop","product-photo-cleanup","index_when_content_ready","draft","Validate in Google Keyword Planner, Yandex Wordstat, and Bing Webmaster Tools before expanding publication."
"keyword_025","accessories / jewelry","P1","how-to","MOFU","en","how to remove distracting backgrounds from accessories","product photography; marketplace listing image; AI ecommerce photo","how to remove distracting backgrounds from accessories without a photographer; how to remove distracting backgrounds from accessories for marketplace sellers","how to how to remove distracting backgrounds from accessories?; how to review AI product photos before publishing?","Etsy; Instagram Shop","blog","marketplace sellers; instagram shops; small ecommerce teams","Etsy; Instagram Shop","product-photo-cleanup","index_when_content_ready","draft","Validate in Google Keyword Planner, Yandex Wordstat, and Bing Webmaster Tools before expanding publication."
"keyword_026","accessories / jewelry","P1","informational","TOFU","ru","почему ai меняет украшения и как это контролировать","???????? ????; ???????? ??????; AI ??? ????????????","почему ai меняет украшения и как это контролировать ??? ?????????; почему ai меняет украшения и как это контролировать ??? ????????????","??? почему ai меняет украшения и как это контролировать?; ??? ????????? AI-???? ????? ????????????","Etsy; eBay","blog","marketplace sellers; instagram shops; small ecommerce teams","Etsy; eBay","jewelry-product-photos","index_when_content_ready","draft","Validate in Google Keyword Planner, Yandex Wordstat, and Bing Webmaster Tools before expanding publication."
"keyword_026","accessories / jewelry","P1","informational","TOFU","en","why ai changes jewelry and how to control it","product photography; marketplace listing image; AI ecommerce photo","why ai changes jewelry and how to control it without a photographer; why ai changes jewelry and how to control it for marketplace sellers","how to why ai changes jewelry and how to control it?; how to review AI product photos before publishing?","Etsy; eBay","blog","marketplace sellers; instagram shops; small ecommerce teams","Etsy; eBay","jewelry-product-photos","index_when_content_ready","draft","Validate in Google Keyword Planner, Yandex Wordstat, and Bing Webmaster Tools before expanding publication."
"keyword_027","accessories / jewelry","P1","how-to","MOFU","ru","как сделать точную карточку товара для бижутерии","???????? ????; ???????? ??????; AI ??? ????????????","как сделать точную карточку товара для бижутерии ??? ?????????; как сделать точную карточку товара для бижутерии ??? ????????????","??? как сделать точную карточку товара для бижутерии?; ??? ????????? AI-???? ????? ????????????","Kaspi; Etsy","blog","marketplace sellers; instagram shops; small ecommerce teams","Kaspi; Etsy","exact-product-card; jewelry-product-photos","index_when_content_ready","draft","Validate in Google Keyword Planner, Yandex Wordstat, and Bing Webmaster Tools before expanding publication."
"keyword_027","accessories / jewelry","P1","how-to","MOFU","en","how to make an exact product card for jewelry","product photography; marketplace listing image; AI ecommerce photo","how to make an exact product card for jewelry without a photographer; how to make an exact product card for jewelry for marketplace sellers","how to how to make an exact product card for jewelry?; how to review AI product photos before publishing?","Kaspi; Etsy","blog","marketplace sellers; instagram shops; small ecommerce teams","Kaspi; Etsy","exact-product-card; jewelry-product-photos","index_when_content_ready","draft","Validate in Google Keyword Planner, Yandex Wordstat, and Bing Webmaster Tools before expanding publication."
"keyword_028","accessories / jewelry","P1","how-to","MOFU","ru","как сделать lifestyle-фото украшений","???????? ????; ???????? ??????; AI ??? ????????????","как сделать lifestyle-фото украшений ??? ?????????; как сделать lifestyle-фото украшений ??? ????????????","??? как сделать lifestyle-фото украшений?; ??? ????????? AI-???? ????? ????????????","Etsy; Instagram Shop","blog","marketplace sellers; instagram shops; small ecommerce teams","Etsy; Instagram Shop","creative-product-scene; jewelry-product-photos","index_when_content_ready","draft","Validate in Google Keyword Planner, Yandex Wordstat, and Bing Webmaster Tools before expanding publication."
"keyword_028","accessories / jewelry","P1","how-to","MOFU","en","how to create lifestyle jewelry photos","product photography; marketplace listing image; AI ecommerce photo","how to create lifestyle jewelry photos without a photographer; how to create lifestyle jewelry photos for marketplace sellers","how to how to create lifestyle jewelry photos?; how to review AI product photos before publishing?","Etsy; Instagram Shop","blog","marketplace sellers; instagram shops; small ecommerce teams","Etsy; Instagram Shop","creative-product-scene; jewelry-product-photos","index_when_content_ready","draft","Validate in Google Keyword Planner, Yandex Wordstat, and Bing Webmaster Tools before expanding publication."
"keyword_029","accessories / jewelry","P0","how-to","MOFU","ru","как подготовить фото сумки для маркетплейса","???????? ????; ???????? ??????; AI ??? ????????????","как подготовить фото сумки для маркетплейса ??? ?????????; как подготовить фото сумки для маркетплейса ??? ????????????","??? как подготовить фото сумки для маркетплейса?; ??? ????????? AI-???? ????? ????????????","Kaspi; Ozon","blog","marketplace sellers; instagram shops; small ecommerce teams","Kaspi; Ozon","bags-product-photos","index_when_content_ready","draft","Validate in Google Keyword Planner, Yandex Wordstat, and Bing Webmaster Tools before expanding publication."
"keyword_029","accessories / jewelry","P0","how-to","MOFU","en","how to prepare bag photos for a marketplace","product photography; marketplace listing image; AI ecommerce photo","how to prepare bag photos for a marketplace without a photographer; how to prepare bag photos for a marketplace for marketplace sellers","how to how to prepare bag photos for a marketplace?; how to review AI product photos before publishing?","Kaspi; Ozon","blog","marketplace sellers; instagram shops; small ecommerce teams","Kaspi; Ozon","bags-product-photos","index_when_content_ready","draft","Validate in Google Keyword Planner, Yandex Wordstat, and Bing Webmaster Tools before expanding publication."
"keyword_030","accessories / jewelry","P0","how-to","MOFU","ru","как сделать фото обуви для карточки товара","???????? ????; ???????? ??????; AI ??? ????????????","как сделать фото обуви для карточки товара ??? ?????????; как сделать фото обуви для карточки товара ??? ????????????","??? как сделать фото обуви для карточки товара?; ??? ????????? AI-???? ????? ????????????","Kaspi; Wildberries; Amazon","blog","marketplace sellers; instagram shops; small ecommerce teams","Kaspi; Wildberries; Amazon","shoes-product-photos","index_when_content_ready","draft","Validate in Google Keyword Planner, Yandex Wordstat, and Bing Webmaster Tools before expanding publication."
"keyword_030","accessories / jewelry","P0","how-to","MOFU","en","how to create shoe photos for a product card","product photography; marketplace listing image; AI ecommerce photo","how to create shoe photos for a product card without a photographer; how to create shoe photos for a product card for marketplace sellers","how to how to create shoe photos for a product card?; how to review AI product photos before publishing?","Kaspi; Wildberries; Amazon","blog","marketplace sellers; instagram shops; small ecommerce teams","Kaspi; Wildberries; Amazon","shoes-product-photos","index_when_content_ready","draft","Validate in Google Keyword Planner, Yandex Wordstat, and Bing Webmaster Tools before expanding publication."
"keyword_031","marketplaces","P0","platform","BOFU","ru","фото товаров для kaspi","???????? ????; ???????? ??????; AI ??? ????????????","фото товаров для kaspi ??? ?????????; фото товаров для kaspi ??? ????????????","??? фото товаров для kaspi?; ??? ????????? AI-???? ????? ????????????","Kaspi","platform page","marketplace sellers; instagram shops; small ecommerce teams","Kaspi","exact-product-card","index","published","Validate in Google Keyword Planner, Yandex Wordstat, and Bing Webmaster Tools before expanding publication."
"keyword_031","marketplaces","P0","platform","BOFU","en","product photos for kaspi","product photography; marketplace listing image; AI ecommerce photo","product photos for kaspi without a photographer; product photos for kaspi for marketplace sellers","how to product photos for kaspi?; how to review AI product photos before publishing?","Kaspi","platform page","marketplace sellers; instagram shops; small ecommerce teams","Kaspi","exact-product-card","index","published","Validate in Google Keyword Planner, Yandex Wordstat, and Bing Webmaster Tools before expanding publication."
"keyword_032","marketplaces","P0","platform","BOFU","ru","фото товаров для wildberries","???????? ????; ???????? ??????; AI ??? ????????????","фото товаров для wildberries ??? ?????????; фото товаров для wildberries ??? ????????????","??? фото товаров для wildberries?; ??? ????????? AI-???? ????? ????????????","Wildberries","platform page","marketplace sellers; instagram shops; small ecommerce teams","Wildberries","clothing-on-model; marketplace-white-background","index_when_content_ready","draft","Validate in Google Keyword Planner, Yandex Wordstat, and Bing Webmaster Tools before expanding publication."
"keyword_032","marketplaces","P0","platform","BOFU","en","product photos for wildberries","product photography; marketplace listing image; AI ecommerce photo","product photos for wildberries without a photographer; product photos for wildberries for marketplace sellers","how to product photos for wildberries?; how to review AI product photos before publishing?","Wildberries","platform page","marketplace sellers; instagram shops; small ecommerce teams","Wildberries","clothing-on-model; marketplace-white-background","index_when_content_ready","draft","Validate in Google Keyword Planner, Yandex Wordstat, and Bing Webmaster Tools before expanding publication."
"keyword_033","marketplaces","P0","platform","BOFU","ru","фото товаров для ozon","???????? ????; ???????? ??????; AI ??? ????????????","фото товаров для ozon ??? ?????????; фото товаров для ozon ??? ????????????","??? фото товаров для ozon?; ??? ????????? AI-???? ????? ????????????","Ozon","platform page","marketplace sellers; instagram shops; small ecommerce teams","Ozon","exact-product-card; product-video-from-photo","index_when_content_ready","draft","Validate in Google Keyword Planner, Yandex Wordstat, and Bing Webmaster Tools before expanding publication."
"keyword_033","marketplaces","P0","platform","BOFU","en","product photos for ozon","product photography; marketplace listing image; AI ecommerce photo","product photos for ozon without a photographer; product photos for ozon for marketplace sellers","how to product photos for ozon?; how to review AI product photos before publishing?","Ozon","platform page","marketplace sellers; instagram shops; small ecommerce teams","Ozon","exact-product-card; product-video-from-photo","index_when_content_ready","draft","Validate in Google Keyword Planner, Yandex Wordstat, and Bing Webmaster Tools before expanding publication."
"keyword_034","marketplaces","P0","platform","BOFU","ru","фото товаров для ebay","???????? ????; ???????? ??????; AI ??? ????????????","фото товаров для ebay ??? ?????????; фото товаров для ebay ??? ????????????","??? фото товаров для ebay?; ??? ????????? AI-???? ????? ????????????","eBay","platform page","marketplace sellers; instagram shops; small ecommerce teams","eBay","marketplace-white-background","index_when_content_ready","draft","Validate in Google Keyword Planner, Yandex Wordstat, and Bing Webmaster Tools before expanding publication."
"keyword_034","marketplaces","P0","platform","BOFU","en","product photos for ebay","product photography; marketplace listing image; AI ecommerce photo","product photos for ebay without a photographer; product photos for ebay for marketplace sellers","how to product photos for ebay?; how to review AI product photos before publishing?","eBay","platform page","marketplace sellers; instagram shops; small ecommerce teams","eBay","marketplace-white-background","index_when_content_ready","draft","Validate in Google Keyword Planner, Yandex Wordstat, and Bing Webmaster Tools before expanding publication."
"keyword_035","marketplaces","P0","platform","BOFU","ru","фото товаров для amazon","???????? ????; ???????? ??????; AI ??? ????????????","фото товаров для amazon ??? ?????????; фото товаров для amazon ??? ????????????","??? фото товаров для amazon?; ??? ????????? AI-???? ????? ????????????","Amazon","platform page","marketplace sellers; instagram shops; small ecommerce teams","Amazon","marketplace-white-background","index_when_content_ready","draft","Validate in Google Keyword Planner, Yandex Wordstat, and Bing Webmaster Tools before expanding publication."
"keyword_035","marketplaces","P0","platform","BOFU","en","product photos for amazon","product photography; marketplace listing image; AI ecommerce photo","product photos for amazon without a photographer; product photos for amazon for marketplace sellers","how to product photos for amazon?; how to review AI product photos before publishing?","Amazon","platform page","marketplace sellers; instagram shops; small ecommerce teams","Amazon","marketplace-white-background","index_when_content_ready","draft","Validate in Google Keyword Planner, Yandex Wordstat, and Bing Webmaster Tools before expanding publication."
"keyword_036","marketplaces","P0","platform","BOFU","ru","фото товаров для etsy","???????? ????; ???????? ??????; AI ??? ????????????","фото товаров для etsy ??? ?????????; фото товаров для etsy ??? ????????????","??? фото товаров для etsy?; ??? ????????? AI-???? ????? ????????????","Etsy","platform page","marketplace sellers; instagram shops; small ecommerce teams","Etsy","jewelry-product-photos","index_when_content_ready","draft","Validate in Google Keyword Planner, Yandex Wordstat, and Bing Webmaster Tools before expanding publication."
"keyword_036","marketplaces","P0","platform","BOFU","en","product photos for etsy","product photography; marketplace listing image; AI ecommerce photo","product photos for etsy without a photographer; product photos for etsy for marketplace sellers","how to product photos for etsy?; how to review AI product photos before publishing?","Etsy","platform page","marketplace sellers; instagram shops; small ecommerce teams","Etsy","jewelry-product-photos","index_when_content_ready","draft","Validate in Google Keyword Planner, Yandex Wordstat, and Bing Webmaster Tools before expanding publication."
"keyword_037","marketplaces","P1","platform","BOFU","ru","фото товаров для shopify","???????? ????; ???????? ??????; AI ??? ????????????","фото товаров для shopify ??? ?????????; фото товаров для shopify ??? ????????????","??? фото товаров для shopify?; ??? ????????? AI-???? ????? ????????????","Shopify","platform page","marketplace sellers; instagram shops; small ecommerce teams","Shopify","ecommerce-catalog-photos","index_when_content_ready","draft","Validate in Google Keyword Planner, Yandex Wordstat, and Bing Webmaster Tools before expanding publication."
"keyword_037","marketplaces","P1","platform","BOFU","en","product photos for shopify","product photography; marketplace listing image; AI ecommerce photo","product photos for shopify without a photographer; product photos for shopify for marketplace sellers","how to product photos for shopify?; how to review AI product photos before publishing?","Shopify","platform page","marketplace sellers; instagram shops; small ecommerce teams","Shopify","ecommerce-catalog-photos","index_when_content_ready","draft","Validate in Google Keyword Planner, Yandex Wordstat, and Bing Webmaster Tools before expanding publication."
"keyword_038","marketplaces","P1","platform","BOFU","ru","фото товаров для instagram shop","???????? ????; ???????? ??????; AI ??? ????????????","фото товаров для instagram shop ??? ?????????; фото товаров для instagram shop ??? ????????????","??? фото товаров для instagram shop?; ??? ????????? AI-???? ????? ????????????","Instagram Shop","platform page","marketplace sellers; instagram shops; small ecommerce teams","Instagram Shop","instagram-product-photos","index_when_content_ready","draft","Validate in Google Keyword Planner, Yandex Wordstat, and Bing Webmaster Tools before expanding publication."
"keyword_038","marketplaces","P1","platform","BOFU","en","product photos for instagram shop","product photography; marketplace listing image; AI ecommerce photo","product photos for instagram shop without a photographer; product photos for instagram shop for marketplace sellers","how to product photos for instagram shop?; how to review AI product photos before publishing?","Instagram Shop","platform page","marketplace sellers; instagram shops; small ecommerce teams","Instagram Shop","instagram-product-photos","index_when_content_ready","draft","Validate in Google Keyword Planner, Yandex Wordstat, and Bing Webmaster Tools before expanding publication."
"keyword_039","marketplaces","P1","platform","BOFU","ru","фото товаров для tiktok shop","???????? ????; ???????? ??????; AI ??? ????????????","фото товаров для tiktok shop ??? ?????????; фото товаров для tiktok shop ??? ????????????","??? фото товаров для tiktok shop?; ??? ????????? AI-???? ????? ????????????","TikTok Shop","platform page","marketplace sellers; instagram shops; small ecommerce teams","TikTok Shop","reels-from-product-image","index_when_content_ready","draft","Validate in Google Keyword Planner, Yandex Wordstat, and Bing Webmaster Tools before expanding publication."
"keyword_039","marketplaces","P1","platform","BOFU","en","product photos for tiktok shop","product photography; marketplace listing image; AI ecommerce photo","product photos for tiktok shop without a photographer; product photos for tiktok shop for marketplace sellers","how to product photos for tiktok shop?; how to review AI product photos before publishing?","TikTok Shop","platform page","marketplace sellers; instagram shops; small ecommerce teams","TikTok Shop","reels-from-product-image","index_when_content_ready","draft","Validate in Google Keyword Planner, Yandex Wordstat, and Bing Webmaster Tools before expanding publication."
"keyword_040","marketplaces","P1","platform","BOFU","ru","фото товаров для facebook marketplace","???????? ????; ???????? ??????; AI ??? ????????????","фото товаров для facebook marketplace ??? ?????????; фото товаров для facebook marketplace ??? ????????????","??? фото товаров для facebook marketplace?; ??? ????????? AI-???? ????? ????????????","Facebook Marketplace","platform page","marketplace sellers; instagram shops; small ecommerce teams","Facebook Marketplace","small-business-product-photos","index_when_content_ready","draft","Validate in Google Keyword Planner, Yandex Wordstat, and Bing Webmaster Tools before expanding publication."
"keyword_040","marketplaces","P1","platform","BOFU","en","product photos for facebook marketplace","product photography; marketplace listing image; AI ecommerce photo","product photos for facebook marketplace without a photographer; product photos for facebook marketplace for marketplace sellers","how to product photos for facebook marketplace?; how to review AI product photos before publishing?","Facebook Marketplace","platform page","marketplace sellers; instagram shops; small ecommerce teams","Facebook Marketplace","small-business-product-photos","index_when_content_ready","draft","Validate in Google Keyword Planner, Yandex Wordstat, and Bing Webmaster Tools before expanding publication."
"keyword_041","marketplaces","P1","platform","BOFU","ru","фото товаров для olx","???????? ????; ???????? ??????; AI ??? ????????????","фото товаров для olx ??? ?????????; фото товаров для olx ??? ????????????","??? фото товаров для olx?; ??? ????????? AI-???? ????? ????????????","OLX","platform page","marketplace sellers; instagram shops; small ecommerce teams","OLX","small-business-product-photos","index_when_content_ready","draft","Validate in Google Keyword Planner, Yandex Wordstat, and Bing Webmaster Tools before expanding publication."
"keyword_041","marketplaces","P1","platform","BOFU","en","product photos for olx","product photography; marketplace listing image; AI ecommerce photo","product photos for olx without a photographer; product photos for olx for marketplace sellers","how to product photos for olx?; how to review AI product photos before publishing?","OLX","platform page","marketplace sellers; instagram shops; small ecommerce teams","OLX","small-business-product-photos","index_when_content_ready","draft","Validate in Google Keyword Planner, Yandex Wordstat, and Bing Webmaster Tools before expanding publication."
"keyword_042","marketplaces","P1","platform","BOFU","ru","фото товаров для aliexpress","???????? ????; ???????? ??????; AI ??? ????????????","фото товаров для aliexpress ??? ?????????; фото товаров для aliexpress ??? ????????????","??? фото товаров для aliexpress?; ??? ????????? AI-???? ????? ????????????","AliExpress","platform page","marketplace sellers; instagram shops; small ecommerce teams","AliExpress","supplier-catalog-photos","index_when_content_ready","draft","Validate in Google Keyword Planner, Yandex Wordstat, and Bing Webmaster Tools before expanding publication."
"keyword_042","marketplaces","P1","platform","BOFU","en","product photos for aliexpress","product photography; marketplace listing image; AI ecommerce photo","product photos for aliexpress without a photographer; product photos for aliexpress for marketplace sellers","how to product photos for aliexpress?; how to review AI product photos before publishing?","AliExpress","platform page","marketplace sellers; instagram shops; small ecommerce teams","AliExpress","supplier-catalog-photos","index_when_content_ready","draft","Validate in Google Keyword Planner, Yandex Wordstat, and Bing Webmaster Tools before expanding publication."
"keyword_043","marketplaces","P1","platform","BOFU","ru","фото товаров для temu","???????? ????; ???????? ??????; AI ??? ????????????","фото товаров для temu ??? ?????????; фото товаров для temu ??? ????????????","??? фото товаров для temu?; ??? ????????? AI-???? ????? ????????????","Temu","platform page","marketplace sellers; instagram shops; small ecommerce teams","Temu","supplier-catalog-photos","index_when_content_ready","draft","Validate in Google Keyword Planner, Yandex Wordstat, and Bing Webmaster Tools before expanding publication."
"keyword_043","marketplaces","P1","platform","BOFU","en","product photos for temu","product photography; marketplace listing image; AI ecommerce photo","product photos for temu without a photographer; product photos for temu for marketplace sellers","how to product photos for temu?; how to review AI product photos before publishing?","Temu","platform page","marketplace sellers; instagram shops; small ecommerce teams","Temu","supplier-catalog-photos","index_when_content_ready","draft","Validate in Google Keyword Planner, Yandex Wordstat, and Bing Webmaster Tools before expanding publication."
"keyword_044","formats and social","P1","how-to","MOFU","ru","формат 1:1 для карточки товара","???????? ????; ???????? ??????; AI ??? ????????????","формат 1:1 для карточки товара ??? ?????????; формат 1:1 для карточки товара ??? ????????????","??? формат 1:1 для карточки товара?; ??? ????????? AI-???? ????? ????????????","Kaspi; Amazon","blog","marketplace sellers; instagram shops; small ecommerce teams","Kaspi; Amazon","exact-product-card","index_when_content_ready","draft","Validate in Google Keyword Planner, Yandex Wordstat, and Bing Webmaster Tools before expanding publication."
"keyword_044","formats and social","P1","how-to","MOFU","en","1:1 format for product cards","product photography; marketplace listing image; AI ecommerce photo","1:1 format for product cards without a photographer; 1:1 format for product cards for marketplace sellers","how to 1:1 format for product cards?; how to review AI product photos before publishing?","Kaspi; Amazon","blog","marketplace sellers; instagram shops; small ecommerce teams","Kaspi; Amazon","exact-product-card","index_when_content_ready","draft","Validate in Google Keyword Planner, Yandex Wordstat, and Bing Webmaster Tools before expanding publication."
"keyword_045","formats and social","P1","how-to","MOFU","ru","формат 4:5 для маркетплейса","???????? ????; ???????? ??????; AI ??? ????????????","формат 4:5 для маркетплейса ??? ?????????; формат 4:5 для маркетплейса ??? ????????????","??? формат 4:5 для маркетплейса?; ??? ????????? AI-???? ????? ????????????","Wildberries; Ozon","blog","marketplace sellers; instagram shops; small ecommerce teams","Wildberries; Ozon","exact-product-card","index_when_content_ready","draft","Validate in Google Keyword Planner, Yandex Wordstat, and Bing Webmaster Tools before expanding publication."
"keyword_045","formats and social","P1","how-to","MOFU","en","4:5 format for marketplaces","product photography; marketplace listing image; AI ecommerce photo","4:5 format for marketplaces without a photographer; 4:5 format for marketplaces for marketplace sellers","how to 4:5 format for marketplaces?; how to review AI product photos before publishing?","Wildberries; Ozon","blog","marketplace sellers; instagram shops; small ecommerce teams","Wildberries; Ozon","exact-product-card","index_when_content_ready","draft","Validate in Google Keyword Planner, Yandex Wordstat, and Bing Webmaster Tools before expanding publication."
"keyword_046","formats and social","P1","how-to","MOFU","ru","формат 9:16 для reels и stories","???????? ????; ???????? ??????; AI ??? ????????????","формат 9:16 для reels и stories ??? ?????????; формат 9:16 для reels и stories ??? ????????????","??? формат 9:16 для reels и stories?; ??? ????????? AI-???? ????? ????????????","Instagram Shop; TikTok Shop","blog","marketplace sellers; instagram shops; small ecommerce teams","Instagram Shop; TikTok Shop","reels-from-product-image","index_when_content_ready","draft","Validate in Google Keyword Planner, Yandex Wordstat, and Bing Webmaster Tools before expanding publication."
"keyword_046","formats and social","P1","how-to","MOFU","en","9:16 format for reels and stories","product photography; marketplace listing image; AI ecommerce photo","9:16 format for reels and stories without a photographer; 9:16 format for reels and stories for marketplace sellers","how to 9:16 format for reels and stories?; how to review AI product photos before publishing?","Instagram Shop; TikTok Shop","blog","marketplace sellers; instagram shops; small ecommerce teams","Instagram Shop; TikTok Shop","reels-from-product-image","index_when_content_ready","draft","Validate in Google Keyword Planner, Yandex Wordstat, and Bing Webmaster Tools before expanding publication."
"keyword_047","formats and social","P0","how-to","MOFU","ru","как сделать reels из фото товара","???????? ????; ???????? ??????; AI ??? ????????????","как сделать reels из фото товара ??? ?????????; как сделать reels из фото товара ??? ????????????","??? как сделать reels из фото товара?; ??? ????????? AI-???? ????? ????????????","Instagram Shop","blog","marketplace sellers; instagram shops; small ecommerce teams","Instagram Shop","reels-from-product-image","index_when_content_ready","draft","Validate in Google Keyword Planner, Yandex Wordstat, and Bing Webmaster Tools before expanding publication."
"keyword_047","formats and social","P0","how-to","MOFU","en","how to make reels from a product photo","product photography; marketplace listing image; AI ecommerce photo","how to make reels from a product photo without a photographer; how to make reels from a product photo for marketplace sellers","how to how to make reels from a product photo?; how to review AI product photos before publishing?","Instagram Shop","blog","marketplace sellers; instagram shops; small ecommerce teams","Instagram Shop","reels-from-product-image","index_when_content_ready","draft","Validate in Google Keyword Planner, Yandex Wordstat, and Bing Webmaster Tools before expanding publication."
"keyword_048","formats and social","P0","how-to","MOFU","ru","как сделать видео товара из фотографии","???????? ????; ???????? ??????; AI ??? ????????????","как сделать видео товара из фотографии ??? ?????????; как сделать видео товара из фотографии ??? ????????????","??? как сделать видео товара из фотографии?; ??? ????????? AI-???? ????? ????????????","Ozon; Shopify; TikTok Shop","blog","marketplace sellers; instagram shops; small ecommerce teams","Ozon; Shopify; TikTok Shop","product-video-from-photo","index_when_content_ready","draft","Validate in Google Keyword Planner, Yandex Wordstat, and Bing Webmaster Tools before expanding publication."
"keyword_048","formats and social","P0","how-to","MOFU","en","how to create a product video from a photo","product photography; marketplace listing image; AI ecommerce photo","how to create a product video from a photo without a photographer; how to create a product video from a photo for marketplace sellers","how to how to create a product video from a photo?; how to review AI product photos before publishing?","Ozon; Shopify; TikTok Shop","blog","marketplace sellers; instagram shops; small ecommerce teams","Ozon; Shopify; TikTok Shop","product-video-from-photo","index_when_content_ready","draft","Validate in Google Keyword Planner, Yandex Wordstat, and Bing Webmaster Tools before expanding publication."
"keyword_049","formats and social","P1","how-to","MOFU","ru","как подготовить фото для instagram","???????? ????; ???????? ??????; AI ??? ????????????","как подготовить фото для instagram ??? ?????????; как подготовить фото для instagram ??? ????????????","??? как подготовить фото для instagram?; ??? ????????? AI-???? ????? ????????????","Instagram Shop","blog","marketplace sellers; instagram shops; small ecommerce teams","Instagram Shop","instagram-product-photos","index_when_content_ready","draft","Validate in Google Keyword Planner, Yandex Wordstat, and Bing Webmaster Tools before expanding publication."
"keyword_049","formats and social","P1","how-to","MOFU","en","how to prepare product photos for instagram","product photography; marketplace listing image; AI ecommerce photo","how to prepare product photos for instagram without a photographer; how to prepare product photos for instagram for marketplace sellers","how to how to prepare product photos for instagram?; how to review AI product photos before publishing?","Instagram Shop","blog","marketplace sellers; instagram shops; small ecommerce teams","Instagram Shop","instagram-product-photos","index_when_content_ready","draft","Validate in Google Keyword Planner, Yandex Wordstat, and Bing Webmaster Tools before expanding publication."
"keyword_050","formats and social","P1","how-to","MOFU","ru","как сделать баннер товара для рекламы","???????? ????; ???????? ??????; AI ??? ????????????","как сделать баннер товара для рекламы ??? ?????????; как сделать баннер товара для рекламы ??? ????????????","??? как сделать баннер товара для рекламы?; ??? ????????? AI-???? ????? ????????????","Shopify; Instagram Shop","blog","marketplace sellers; instagram shops; small ecommerce teams","Shopify; Instagram Shop","creative-product-scene","index_when_content_ready","draft","Validate in Google Keyword Planner, Yandex Wordstat, and Bing Webmaster Tools before expanding publication."
"keyword_050","formats and social","P1","how-to","MOFU","en","how to make a product banner for ads","product photography; marketplace listing image; AI ecommerce photo","how to make a product banner for ads without a photographer; how to make a product banner for ads for marketplace sellers","how to how to make a product banner for ads?; how to review AI product photos before publishing?","Shopify; Instagram Shop","blog","marketplace sellers; instagram shops; small ecommerce teams","Shopify; Instagram Shop","creative-product-scene","index_when_content_ready","draft","Validate in Google Keyword Planner, Yandex Wordstat, and Bing Webmaster Tools before expanding publication."
"keyword_051","formats and social","P1","how-to","MOFU","ru","как адаптировать фото товара под разные площадки","???????? ????; ???????? ??????; AI ??? ????????????","как адаптировать фото товара под разные площадки ??? ?????????; как адаптировать фото товара под разные площадки ??? ????????????","??? как адаптировать фото товара под разные площадки?; ??? ????????? AI-???? ????? ????????????","Kaspi; Amazon; Etsy","blog","marketplace sellers; instagram shops; small ecommerce teams","Kaspi; Amazon; Etsy","ecommerce-catalog-photos","index_when_content_ready","draft","Validate in Google Keyword Planner, Yandex Wordstat, and Bing Webmaster Tools before expanding publication."
"keyword_051","formats and social","P1","how-to","MOFU","en","how to adapt product photos for different platforms","product photography; marketplace listing image; AI ecommerce photo","how to adapt product photos for different platforms without a photographer; how to adapt product photos for different platforms for marketplace sellers","how to how to adapt product photos for different platforms?; how to review AI product photos before publishing?","Kaspi; Amazon; Etsy","blog","marketplace sellers; instagram shops; small ecommerce teams","Kaspi; Amazon; Etsy","ecommerce-catalog-photos","index_when_content_ready","draft","Validate in Google Keyword Planner, Yandex Wordstat, and Bing Webmaster Tools before expanding publication."
"keyword_052","formats and social","P1","how-to","MOFU","ru","как сделать вертикальное фото товара","???????? ????; ???????? ??????; AI ??? ????????????","как сделать вертикальное фото товара ??? ?????????; как сделать вертикальное фото товара ??? ????????????","??? как сделать вертикальное фото товара?; ??? ????????? AI-???? ????? ????????????","Instagram Shop; TikTok Shop","blog","marketplace sellers; instagram shops; small ecommerce teams","Instagram Shop; TikTok Shop","instagram-product-photos","index_when_content_ready","draft","Validate in Google Keyword Planner, Yandex Wordstat, and Bing Webmaster Tools before expanding publication."
"keyword_052","formats and social","P1","how-to","MOFU","en","how to make a vertical product photo","product photography; marketplace listing image; AI ecommerce photo","how to make a vertical product photo without a photographer; how to make a vertical product photo for marketplace sellers","how to how to make a vertical product photo?; how to review AI product photos before publishing?","Instagram Shop; TikTok Shop","blog","marketplace sellers; instagram shops; small ecommerce teams","Instagram Shop; TikTok Shop","instagram-product-photos","index_when_content_ready","draft","Validate in Google Keyword Planner, Yandex Wordstat, and Bing Webmaster Tools before expanding publication."
"keyword_053","formats and social","P1","how-to","MOFU","ru","как сделать горизонтальное фото товара","???????? ????; ???????? ??????; AI ??? ????????????","как сделать горизонтальное фото товара ??? ?????????; как сделать горизонтальное фото товара ??? ????????????","??? как сделать горизонтальное фото товара?; ??? ????????? AI-???? ????? ????????????","Shopify","blog","marketplace sellers; instagram shops; small ecommerce teams","Shopify","ecommerce-catalog-photos","index_when_content_ready","draft","Validate in Google Keyword Planner, Yandex Wordstat, and Bing Webmaster Tools before expanding publication."
"keyword_053","formats and social","P1","how-to","MOFU","en","how to make a horizontal product photo","product photography; marketplace listing image; AI ecommerce photo","how to make a horizontal product photo without a photographer; how to make a horizontal product photo for marketplace sellers","how to how to make a horizontal product photo?; how to review AI product photos before publishing?","Shopify","blog","marketplace sellers; instagram shops; small ecommerce teams","Shopify","ecommerce-catalog-photos","index_when_content_ready","draft","Validate in Google Keyword Planner, Yandex Wordstat, and Bing Webmaster Tools before expanding publication."
"keyword_054","workflow / SaaS / business","P1","how-to","MOFU","ru","как продавцу быстро подготовить каталог товаров","???????? ????; ???????? ??????; AI ??? ????????????","как продавцу быстро подготовить каталог товаров ??? ?????????; как продавцу быстро подготовить каталог товаров ??? ????????????","??? как продавцу быстро подготовить каталог товаров?; ??? ????????? AI-???? ????? ????????????","Shopify; Kaspi","blog","marketplace sellers; instagram shops; small ecommerce teams","Shopify; Kaspi","ecommerce-catalog-photos","index_when_content_ready","draft","Validate in Google Keyword Planner, Yandex Wordstat, and Bing Webmaster Tools before expanding publication."
"keyword_054","workflow / SaaS / business","P1","how-to","MOFU","en","how sellers can prepare a product catalog quickly","product photography; marketplace listing image; AI ecommerce photo","how sellers can prepare a product catalog quickly without a photographer; how sellers can prepare a product catalog quickly for marketplace sellers","how to how sellers can prepare a product catalog quickly?; how to review AI product photos before publishing?","Shopify; Kaspi","blog","marketplace sellers; instagram shops; small ecommerce teams","Shopify; Kaspi","ecommerce-catalog-photos","index_when_content_ready","draft","Validate in Google Keyword Planner, Yandex Wordstat, and Bing Webmaster Tools before expanding publication."
"keyword_055","workflow / SaaS / business","P1","how-to","MOFU","ru","как менеджеру маркетплейса ускорить контент","???????? ????; ???????? ??????; AI ??? ????????????","как менеджеру маркетплейса ускорить контент ??? ?????????; как менеджеру маркетплейса ускорить контент ??? ????????????","??? как менеджеру маркетплейса ускорить контент?; ??? ????????? AI-???? ????? ????????????","Kaspi; Wildberries; Ozon","blog","marketplace sellers; instagram shops; small ecommerce teams","Kaspi; Wildberries; Ozon","marketplace-content-manager-workflow","index_when_content_ready","draft","Validate in Google Keyword Planner, Yandex Wordstat, and Bing Webmaster Tools before expanding publication."
"keyword_055","workflow / SaaS / business","P1","how-to","MOFU","en","how marketplace managers can speed up content","product photography; marketplace listing image; AI ecommerce photo","how marketplace managers can speed up content without a photographer; how marketplace managers can speed up content for marketplace sellers","how to how marketplace managers can speed up content?; how to review AI product photos before publishing?","Kaspi; Wildberries; Ozon","blog","marketplace sellers; instagram shops; small ecommerce teams","Kaspi; Wildberries; Ozon","marketplace-content-manager-workflow","index_when_content_ready","draft","Validate in Google Keyword Planner, Yandex Wordstat, and Bing Webmaster Tools before expanding publication."
"keyword_056","workflow / SaaS / business","P1","how-to","MOFU","ru","как шоуруму сделать фото товаров без фотографа","???????? ????; ???????? ??????; AI ??? ????????????","как шоуруму сделать фото товаров без фотографа ??? ?????????; как шоуруму сделать фото товаров без фотографа ??? ????????????","??? как шоуруму сделать фото товаров без фотографа?; ??? ????????? AI-???? ????? ????????????","Instagram Shop; Shopify","blog","marketplace sellers; instagram shops; small ecommerce teams","Instagram Shop; Shopify","showroom-product-photos","index_when_content_ready","draft","Validate in Google Keyword Planner, Yandex Wordstat, and Bing Webmaster Tools before expanding publication."
"keyword_056","workflow / SaaS / business","P1","how-to","MOFU","en","how a showroom can create product photos without a photographer","product photography; marketplace listing image; AI ecommerce photo","how a showroom can create product photos without a photographer without a photographer; how a showroom can create product photos without a photographer for marketplace sellers","how to how a showroom can create product photos without a photographer?; how to review AI product photos before publishing?","Instagram Shop; Shopify","blog","marketplace sellers; instagram shops; small ecommerce teams","Instagram Shop; Shopify","showroom-product-photos","index_when_content_ready","draft","Validate in Google Keyword Planner, Yandex Wordstat, and Bing Webmaster Tools before expanding publication."
"keyword_057","workflow / SaaS / business","P1","how-to","MOFU","ru","как поставщику подготовить каталог для клиентов","???????? ????; ???????? ??????; AI ??? ????????????","как поставщику подготовить каталог для клиентов ??? ?????????; как поставщику подготовить каталог для клиентов ??? ????????????","??? как поставщику подготовить каталог для клиентов?; ??? ????????? AI-???? ????? ????????????","AliExpress; Temu","blog","marketplace sellers; instagram shops; small ecommerce teams","AliExpress; Temu","supplier-catalog-photos","index_when_content_ready","draft","Validate in Google Keyword Planner, Yandex Wordstat, and Bing Webmaster Tools before expanding publication."
"keyword_057","workflow / SaaS / business","P1","how-to","MOFU","en","how suppliers can prepare a catalog for clients","product photography; marketplace listing image; AI ecommerce photo","how suppliers can prepare a catalog for clients without a photographer; how suppliers can prepare a catalog for clients for marketplace sellers","how to how suppliers can prepare a catalog for clients?; how to review AI product photos before publishing?","AliExpress; Temu","blog","marketplace sellers; instagram shops; small ecommerce teams","AliExpress; Temu","supplier-catalog-photos","index_when_content_ready","draft","Validate in Google Keyword Planner, Yandex Wordstat, and Bing Webmaster Tools before expanding publication."
"keyword_058","workflow / SaaS / business","P1","how-to","MOFU","ru","как малому бизнесу сделать карточки товаров","???????? ????; ???????? ??????; AI ??? ????????????","как малому бизнесу сделать карточки товаров ??? ?????????; как малому бизнесу сделать карточки товаров ??? ????????????","??? как малому бизнесу сделать карточки товаров?; ??? ????????? AI-???? ????? ????????????","OLX; Facebook Marketplace","blog","marketplace sellers; instagram shops; small ecommerce teams","OLX; Facebook Marketplace","small-business-product-photos","index_when_content_ready","draft","Validate in Google Keyword Planner, Yandex Wordstat, and Bing Webmaster Tools before expanding publication."
"keyword_058","workflow / SaaS / business","P1","how-to","MOFU","en","how small businesses can create product cards","product photography; marketplace listing image; AI ecommerce photo","how small businesses can create product cards without a photographer; how small businesses can create product cards for marketplace sellers","how to how small businesses can create product cards?; how to review AI product photos before publishing?","OLX; Facebook Marketplace","blog","marketplace sellers; instagram shops; small ecommerce teams","OLX; Facebook Marketplace","small-business-product-photos","index_when_content_ready","draft","Validate in Google Keyword Planner, Yandex Wordstat, and Bing Webmaster Tools before expanding publication."
"keyword_059","workflow / SaaS / business","P1","informational","TOFU","ru","как сэкономить на товарной фотосъёмке","???????? ????; ???????? ??????; AI ??? ????????????","как сэкономить на товарной фотосъёмке ??? ?????????; как сэкономить на товарной фотосъёмке ??? ????????????","??? как сэкономить на товарной фотосъёмке?; ??? ????????? AI-???? ????? ????????????","Shopify","blog","marketplace sellers; instagram shops; small ecommerce teams","Shopify","ecommerce-catalog-photos","index_when_content_ready","draft","Validate in Google Keyword Planner, Yandex Wordstat, and Bing Webmaster Tools before expanding publication."
"keyword_059","workflow / SaaS / business","P1","informational","TOFU","en","how to reduce product photoshoot costs","product photography; marketplace listing image; AI ecommerce photo","how to reduce product photoshoot costs without a photographer; how to reduce product photoshoot costs for marketplace sellers","how to how to reduce product photoshoot costs?; how to review AI product photos before publishing?","Shopify","blog","marketplace sellers; instagram shops; small ecommerce teams","Shopify","ecommerce-catalog-photos","index_when_content_ready","draft","Validate in Google Keyword Planner, Yandex Wordstat, and Bing Webmaster Tools before expanding publication."
"keyword_060","workflow / SaaS / business","P1","comparison","MOFU","ru","когда ai-фото лучше фотосессии","???????? ????; ???????? ??????; AI ??? ????????????","когда ai-фото лучше фотосессии ??? ?????????; когда ai-фото лучше фотосессии ??? ????????????","??? когда ai-фото лучше фотосессии?; ??? ????????? AI-???? ????? ????????????","Shopify","comparison page","marketplace sellers; instagram shops; small ecommerce teams","Shopify","ecommerce-catalog-photos","index_when_content_ready","draft","Validate in Google Keyword Planner, Yandex Wordstat, and Bing Webmaster Tools before expanding publication."
"keyword_060","workflow / SaaS / business","P1","comparison","MOFU","en","when ai product photos are better than a photoshoot","product photography; marketplace listing image; AI ecommerce photo","when ai product photos are better than a photoshoot without a photographer; when ai product photos are better than a photoshoot for marketplace sellers","how to when ai product photos are better than a photoshoot?; how to review AI product photos before publishing?","Shopify","comparison page","marketplace sellers; instagram shops; small ecommerce teams","Shopify","ecommerce-catalog-photos","index_when_content_ready","draft","Validate in Google Keyword Planner, Yandex Wordstat, and Bing Webmaster Tools before expanding publication."
"keyword_061","workflow / SaaS / business","P1","comparison","MOFU","ru","когда ai-фото не подходит","???????? ????; ???????? ??????; AI ??? ????????????","когда ai-фото не подходит ??? ?????????; когда ai-фото не подходит ??? ????????????","??? когда ai-фото не подходит?; ??? ????????? AI-???? ????? ????????????","Amazon; Kaspi","comparison page","marketplace sellers; instagram shops; small ecommerce teams","Amazon; Kaspi","exact-product-card","index_when_content_ready","draft","Validate in Google Keyword Planner, Yandex Wordstat, and Bing Webmaster Tools before expanding publication."
"keyword_061","workflow / SaaS / business","P1","comparison","MOFU","en","when ai product photos are not a fit","product photography; marketplace listing image; AI ecommerce photo","when ai product photos are not a fit without a photographer; when ai product photos are not a fit for marketplace sellers","how to when ai product photos are not a fit?; how to review AI product photos before publishing?","Amazon; Kaspi","comparison page","marketplace sellers; instagram shops; small ecommerce teams","Amazon; Kaspi","exact-product-card","index_when_content_ready","draft","Validate in Google Keyword Planner, Yandex Wordstat, and Bing Webmaster Tools before expanding publication."
"keyword_062","workflow / SaaS / business","P1","how-to","MOFU","ru","как организовать workflow товарного контента","???????? ????; ???????? ??????; AI ??? ????????????","как организовать workflow товарного контента ??? ?????????; как организовать workflow товарного контента ??? ????????????","??? как организовать workflow товарного контента?; ??? ????????? AI-???? ????? ????????????","Kaspi; Shopify","blog","marketplace sellers; instagram shops; small ecommerce teams","Kaspi; Shopify","marketplace-content-manager-workflow","index_when_content_ready","draft","Validate in Google Keyword Planner, Yandex Wordstat, and Bing Webmaster Tools before expanding publication."
"keyword_062","workflow / SaaS / business","P1","how-to","MOFU","en","how to organize a product content workflow","product photography; marketplace listing image; AI ecommerce photo","how to organize a product content workflow without a photographer; how to organize a product content workflow for marketplace sellers","how to how to organize a product content workflow?; how to review AI product photos before publishing?","Kaspi; Shopify","blog","marketplace sellers; instagram shops; small ecommerce teams","Kaspi; Shopify","marketplace-content-manager-workflow","index_when_content_ready","draft","Validate in Google Keyword Planner, Yandex Wordstat, and Bing Webmaster Tools before expanding publication."
"keyword_063","workflow / SaaS / business","P1","how-to","MOFU","ru","как проверять качество ai-карточек","???????? ????; ???????? ??????; AI ??? ????????????","как проверять качество ai-карточек ??? ?????????; как проверять качество ai-карточек ??? ????????????","??? как проверять качество ai-карточек?; ??? ????????? AI-???? ????? ????????????","Kaspi; Amazon","blog","marketplace sellers; instagram shops; small ecommerce teams","Kaspi; Amazon","exact-product-card","index_when_content_ready","draft","Validate in Google Keyword Planner, Yandex Wordstat, and Bing Webmaster Tools before expanding publication."
"keyword_063","workflow / SaaS / business","P1","how-to","MOFU","en","how to check the quality of ai product cards","product photography; marketplace listing image; AI ecommerce photo","how to check the quality of ai product cards without a photographer; how to check the quality of ai product cards for marketplace sellers","how to how to check the quality of ai product cards?; how to review AI product photos before publishing?","Kaspi; Amazon","blog","marketplace sellers; instagram shops; small ecommerce teams","Kaspi; Amazon","exact-product-card","index_when_content_ready","draft","Validate in Google Keyword Planner, Yandex Wordstat, and Bing Webmaster Tools before expanding publication."
"keyword_064","background / cleanup","P2","how-to","MOFU","ru","как удалить фон с фото товара","???????? ????; ???????? ??????; AI ??? ????????????","как удалить фон с фото товара ??? ?????????; как удалить фон с фото товара ??? ????????????","??? как удалить фон с фото товара?; ??? ????????? AI-???? ????? ????????????","Amazon; eBay","blog","marketplace sellers; instagram shops; small ecommerce teams","Amazon; eBay","product-photo-cleanup","index_when_content_ready","draft","Validate in Google Keyword Planner, Yandex Wordstat, and Bing Webmaster Tools before expanding publication."
"keyword_064","background / cleanup","P2","how-to","MOFU","en","how to remove the background from a product photo","product photography; marketplace listing image; AI ecommerce photo","how to remove the background from a product photo without a photographer; how to remove the background from a product photo for marketplace sellers","how to how to remove the background from a product photo?; how to review AI product photos before publishing?","Amazon; eBay","blog","marketplace sellers; instagram shops; small ecommerce teams","Amazon; eBay","product-photo-cleanup","index_when_content_ready","draft","Validate in Google Keyword Planner, Yandex Wordstat, and Bing Webmaster Tools before expanding publication."
"keyword_065","background / cleanup","P0","how-to","MOFU","ru","как заменить фон у товара","???????? ????; ???????? ??????; AI ??? ????????????","как заменить фон у товара ??? ?????????; как заменить фон у товара ??? ????????????","??? как заменить фон у товара?; ??? ????????? AI-???? ????? ????????????","Shopify; Instagram Shop","blog","marketplace sellers; instagram shops; small ecommerce teams","Shopify; Instagram Shop","ai-background-replacement","index_when_content_ready","draft","Validate in Google Keyword Planner, Yandex Wordstat, and Bing Webmaster Tools before expanding publication."
"keyword_065","background / cleanup","P0","how-to","MOFU","en","how to replace a product background","product photography; marketplace listing image; AI ecommerce photo","how to replace a product background without a photographer; how to replace a product background for marketplace sellers","how to how to replace a product background?; how to review AI product photos before publishing?","Shopify; Instagram Shop","blog","marketplace sellers; instagram shops; small ecommerce teams","Shopify; Instagram Shop","ai-background-replacement","index_when_content_ready","draft","Validate in Google Keyword Planner, Yandex Wordstat, and Bing Webmaster Tools before expanding publication."
"keyword_066","background / cleanup","P2","comparison","MOFU","ru","белый фон или lifestyle-сцена: что выбрать","???????? ????; ???????? ??????; AI ??? ????????????","белый фон или lifestyle-сцена: что выбрать ??? ?????????; белый фон или lifestyle-сцена: что выбрать ??? ????????????","??? белый фон или lifestyle-сцена: что выбрать?; ??? ????????? AI-???? ????? ????????????","Amazon; Etsy","comparison page","marketplace sellers; instagram shops; small ecommerce teams","Amazon; Etsy","marketplace-white-background; creative-product-scene","index_when_content_ready","draft","Validate in Google Keyword Planner, Yandex Wordstat, and Bing Webmaster Tools before expanding publication."
"keyword_066","background / cleanup","P2","comparison","MOFU","en","white background or lifestyle scene: what to choose","product photography; marketplace listing image; AI ecommerce photo","white background or lifestyle scene: what to choose without a photographer; white background or lifestyle scene: what to choose for marketplace sellers","how to white background or lifestyle scene: what to choose?; how to review AI product photos before publishing?","Amazon; Etsy","comparison page","marketplace sellers; instagram shops; small ecommerce teams","Amazon; Etsy","marketplace-white-background; creative-product-scene","index_when_content_ready","draft","Validate in Google Keyword Planner, Yandex Wordstat, and Bing Webmaster Tools before expanding publication."
"keyword_067","background / cleanup","P0","how-to","MOFU","ru","как убрать лишние предметы с фото товара","???????? ????; ???????? ??????; AI ??? ????????????","как убрать лишние предметы с фото товара ??? ?????????; как убрать лишние предметы с фото товара ??? ????????????","??? как убрать лишние предметы с фото товара?; ??? ????????? AI-???? ????? ????????????","OLX; Kaspi","blog","marketplace sellers; instagram shops; small ecommerce teams","OLX; Kaspi","product-photo-cleanup","index_when_content_ready","draft","Validate in Google Keyword Planner, Yandex Wordstat, and Bing Webmaster Tools before expanding publication."
"keyword_067","background / cleanup","P0","how-to","MOFU","en","how to remove unwanted objects from a product photo","product photography; marketplace listing image; AI ecommerce photo","how to remove unwanted objects from a product photo without a photographer; how to remove unwanted objects from a product photo for marketplace sellers","how to how to remove unwanted objects from a product photo?; how to review AI product photos before publishing?","OLX; Kaspi","blog","marketplace sellers; instagram shops; small ecommerce teams","OLX; Kaspi","product-photo-cleanup","index_when_content_ready","draft","Validate in Google Keyword Planner, Yandex Wordstat, and Bing Webmaster Tools before expanding publication."
"keyword_068","background / cleanup","P2","how-to","MOFU","ru","как выделить товар на фото","???????? ????; ???????? ??????; AI ??? ????????????","как выделить товар на фото ??? ?????????; как выделить товар на фото ??? ????????????","??? как выделить товар на фото?; ??? ????????? AI-???? ????? ????????????","eBay; Amazon","blog","marketplace sellers; instagram shops; small ecommerce teams","eBay; Amazon","product-photo-cleanup","index_when_content_ready","draft","Validate in Google Keyword Planner, Yandex Wordstat, and Bing Webmaster Tools before expanding publication."
"keyword_068","background / cleanup","P2","how-to","MOFU","en","how to isolate a product in a photo","product photography; marketplace listing image; AI ecommerce photo","how to isolate a product in a photo without a photographer; how to isolate a product in a photo for marketplace sellers","how to how to isolate a product in a photo?; how to review AI product photos before publishing?","eBay; Amazon","blog","marketplace sellers; instagram shops; small ecommerce teams","eBay; Amazon","product-photo-cleanup","index_when_content_ready","draft","Validate in Google Keyword Planner, Yandex Wordstat, and Bing Webmaster Tools before expanding publication."
"keyword_069","background / cleanup","P2","how-to","MOFU","ru","как сделать фон для товара на улице","???????? ????; ???????? ??????; AI ??? ????????????","как сделать фон для товара на улице ??? ?????????; как сделать фон для товара на улице ??? ????????????","??? как сделать фон для товара на улице?; ??? ????????? AI-???? ????? ????????????","Instagram Shop","blog","marketplace sellers; instagram shops; small ecommerce teams","Instagram Shop","creative-product-scene","index_when_content_ready","draft","Validate in Google Keyword Planner, Yandex Wordstat, and Bing Webmaster Tools before expanding publication."
"keyword_069","background / cleanup","P2","how-to","MOFU","en","how to create an outdoor background for a product","product photography; marketplace listing image; AI ecommerce photo","how to create an outdoor background for a product without a photographer; how to create an outdoor background for a product for marketplace sellers","how to how to create an outdoor background for a product?; how to review AI product photos before publishing?","Instagram Shop","blog","marketplace sellers; instagram shops; small ecommerce teams","Instagram Shop","creative-product-scene","index_when_content_ready","draft","Validate in Google Keyword Planner, Yandex Wordstat, and Bing Webmaster Tools before expanding publication."
"keyword_070","background / cleanup","P2","how-to","MOFU","ru","как сделать студийный фон для товара","???????? ????; ???????? ??????; AI ??? ????????????","как сделать студийный фон для товара ??? ?????????; как сделать студийный фон для товара ??? ????????????","??? как сделать студийный фон для товара?; ??? ????????? AI-???? ????? ????????????","Shopify","blog","marketplace sellers; instagram shops; small ecommerce teams","Shopify","ai-background-replacement","index_when_content_ready","draft","Validate in Google Keyword Planner, Yandex Wordstat, and Bing Webmaster Tools before expanding publication."
"keyword_070","background / cleanup","P2","how-to","MOFU","en","how to create a studio background for a product","product photography; marketplace listing image; AI ecommerce photo","how to create a studio background for a product without a photographer; how to create a studio background for a product for marketplace sellers","how to how to create a studio background for a product?; how to review AI product photos before publishing?","Shopify","blog","marketplace sellers; instagram shops; small ecommerce teams","Shopify","ai-background-replacement","index_when_content_ready","draft","Validate in Google Keyword Planner, Yandex Wordstat, and Bing Webmaster Tools before expanding publication."
"keyword_071","background / cleanup","P2","how-to","MOFU","ru","как сделать luxury-фон для товара","???????? ????; ???????? ??????; AI ??? ????????????","как сделать luxury-фон для товара ??? ?????????; как сделать luxury-фон для товара ??? ????????????","??? как сделать luxury-фон для товара?; ??? ????????? AI-???? ????? ????????????","Etsy; Instagram Shop","blog","marketplace sellers; instagram shops; small ecommerce teams","Etsy; Instagram Shop","creative-product-scene","index_when_content_ready","draft","Validate in Google Keyword Planner, Yandex Wordstat, and Bing Webmaster Tools before expanding publication."
"keyword_071","background / cleanup","P2","how-to","MOFU","en","how to create a luxury background for a product","product photography; marketplace listing image; AI ecommerce photo","how to create a luxury background for a product without a photographer; how to create a luxury background for a product for marketplace sellers","how to how to create a luxury background for a product?; how to review AI product photos before publishing?","Etsy; Instagram Shop","blog","marketplace sellers; instagram shops; small ecommerce teams","Etsy; Instagram Shop","creative-product-scene","index_when_content_ready","draft","Validate in Google Keyword Planner, Yandex Wordstat, and Bing Webmaster Tools before expanding publication."
"keyword_072","background / cleanup","P2","how-to","MOFU","ru","как не испортить товар при замене фона","???????? ????; ???????? ??????; AI ??? ????????????","как не испортить товар при замене фона ??? ?????????; как не испортить товар при замене фона ??? ????????????","??? как не испортить товар при замене фона?; ??? ????????? AI-???? ????? ????????????","Amazon; Kaspi","blog","marketplace sellers; instagram shops; small ecommerce teams","Amazon; Kaspi","ai-background-replacement","index_when_content_ready","draft","Validate in Google Keyword Planner, Yandex Wordstat, and Bing Webmaster Tools before expanding publication."
"keyword_072","background / cleanup","P2","how-to","MOFU","en","how to avoid damaging product accuracy when changing backgrounds","product photography; marketplace listing image; AI ecommerce photo","how to avoid damaging product accuracy when changing backgrounds without a photographer; how to avoid damaging product accuracy when changing backgrounds for marketplace sellers","how to how to avoid damaging product accuracy when changing backgrounds?; how to review AI product photos before publishing?","Amazon; Kaspi","blog","marketplace sellers; instagram shops; small ecommerce teams","Amazon; Kaspi","ai-background-replacement","index_when_content_ready","draft","Validate in Google Keyword Planner, Yandex Wordstat, and Bing Webmaster Tools before expanding publication."
"keyword_073","background / cleanup","P2","how-to","MOFU","ru","как подготовить фото с плохим фоном","???????? ????; ???????? ??????; AI ??? ????????????","как подготовить фото с плохим фоном ??? ?????????; как подготовить фото с плохим фоном ??? ????????????","??? как подготовить фото с плохим фоном?; ??? ????????? AI-???? ????? ????????????","OLX; Facebook Marketplace","blog","marketplace sellers; instagram shops; small ecommerce teams","OLX; Facebook Marketplace","product-photo-cleanup","index_when_content_ready","draft","Validate in Google Keyword Planner, Yandex Wordstat, and Bing Webmaster Tools before expanding publication."
"keyword_073","background / cleanup","P2","how-to","MOFU","en","how to prepare a product photo with a bad background","product photography; marketplace listing image; AI ecommerce photo","how to prepare a product photo with a bad background without a photographer; how to prepare a product photo with a bad background for marketplace sellers","how to how to prepare a product photo with a bad background?; how to review AI product photos before publishing?","OLX; Facebook Marketplace","blog","marketplace sellers; instagram shops; small ecommerce teams","OLX; Facebook Marketplace","product-photo-cleanup","index_when_content_ready","draft","Validate in Google Keyword Planner, Yandex Wordstat, and Bing Webmaster Tools before expanding publication."
"keyword_074","comparison","P0","comparison","MOFU","ru","ai-фото или фотосессия: что выбрать","???????? ????; ???????? ??????; AI ??? ????????????","ai-фото или фотосессия: что выбрать ??? ?????????; ai-фото или фотосессия: что выбрать ??? ????????????","??? ai-фото или фотосессия: что выбрать?; ??? ????????? AI-???? ????? ????????????","Shopify","comparison page","marketplace sellers; instagram shops; small ecommerce teams","Shopify","ecommerce-catalog-photos","index_when_content_ready","draft","Validate in Google Keyword Planner, Yandex Wordstat, and Bing Webmaster Tools before expanding publication."
"keyword_074","comparison","P0","comparison","MOFU","en","ai product photos or a photoshoot: what to choose","product photography; marketplace listing image; AI ecommerce photo","ai product photos or a photoshoot: what to choose without a photographer; ai product photos or a photoshoot: what to choose for marketplace sellers","how to ai product photos or a photoshoot: what to choose?; how to review AI product photos before publishing?","Shopify","comparison page","marketplace sellers; instagram shops; small ecommerce teams","Shopify","ecommerce-catalog-photos","index_when_content_ready","draft","Validate in Google Keyword Planner, Yandex Wordstat, and Bing Webmaster Tools before expanding publication."
"keyword_075","comparison","P2","comparison","MOFU","ru","product shot или одежда на модели","???????? ????; ???????? ??????; AI ??? ????????????","product shot или одежда на модели ??? ?????????; product shot или одежда на модели ??? ????????????","??? product shot или одежда на модели?; ??? ????????? AI-???? ????? ????????????","Wildberries; Shopify","comparison page","marketplace sellers; instagram shops; small ecommerce teams","Wildberries; Shopify","exact-product-card; clothing-on-model","index_when_content_ready","draft","Validate in Google Keyword Planner, Yandex Wordstat, and Bing Webmaster Tools before expanding publication."
"keyword_075","comparison","P2","comparison","MOFU","en","product shot or clothing on model","product photography; marketplace listing image; AI ecommerce photo","product shot or clothing on model without a photographer; product shot or clothing on model for marketplace sellers","how to product shot or clothing on model?; how to review AI product photos before publishing?","Wildberries; Shopify","comparison page","marketplace sellers; instagram shops; small ecommerce teams","Wildberries; Shopify","exact-product-card; clothing-on-model","index_when_content_ready","draft","Validate in Google Keyword Planner, Yandex Wordstat, and Bing Webmaster Tools before expanding publication."
"keyword_076","comparison","P2","comparison","MOFU","ru","белый фон или креативная сцена","???????? ????; ???????? ??????; AI ??? ????????????","белый фон или креативная сцена ??? ?????????; белый фон или креативная сцена ??? ????????????","??? белый фон или креативная сцена?; ??? ????????? AI-???? ????? ????????????","Amazon; Etsy","comparison page","marketplace sellers; instagram shops; small ecommerce teams","Amazon; Etsy","marketplace-white-background; creative-product-scene","index_when_content_ready","draft","Validate in Google Keyword Planner, Yandex Wordstat, and Bing Webmaster Tools before expanding publication."
"keyword_076","comparison","P2","comparison","MOFU","en","white background or creative scene","product photography; marketplace listing image; AI ecommerce photo","white background or creative scene without a photographer; white background or creative scene for marketplace sellers","how to white background or creative scene?; how to review AI product photos before publishing?","Amazon; Etsy","comparison page","marketplace sellers; instagram shops; small ecommerce teams","Amazon; Etsy","marketplace-white-background; creative-product-scene","index_when_content_ready","draft","Validate in Google Keyword Planner, Yandex Wordstat, and Bing Webmaster Tools before expanding publication."
"keyword_077","comparison","P2","comparison","MOFU","ru","ai-модель или реальная модель","???????? ????; ???????? ??????; AI ??? ????????????","ai-модель или реальная модель ??? ?????????; ai-модель или реальная модель ??? ????????????","??? ai-модель или реальная модель?; ??? ????????? AI-???? ????? ????????????","Shopify","comparison page","marketplace sellers; instagram shops; small ecommerce teams","Shopify","clothing-on-model","index_when_content_ready","draft","Validate in Google Keyword Planner, Yandex Wordstat, and Bing Webmaster Tools before expanding publication."
"keyword_077","comparison","P2","comparison","MOFU","en","ai model or real model","product photography; marketplace listing image; AI ecommerce photo","ai model or real model without a photographer; ai model or real model for marketplace sellers","how to ai model or real model?; how to review AI product photos before publishing?","Shopify","comparison page","marketplace sellers; instagram shops; small ecommerce teams","Shopify","clothing-on-model","index_when_content_ready","draft","Validate in Google Keyword Planner, Yandex Wordstat, and Bing Webmaster Tools before expanding publication."
"keyword_078","comparison","P2","comparison","MOFU","ru","точная карточка или креативная сцена","???????? ????; ???????? ??????; AI ??? ????????????","точная карточка или креативная сцена ??? ?????????; точная карточка или креативная сцена ??? ????????????","??? точная карточка или креативная сцена?; ??? ????????? AI-???? ????? ????????????","Kaspi; Instagram Shop","comparison page","marketplace sellers; instagram shops; small ecommerce teams","Kaspi; Instagram Shop","exact-product-card; creative-product-scene","index_when_content_ready","draft","Validate in Google Keyword Planner, Yandex Wordstat, and Bing Webmaster Tools before expanding publication."
"keyword_078","comparison","P2","comparison","MOFU","en","exact product card or creative scene","product photography; marketplace listing image; AI ecommerce photo","exact product card or creative scene without a photographer; exact product card or creative scene for marketplace sellers","how to exact product card or creative scene?; how to review AI product photos before publishing?","Kaspi; Instagram Shop","comparison page","marketplace sellers; instagram shops; small ecommerce teams","Kaspi; Instagram Shop","exact-product-card; creative-product-scene","index_when_content_ready","draft","Validate in Google Keyword Planner, Yandex Wordstat, and Bing Webmaster Tools before expanding publication."
"keyword_079","comparison","P2","comparison","MOFU","ru","фото товара или видео товара","???????? ????; ???????? ??????; AI ??? ????????????","фото товара или видео товара ??? ?????????; фото товара или видео товара ??? ????????????","??? фото товара или видео товара?; ??? ????????? AI-???? ????? ????????????","Ozon; TikTok Shop","comparison page","marketplace sellers; instagram shops; small ecommerce teams","Ozon; TikTok Shop","product-video-from-photo","index_when_content_ready","draft","Validate in Google Keyword Planner, Yandex Wordstat, and Bing Webmaster Tools before expanding publication."
"keyword_079","comparison","P2","comparison","MOFU","en","product photo or product video","product photography; marketplace listing image; AI ecommerce photo","product photo or product video without a photographer; product photo or product video for marketplace sellers","how to product photo or product video?; how to review AI product photos before publishing?","Ozon; TikTok Shop","comparison page","marketplace sellers; instagram shops; small ecommerce teams","Ozon; TikTok Shop","product-video-from-photo","index_when_content_ready","draft","Validate in Google Keyword Planner, Yandex Wordstat, and Bing Webmaster Tools before expanding publication."
"keyword_080","comparison","P2","comparison","MOFU","ru","ручное выделение товара или автоудаление фона","???????? ????; ???????? ??????; AI ??? ????????????","ручное выделение товара или автоудаление фона ??? ?????????; ручное выделение товара или автоудаление фона ??? ????????????","??? ручное выделение товара или автоудаление фона?; ??? ????????? AI-???? ????? ????????????","Amazon","comparison page","marketplace sellers; instagram shops; small ecommerce teams","Amazon","product-photo-cleanup","index_when_content_ready","draft","Validate in Google Keyword Planner, Yandex Wordstat, and Bing Webmaster Tools before expanding publication."
"keyword_080","comparison","P2","comparison","MOFU","en","manual product selection or automatic background removal","product photography; marketplace listing image; AI ecommerce photo","manual product selection or automatic background removal without a photographer; manual product selection or automatic background removal for marketplace sellers","how to manual product selection or automatic background removal?; how to review AI product photos before publishing?","Amazon","comparison page","marketplace sellers; instagram shops; small ecommerce teams","Amazon","product-photo-cleanup","index_when_content_ready","draft","Validate in Google Keyword Planner, Yandex Wordstat, and Bing Webmaster Tools before expanding publication."
"keyword_081","comparison","P2","comparison","MOFU","ru","что лучше для маркетплейса: 1:1 или 4:5","???????? ????; ???????? ??????; AI ??? ????????????","что лучше для маркетплейса: 1:1 или 4:5 ??? ?????????; что лучше для маркетплейса: 1:1 или 4:5 ??? ????????????","??? что лучше для маркетплейса: 1:1 или 4:5?; ??? ????????? AI-???? ????? ????????????","Kaspi; Wildberries","comparison page","marketplace sellers; instagram shops; small ecommerce teams","Kaspi; Wildberries","exact-product-card","index_when_content_ready","draft","Validate in Google Keyword Planner, Yandex Wordstat, and Bing Webmaster Tools before expanding publication."
"keyword_081","comparison","P2","comparison","MOFU","en","what is better for marketplaces: 1:1 or 4:5","product photography; marketplace listing image; AI ecommerce photo","what is better for marketplaces: 1:1 or 4:5 without a photographer; what is better for marketplaces: 1:1 or 4:5 for marketplace sellers","how to what is better for marketplaces: 1:1 or 4:5?; how to review AI product photos before publishing?","Kaspi; Wildberries","comparison page","marketplace sellers; instagram shops; small ecommerce teams","Kaspi; Wildberries","exact-product-card","index_when_content_ready","draft","Validate in Google Keyword Planner, Yandex Wordstat, and Bing Webmaster Tools before expanding publication."
"keyword_082","comparison","P2","comparison","MOFU","ru","что лучше для instagram: фото или reels","???????? ????; ???????? ??????; AI ??? ????????????","что лучше для instagram: фото или reels ??? ?????????; что лучше для instagram: фото или reels ??? ????????????","??? что лучше для instagram: фото или reels?; ??? ????????? AI-???? ????? ????????????","Instagram Shop","comparison page","marketplace sellers; instagram shops; small ecommerce teams","Instagram Shop","instagram-product-photos; reels-from-product-image","index_when_content_ready","draft","Validate in Google Keyword Planner, Yandex Wordstat, and Bing Webmaster Tools before expanding publication."
"keyword_082","comparison","P2","comparison","MOFU","en","what is better for instagram: photo or reels","product photography; marketplace listing image; AI ecommerce photo","what is better for instagram: photo or reels without a photographer; what is better for instagram: photo or reels for marketplace sellers","how to what is better for instagram: photo or reels?; how to review AI product photos before publishing?","Instagram Shop","comparison page","marketplace sellers; instagram shops; small ecommerce teams","Instagram Shop","instagram-product-photos; reels-from-product-image","index_when_content_ready","draft","Validate in Google Keyword Planner, Yandex Wordstat, and Bing Webmaster Tools before expanding publication."
"keyword_083","comparison","P2","informational","TOFU","ru","почему разные площадки требуют разные форматы","???????? ????; ???????? ??????; AI ??? ????????????","почему разные площадки требуют разные форматы ??? ?????????; почему разные площадки требуют разные форматы ??? ????????????","??? почему разные площадки требуют разные форматы?; ??? ????????? AI-???? ????? ????????????","Amazon; Etsy; Kaspi","blog","marketplace sellers; instagram shops; small ecommerce teams","Amazon; Etsy; Kaspi","ecommerce-catalog-photos","index_when_content_ready","draft","Validate in Google Keyword Planner, Yandex Wordstat, and Bing Webmaster Tools before expanding publication."
"keyword_083","comparison","P2","informational","TOFU","en","why different platforms need different formats","product photography; marketplace listing image; AI ecommerce photo","why different platforms need different formats without a photographer; why different platforms need different formats for marketplace sellers","how to why different platforms need different formats?; how to review AI product photos before publishing?","Amazon; Etsy; Kaspi","blog","marketplace sellers; instagram shops; small ecommerce teams","Amazon; Etsy; Kaspi","ecommerce-catalog-photos","index_when_content_ready","draft","Validate in Google Keyword Planner, Yandex Wordstat, and Bing Webmaster Tools before expanding publication."
"keyword_084","localization / international sellers","P2","informational","TOFU","ru","как продавать товары на разных маркетплейсах","???????? ????; ???????? ??????; AI ??? ????????????","как продавать товары на разных маркетплейсах ??? ?????????; как продавать товары на разных маркетплейсах ??? ????????????","??? как продавать товары на разных маркетплейсах?; ??? ????????? AI-???? ????? ????????????","Amazon; eBay; Etsy","blog","marketplace sellers; instagram shops; small ecommerce teams","Amazon; eBay; Etsy","supplier-catalog-photos","index_when_content_ready","draft","Validate in Google Keyword Planner, Yandex Wordstat, and Bing Webmaster Tools before expanding publication."
"keyword_084","localization / international sellers","P2","informational","TOFU","en","how to sell products on different marketplaces","product photography; marketplace listing image; AI ecommerce photo","how to sell products on different marketplaces without a photographer; how to sell products on different marketplaces for marketplace sellers","how to how to sell products on different marketplaces?; how to review AI product photos before publishing?","Amazon; eBay; Etsy","blog","marketplace sellers; instagram shops; small ecommerce teams","Amazon; eBay; Etsy","supplier-catalog-photos","index_when_content_ready","draft","Validate in Google Keyword Planner, Yandex Wordstat, and Bing Webmaster Tools before expanding publication."
"keyword_085","localization / international sellers","P2","how-to","MOFU","ru","как подготовить фото товара для зарубежного рынка","???????? ????; ???????? ??????; AI ??? ????????????","как подготовить фото товара для зарубежного рынка ??? ?????????; как подготовить фото товара для зарубежного рынка ??? ????????????","??? как подготовить фото товара для зарубежного рынка?; ??? ????????? AI-???? ????? ????????????","Amazon; eBay; Etsy","blog","marketplace sellers; instagram shops; small ecommerce teams","Amazon; eBay; Etsy","ecommerce-catalog-photos","index_when_content_ready","draft","Validate in Google Keyword Planner, Yandex Wordstat, and Bing Webmaster Tools before expanding publication."
"keyword_085","localization / international sellers","P2","how-to","MOFU","en","how to prepare product photos for international markets","product photography; marketplace listing image; AI ecommerce photo","how to prepare product photos for international markets without a photographer; how to prepare product photos for international markets for marketplace sellers","how to how to prepare product photos for international markets?; how to review AI product photos before publishing?","Amazon; eBay; Etsy","blog","marketplace sellers; instagram shops; small ecommerce teams","Amazon; eBay; Etsy","ecommerce-catalog-photos","index_when_content_ready","draft","Validate in Google Keyword Planner, Yandex Wordstat, and Bing Webmaster Tools before expanding publication."
"keyword_086","localization / international sellers","P2","how-to","MOFU","ru","как сделать каталог на нескольких языках","???????? ????; ???????? ??????; AI ??? ????????????","как сделать каталог на нескольких языках ??? ?????????; как сделать каталог на нескольких языках ??? ????????????","??? как сделать каталог на нескольких языках?; ??? ????????? AI-???? ????? ????????????","Shopify; AliExpress","blog","marketplace sellers; instagram shops; small ecommerce teams","Shopify; AliExpress","supplier-catalog-photos","index_when_content_ready","draft","Validate in Google Keyword Planner, Yandex Wordstat, and Bing Webmaster Tools before expanding publication."
"keyword_086","localization / international sellers","P2","how-to","MOFU","en","how to create a multilingual product catalog","product photography; marketplace listing image; AI ecommerce photo","how to create a multilingual product catalog without a photographer; how to create a multilingual product catalog for marketplace sellers","how to how to create a multilingual product catalog?; how to review AI product photos before publishing?","Shopify; AliExpress","blog","marketplace sellers; instagram shops; small ecommerce teams","Shopify; AliExpress","supplier-catalog-photos","index_when_content_ready","draft","Validate in Google Keyword Planner, Yandex Wordstat, and Bing Webmaster Tools before expanding publication."
"keyword_087","localization / international sellers","P2","platform","BOFU","ru","как адаптировать карточку товара для ebay","???????? ????; ???????? ??????; AI ??? ????????????","как адаптировать карточку товара для ebay ??? ?????????; как адаптировать карточку товара для ebay ??? ????????????","??? как адаптировать карточку товара для ebay?; ??? ????????? AI-???? ????? ????????????","eBay","platform page","marketplace sellers; instagram shops; small ecommerce teams","eBay","exact-product-card","index_when_content_ready","draft","Validate in Google Keyword Planner, Yandex Wordstat, and Bing Webmaster Tools before expanding publication."
"keyword_087","localization / international sellers","P2","platform","BOFU","en","how to adapt a product card for ebay","product photography; marketplace listing image; AI ecommerce photo","how to adapt a product card for ebay without a photographer; how to adapt a product card for ebay for marketplace sellers","how to how to adapt a product card for ebay?; how to review AI product photos before publishing?","eBay","platform page","marketplace sellers; instagram shops; small ecommerce teams","eBay","exact-product-card","index_when_content_ready","draft","Validate in Google Keyword Planner, Yandex Wordstat, and Bing Webmaster Tools before expanding publication."
"keyword_088","localization / international sellers","P2","platform","BOFU","ru","как адаптировать карточку товара для amazon","???????? ????; ???????? ??????; AI ??? ????????????","как адаптировать карточку товара для amazon ??? ?????????; как адаптировать карточку товара для amazon ??? ????????????","??? как адаптировать карточку товара для amazon?; ??? ????????? AI-???? ????? ????????????","Amazon","platform page","marketplace sellers; instagram shops; small ecommerce teams","Amazon","marketplace-white-background","index_when_content_ready","draft","Validate in Google Keyword Planner, Yandex Wordstat, and Bing Webmaster Tools before expanding publication."
"keyword_088","localization / international sellers","P2","platform","BOFU","en","how to adapt a product card for amazon","product photography; marketplace listing image; AI ecommerce photo","how to adapt a product card for amazon without a photographer; how to adapt a product card for amazon for marketplace sellers","how to how to adapt a product card for amazon?; how to review AI product photos before publishing?","Amazon","platform page","marketplace sellers; instagram shops; small ecommerce teams","Amazon","marketplace-white-background","index_when_content_ready","draft","Validate in Google Keyword Planner, Yandex Wordstat, and Bing Webmaster Tools before expanding publication."
"keyword_089","localization / international sellers","P2","platform","BOFU","ru","как адаптировать фото для etsy","???????? ????; ???????? ??????; AI ??? ????????????","как адаптировать фото для etsy ??? ?????????; как адаптировать фото для etsy ??? ????????????","??? как адаптировать фото для etsy?; ??? ????????? AI-???? ????? ????????????","Etsy","platform page","marketplace sellers; instagram shops; small ecommerce teams","Etsy","jewelry-product-photos","index_when_content_ready","draft","Validate in Google Keyword Planner, Yandex Wordstat, and Bing Webmaster Tools before expanding publication."
"keyword_089","localization / international sellers","P2","platform","BOFU","en","how to adapt product photos for etsy","product photography; marketplace listing image; AI ecommerce photo","how to adapt product photos for etsy without a photographer; how to adapt product photos for etsy for marketplace sellers","how to how to adapt product photos for etsy?; how to review AI product photos before publishing?","Etsy","platform page","marketplace sellers; instagram shops; small ecommerce teams","Etsy","jewelry-product-photos","index_when_content_ready","draft","Validate in Google Keyword Planner, Yandex Wordstat, and Bing Webmaster Tools before expanding publication."
"keyword_090","localization / international sellers","P2","platform","BOFU","ru","как подготовить визуал для shopify","???????? ????; ???????? ??????; AI ??? ????????????","как подготовить визуал для shopify ??? ?????????; как подготовить визуал для shopify ??? ????????????","??? как подготовить визуал для shopify?; ??? ????????? AI-???? ????? ????????????","Shopify","platform page","marketplace sellers; instagram shops; small ecommerce teams","Shopify","ecommerce-catalog-photos","index_when_content_ready","draft","Validate in Google Keyword Planner, Yandex Wordstat, and Bing Webmaster Tools before expanding publication."
"keyword_090","localization / international sellers","P2","platform","BOFU","en","how to prepare visuals for shopify","product photography; marketplace listing image; AI ecommerce photo","how to prepare visuals for shopify without a photographer; how to prepare visuals for shopify for marketplace sellers","how to how to prepare visuals for shopify?; how to review AI product photos before publishing?","Shopify","platform page","marketplace sellers; instagram shops; small ecommerce teams","Shopify","ecommerce-catalog-photos","index_when_content_ready","draft","Validate in Google Keyword Planner, Yandex Wordstat, and Bing Webmaster Tools before expanding publication."
"keyword_091","localization / international sellers","P2","how-to","MOFU","ru","как сделать фото для локального маркетплейса","???????? ????; ???????? ??????; AI ??? ????????????","как сделать фото для локального маркетплейса ??? ?????????; как сделать фото для локального маркетплейса ??? ????????????","??? как сделать фото для локального маркетплейса?; ??? ????????? AI-???? ????? ????????????","OLX; Kaspi","blog","marketplace sellers; instagram shops; small ecommerce teams","OLX; Kaspi","exact-product-card","index_when_content_ready","draft","Validate in Google Keyword Planner, Yandex Wordstat, and Bing Webmaster Tools before expanding publication."
"keyword_091","localization / international sellers","P2","how-to","MOFU","en","how to make photos for a local marketplace","product photography; marketplace listing image; AI ecommerce photo","how to make photos for a local marketplace without a photographer; how to make photos for a local marketplace for marketplace sellers","how to how to make photos for a local marketplace?; how to review AI product photos before publishing?","OLX; Kaspi","blog","marketplace sellers; instagram shops; small ecommerce teams","OLX; Kaspi","exact-product-card","index_when_content_ready","draft","Validate in Google Keyword Planner, Yandex Wordstat, and Bing Webmaster Tools before expanding publication."
"keyword_092","localization / international sellers","P2","informational","TOFU","ru","как ai помогает поставщикам из снг","???????? ????; ???????? ??????; AI ??? ????????????","как ai помогает поставщикам из снг ??? ?????????; как ai помогает поставщикам из снг ??? ????????????","??? как ai помогает поставщикам из снг?; ??? ????????? AI-???? ????? ????????????","AliExpress; Temu","blog","marketplace sellers; instagram shops; small ecommerce teams","AliExpress; Temu","supplier-catalog-photos","index_when_content_ready","draft","Validate in Google Keyword Planner, Yandex Wordstat, and Bing Webmaster Tools before expanding publication."
"keyword_092","localization / international sellers","P2","informational","TOFU","en","how ai helps suppliers from the cis","product photography; marketplace listing image; AI ecommerce photo","how ai helps suppliers from the cis without a photographer; how ai helps suppliers from the cis for marketplace sellers","how to how ai helps suppliers from the cis?; how to review AI product photos before publishing?","AliExpress; Temu","blog","marketplace sellers; instagram shops; small ecommerce teams","AliExpress; Temu","supplier-catalog-photos","index_when_content_ready","draft","Validate in Google Keyword Planner, Yandex Wordstat, and Bing Webmaster Tools before expanding publication."
"keyword_093","localization / international sellers","P2","how-to","MOFU","ru","как сделать товарный контент для международных клиентов","???????? ????; ???????? ??????; AI ??? ????????????","как сделать товарный контент для международных клиентов ??? ?????????; как сделать товарный контент для международных клиентов ??? ????????????","??? как сделать товарный контент для международных клиентов?; ??? ????????? AI-???? ????? ????????????","Shopify; Amazon","blog","marketplace sellers; instagram shops; small ecommerce teams","Shopify; Amazon","supplier-catalog-photos","index_when_content_ready","draft","Validate in Google Keyword Planner, Yandex Wordstat, and Bing Webmaster Tools before expanding publication."
"keyword_093","localization / international sellers","P2","how-to","MOFU","en","how to create product content for international clients","product photography; marketplace listing image; AI ecommerce photo","how to create product content for international clients without a photographer; how to create product content for international clients for marketplace sellers","how to how to create product content for international clients?; how to review AI product photos before publishing?","Shopify; Amazon","blog","marketplace sellers; instagram shops; small ecommerce teams","Shopify; Amazon","supplier-catalog-photos","index_when_content_ready","draft","Validate in Google Keyword Planner, Yandex Wordstat, and Bing Webmaster Tools before expanding publication."
"keyword_094","AI prompt / advanced","P0","how-to","MOFU","ru","как написать prompt для товарного фото","???????? ????; ???????? ??????; AI ??? ????????????","как написать prompt для товарного фото ??? ?????????; как написать prompt для товарного фото ??? ????????????","??? как написать prompt для товарного фото?; ??? ????????? AI-???? ????? ????????????","Shopify; Instagram Shop","blog","marketplace sellers; instagram shops; small ecommerce teams","Shopify; Instagram Shop","creative-product-scene","index_when_content_ready","draft","Validate in Google Keyword Planner, Yandex Wordstat, and Bing Webmaster Tools before expanding publication."
"keyword_094","AI prompt / advanced","P0","how-to","MOFU","en","how to write a prompt for product photography","product photography; marketplace listing image; AI ecommerce photo","how to write a prompt for product photography without a photographer; how to write a prompt for product photography for marketplace sellers","how to how to write a prompt for product photography?; how to review AI product photos before publishing?","Shopify; Instagram Shop","blog","marketplace sellers; instagram shops; small ecommerce teams","Shopify; Instagram Shop","creative-product-scene","index_when_content_ready","draft","Validate in Google Keyword Planner, Yandex Wordstat, and Bing Webmaster Tools before expanding publication."
"keyword_095","AI prompt / advanced","P2","how-to","MOFU","ru","как улучшить prompt для ai-видео","???????? ????; ???????? ??????; AI ??? ????????????","как улучшить prompt для ai-видео ??? ?????????; как улучшить prompt для ai-видео ??? ????????????","??? как улучшить prompt для ai-видео?; ??? ????????? AI-???? ????? ????????????","TikTok Shop","blog","marketplace sellers; instagram shops; small ecommerce teams","TikTok Shop","product-video-from-photo","index_when_content_ready","draft","Validate in Google Keyword Planner, Yandex Wordstat, and Bing Webmaster Tools before expanding publication."
"keyword_095","AI prompt / advanced","P2","how-to","MOFU","en","how to improve a prompt for ai video","product photography; marketplace listing image; AI ecommerce photo","how to improve a prompt for ai video without a photographer; how to improve a prompt for ai video for marketplace sellers","how to how to improve a prompt for ai video?; how to review AI product photos before publishing?","TikTok Shop","blog","marketplace sellers; instagram shops; small ecommerce teams","TikTok Shop","product-video-from-photo","index_when_content_ready","draft","Validate in Google Keyword Planner, Yandex Wordstat, and Bing Webmaster Tools before expanding publication."
"keyword_096","AI prompt / advanced","P2","how-to","MOFU","ru","как описать модель для одежды","???????? ????; ???????? ??????; AI ??? ????????????","как описать модель для одежды ??? ?????????; как описать модель для одежды ??? ????????????","??? как описать модель для одежды?; ??? ????????? AI-???? ????? ????????????","Shopify","blog","marketplace sellers; instagram shops; small ecommerce teams","Shopify","clothing-on-model","index_when_content_ready","draft","Validate in Google Keyword Planner, Yandex Wordstat, and Bing Webmaster Tools before expanding publication."
"keyword_096","AI prompt / advanced","P2","how-to","MOFU","en","how to describe a model for clothing photos","product photography; marketplace listing image; AI ecommerce photo","how to describe a model for clothing photos without a photographer; how to describe a model for clothing photos for marketplace sellers","how to how to describe a model for clothing photos?; how to review AI product photos before publishing?","Shopify","blog","marketplace sellers; instagram shops; small ecommerce teams","Shopify","clothing-on-model","index_when_content_ready","draft","Validate in Google Keyword Planner, Yandex Wordstat, and Bing Webmaster Tools before expanding publication."
"keyword_097","AI prompt / advanced","P2","how-to","MOFU","ru","как сделать ai-фон без изменения товара","???????? ????; ???????? ??????; AI ??? ????????????","как сделать ai-фон без изменения товара ??? ?????????; как сделать ai-фон без изменения товара ??? ????????????","??? как сделать ai-фон без изменения товара?; ??? ????????? AI-???? ????? ????????????","Amazon; Kaspi","blog","marketplace sellers; instagram shops; small ecommerce teams","Amazon; Kaspi","ai-background-replacement","index_when_content_ready","draft","Validate in Google Keyword Planner, Yandex Wordstat, and Bing Webmaster Tools before expanding publication."
"keyword_097","AI prompt / advanced","P2","how-to","MOFU","en","how to create an ai background without changing the product","product photography; marketplace listing image; AI ecommerce photo","how to create an ai background without changing the product without a photographer; how to create an ai background without changing the product for marketplace sellers","how to how to create an ai background without changing the product?; how to review AI product photos before publishing?","Amazon; Kaspi","blog","marketplace sellers; instagram shops; small ecommerce teams","Amazon; Kaspi","ai-background-replacement","index_when_content_ready","draft","Validate in Google Keyword Planner, Yandex Wordstat, and Bing Webmaster Tools before expanding publication."
"keyword_098","AI prompt / advanced","P0","how-to","MOFU","ru","как заставить ai сохранить товар","???????? ????; ???????? ??????; AI ??? ????????????","как заставить ai сохранить товар ??? ?????????; как заставить ai сохранить товар ??? ????????????","??? как заставить ai сохранить товар?; ??? ????????? AI-???? ????? ????????????","Kaspi; Amazon","blog","marketplace sellers; instagram shops; small ecommerce teams","Kaspi; Amazon","exact-product-card","index_when_content_ready","draft","Validate in Google Keyword Planner, Yandex Wordstat, and Bing Webmaster Tools before expanding publication."
"keyword_098","AI prompt / advanced","P0","how-to","MOFU","en","how to make ai preserve the product","product photography; marketplace listing image; AI ecommerce photo","how to make ai preserve the product without a photographer; how to make ai preserve the product for marketplace sellers","how to how to make ai preserve the product?; how to review AI product photos before publishing?","Kaspi; Amazon","blog","marketplace sellers; instagram shops; small ecommerce teams","Kaspi; Amazon","exact-product-card","index_when_content_ready","draft","Validate in Google Keyword Planner, Yandex Wordstat, and Bing Webmaster Tools before expanding publication."
"keyword_099","AI prompt / advanced","P2","how-to","MOFU","ru","как проверить, что ai не изменил товар","???????? ????; ???????? ??????; AI ??? ????????????","как проверить, что ai не изменил товар ??? ?????????; как проверить, что ai не изменил товар ??? ????????????","??? как проверить, что ai не изменил товар?; ??? ????????? AI-???? ????? ????????????","Amazon; Kaspi","blog","marketplace sellers; instagram shops; small ecommerce teams","Amazon; Kaspi","exact-product-card","index_when_content_ready","draft","Validate in Google Keyword Planner, Yandex Wordstat, and Bing Webmaster Tools before expanding publication."
"keyword_099","AI prompt / advanced","P2","how-to","MOFU","en","how to check that ai did not change the product","product photography; marketplace listing image; AI ecommerce photo","how to check that ai did not change the product without a photographer; how to check that ai did not change the product for marketplace sellers","how to how to check that ai did not change the product?; how to review AI product photos before publishing?","Amazon; Kaspi","blog","marketplace sellers; instagram shops; small ecommerce teams","Amazon; Kaspi","exact-product-card","index_when_content_ready","draft","Validate in Google Keyword Planner, Yandex Wordstat, and Bing Webmaster Tools before expanding publication."
"keyword_100","AI prompt / advanced","P2","how-to","MOFU","ru","как использовать vitrina ai studio для контент-плана магазина","???????? ????; ???????? ??????; AI ??? ????????????","как использовать vitrina ai studio для контент-плана магазина ??? ?????????; как использовать vitrina ai studio для контент-плана магазина ??? ????????????","??? как использовать vitrina ai studio для контент-плана магазина?; ??? ????????? AI-???? ????? ????????????","Shopify; Instagram Shop","blog","marketplace sellers; instagram shops; small ecommerce teams","Shopify; Instagram Shop","marketplace-content-manager-workflow","index_when_content_ready","draft","Validate in Google Keyword Planner, Yandex Wordstat, and Bing Webmaster Tools before expanding publication."
"keyword_100","AI prompt / advanced","P2","how-to","MOFU","en","how to use vitrina ai studio for a store content plan","product photography; marketplace listing image; AI ecommerce photo","how to use vitrina ai studio for a store content plan without a photographer; how to use vitrina ai studio for a store content plan for marketplace sellers","how to how to use vitrina ai studio for a store content plan?; how to review AI product photos before publishing?","Shopify; Instagram Shop","blog","marketplace sellers; instagram shops; small ecommerce teams","Shopify; Instagram Shop","marketplace-content-manager-workflow","index_when_content_ready","draft","Validate in Google Keyword Planner, Yandex Wordstat, and Bing Webmaster Tools before expanding publication."
