route,locale,matrix_status,translation_status,coverage
/ru,ru,complete,published,complete
/en,en,complete,published,complete
/kk,kk,machine draft,needs_review,partial
/ky,ky,machine draft,needs_review,partial
/uz,uz,machine draft,needs_review,partial
/tg,tg,machine draft,needs_review,partial
/tr,tr,machine draft,needs_review,partial
/az,az,machine draft,needs_review,partial
/ar,ar,machine draft,needs_review,partial
/es,es,machine draft,needs_review,partial
/pt,pt,machine draft,needs_review,partial
/fr,fr,machine draft,needs_review,partial
/de,de,machine draft,needs_review,partial
/it,it,machine draft,needs_review,partial
/pl,pl,machine draft,needs_review,partial
/uk,uk,machine draft,needs_review,partial
/hi,hi,machine draft,needs_review,partial
/id,id,machine draft,needs_review,partial
/vi,vi,machine draft,needs_review,partial
/zh,zh,machine draft,needs_review,partial
/ru/features,ru,complete,published,complete
/ru/platforms,ru,complete,published,complete
/ru/use-cases,ru,complete,published,complete
/ru/blog,ru,complete,published,complete
/ru/ai-summary,ru,complete,published,complete
/en/features,en,complete,published,complete
/en/platforms,en,complete,published,complete
/en/use-cases,en,complete,published,complete
/en/blog,en,complete,published,complete
/en/ai-summary,en,complete,published,complete
/kk/features,kk,machine draft,needs_review,partial
/kk/platforms,kk,machine draft,needs_review,partial
/kk/use-cases,kk,machine draft,needs_review,partial
/kk/blog,kk,machine draft,needs_review,partial
/kk/ai-summary,kk,machine draft,needs_review,partial
/ky/features,ky,machine draft,needs_review,partial
/ky/platforms,ky,machine draft,needs_review,partial
/ky/use-cases,ky,machine draft,needs_review,partial
/ky/blog,ky,machine draft,needs_review,partial
/ky/ai-summary,ky,machine draft,needs_review,partial
/uz/features,uz,machine draft,needs_review,partial
/uz/platforms,uz,machine draft,needs_review,partial
/uz/use-cases,uz,machine draft,needs_review,partial
/uz/blog,uz,machine draft,needs_review,partial
/uz/ai-summary,uz,machine draft,needs_review,partial
/tg/features,tg,machine draft,needs_review,partial
/tg/platforms,tg,machine draft,needs_review,partial
/tg/use-cases,tg,machine draft,needs_review,partial
/tg/blog,tg,machine draft,needs_review,partial
/tg/ai-summary,tg,machine draft,needs_review,partial
/tr/features,tr,machine draft,needs_review,partial
/tr/platforms,tr,machine draft,needs_review,partial
/tr/use-cases,tr,machine draft,needs_review,partial
/tr/blog,tr,machine draft,needs_review,partial
/tr/ai-summary,tr,machine draft,needs_review,partial
/az/features,az,machine draft,needs_review,partial
/az/platforms,az,machine draft,needs_review,partial
/az/use-cases,az,machine draft,needs_review,partial
/az/blog,az,machine draft,needs_review,partial
/az/ai-summary,az,machine draft,needs_review,partial
/ar/features,ar,machine draft,needs_review,partial
/ar/platforms,ar,machine draft,needs_review,partial
/ar/use-cases,ar,machine draft,needs_review,partial
/ar/blog,ar,machine draft,needs_review,partial
/ar/ai-summary,ar,machine draft,needs_review,partial
/es/features,es,machine draft,needs_review,partial
/es/platforms,es,machine draft,needs_review,partial
/es/use-cases,es,machine draft,needs_review,partial
/es/blog,es,machine draft,needs_review,partial
/es/ai-summary,es,machine draft,needs_review,partial
/pt/features,pt,machine draft,needs_review,partial
/pt/platforms,pt,machine draft,needs_review,partial
/pt/use-cases,pt,machine draft,needs_review,partial
/pt/blog,pt,machine draft,needs_review,partial
/pt/ai-summary,pt,machine draft,needs_review,partial
/fr/features,fr,machine draft,needs_review,partial
/fr/platforms,fr,machine draft,needs_review,partial
/fr/use-cases,fr,machine draft,needs_review,partial
/fr/blog,fr,machine draft,needs_review,partial
/fr/ai-summary,fr,machine draft,needs_review,partial
/de/features,de,machine draft,needs_review,partial
/de/platforms,de,machine draft,needs_review,partial
/de/use-cases,de,machine draft,needs_review,partial
/de/blog,de,machine draft,needs_review,partial
/de/ai-summary,de,machine draft,needs_review,partial
/it/features,it,machine draft,needs_review,partial
/it/platforms,it,machine draft,needs_review,partial
/it/use-cases,it,machine draft,needs_review,partial
/it/blog,it,machine draft,needs_review,partial
/it/ai-summary,it,machine draft,needs_review,partial
/pl/features,pl,machine draft,needs_review,partial
/pl/platforms,pl,machine draft,needs_review,partial
/pl/use-cases,pl,machine draft,needs_review,partial
/pl/blog,pl,machine draft,needs_review,partial
/pl/ai-summary,pl,machine draft,needs_review,partial
/uk/features,uk,machine draft,needs_review,partial
/uk/platforms,uk,machine draft,needs_review,partial
/uk/use-cases,uk,machine draft,needs_review,partial
/uk/blog,uk,machine draft,needs_review,partial
/uk/ai-summary,uk,machine draft,needs_review,partial
/hi/features,hi,machine draft,needs_review,partial
/hi/platforms,hi,machine draft,needs_review,partial
/hi/use-cases,hi,machine draft,needs_review,partial
/hi/blog,hi,machine draft,needs_review,partial
/hi/ai-summary,hi,machine draft,needs_review,partial
/id/features,id,machine draft,needs_review,partial
/id/platforms,id,machine draft,needs_review,partial
/id/use-cases,id,machine draft,needs_review,partial
/id/blog,id,machine draft,needs_review,partial
/id/ai-summary,id,machine draft,needs_review,partial
/vi/features,vi,machine draft,needs_review,partial
/vi/platforms,vi,machine draft,needs_review,partial
/vi/use-cases,vi,machine draft,needs_review,partial
/vi/blog,vi,machine draft,needs_review,partial
/vi/ai-summary,vi,machine draft,needs_review,partial
/zh/features,zh,machine draft,needs_review,partial
/zh/platforms,zh,machine draft,needs_review,partial
/zh/use-cases,zh,machine draft,needs_review,partial
/zh/blog,zh,machine draft,needs_review,partial
/zh/ai-summary,zh,machine draft,needs_review,partial
/ru/ii-studiya-tovarnyh-foto,ru,complete,published,complete
/en/ai-product-photo-studio,en,complete,published,complete
/kk/ai-onim-foto-studiyasi,kk,machine draft,needs_review,machine draft
/ky/ai-tovar-foto-studiyasy,ky,machine draft,needs_review,machine draft
/uz/ai-mahsulot-foto-studiyasi,uz,machine draft,needs_review,machine draft
/tg/ai-studiya-aks-tovar,tg,machine draft,needs_review,machine draft
/tr/ai-product-photo-studio,tr,machine draft,needs_review,machine draft
/az/ai-product-photo-studio,az,machine draft,needs_review,machine draft
/ar/ai-product-photo-studio,ar,machine draft,needs_review,machine draft
/es/ai-product-photo-studio,es,machine draft,needs_review,machine draft
/pt/ai-product-photo-studio,pt,machine draft,needs_review,machine draft
/fr/ai-product-photo-studio,fr,machine draft,needs_review,machine draft
/de/ai-product-photo-studio,de,machine draft,needs_review,machine draft
/it/ai-product-photo-studio,it,machine draft,needs_review,machine draft
/pl/ai-product-photo-studio,pl,machine draft,needs_review,machine draft
/uk/ai-product-photo-studio,uk,machine draft,needs_review,machine draft
/hi/ai-product-photo-studio,hi,machine draft,needs_review,machine draft
/id/ai-product-photo-studio,id,machine draft,needs_review,machine draft
/vi/ai-product-photo-studio,vi,machine draft,needs_review,machine draft
/zh/ai-product-photo-studio,zh,machine draft,needs_review,machine draft
/ru/foto-tovarov-dlya-marketpleysov,ru,complete,published,complete
/en/product-photo-for-marketplaces,en,complete,published,complete
/kk/marketpleisterge-onim-fotosy,kk,machine draft,needs_review,machine draft
/ky/marketpleyster-uchun-tovar-fotosu,ky,machine draft,needs_review,machine draft
/uz/marketpleys-uchun-mahsulot-fotosi,uz,machine draft,needs_review,machine draft
/tg/aks-tovar-baroi-marketpleys,tg,machine draft,needs_review,machine draft
/tr/product-photo-for-marketplaces,tr,machine draft,needs_review,machine draft
/az/product-photo-for-marketplaces,az,machine draft,needs_review,machine draft
/ar/product-photo-for-marketplaces,ar,machine draft,needs_review,machine draft
/es/product-photo-for-marketplaces,es,machine draft,needs_review,machine draft
/pt/product-photo-for-marketplaces,pt,machine draft,needs_review,machine draft
/fr/product-photo-for-marketplaces,fr,machine draft,needs_review,machine draft
/de/product-photo-for-marketplaces,de,machine draft,needs_review,machine draft
/it/product-photo-for-marketplaces,it,machine draft,needs_review,machine draft
/pl/product-photo-for-marketplaces,pl,machine draft,needs_review,machine draft
/uk/product-photo-for-marketplaces,uk,machine draft,needs_review,machine draft
/hi/product-photo-for-marketplaces,hi,machine draft,needs_review,machine draft
/id/product-photo-for-marketplaces,id,machine draft,needs_review,machine draft
/vi/product-photo-for-marketplaces,vi,machine draft,needs_review,machine draft
/zh/product-photo-for-marketplaces,zh,machine draft,needs_review,machine draft
/ru/generator-video-tovara,ru,complete,published,complete
/en/product-video-generator,en,complete,published,complete
/kk/onim-video-generator,kk,machine draft,needs_review,machine draft
/ky/tovar-video-generator,ky,machine draft,needs_review,machine draft
/uz/mahsulot-video-generator,uz,machine draft,needs_review,machine draft
/tg/generator-video-tovar,tg,machine draft,needs_review,machine draft
/tr/product-video-generator,tr,machine draft,needs_review,machine draft
/az/product-video-generator,az,machine draft,needs_review,machine draft
/ar/product-video-generator,ar,machine draft,needs_review,machine draft
/es/product-video-generator,es,machine draft,needs_review,machine draft
/pt/product-video-generator,pt,machine draft,needs_review,machine draft
/fr/product-video-generator,fr,machine draft,needs_review,machine draft
/de/product-video-generator,de,machine draft,needs_review,machine draft
/it/product-video-generator,it,machine draft,needs_review,machine draft
/pl/product-video-generator,pl,machine draft,needs_review,machine draft
/uk/product-video-generator,uk,machine draft,needs_review,machine draft
/hi/product-video-generator,hi,machine draft,needs_review,machine draft
/id/product-video-generator,id,machine draft,needs_review,machine draft
/vi/product-video-generator,vi,machine draft,needs_review,machine draft
/zh/product-video-generator,zh,machine draft,needs_review,machine draft
/ru/generator-fona-dlya-tovara,ru,complete,published,complete
/en/background-generator,en,complete,published,complete
/kk/onim-fon-generator,kk,machine draft,needs_review,machine draft
/ky/tovar-fon-generator,ky,machine draft,needs_review,machine draft
/uz/mahsulot-fon-generator,uz,machine draft,needs_review,machine draft
/tg/generator-fon-tovar,tg,machine draft,needs_review,machine draft
/tr/background-generator,tr,machine draft,needs_review,machine draft
/az/background-generator,az,machine draft,needs_review,machine draft
/ar/background-generator,ar,machine draft,needs_review,machine draft
/es/background-generator,es,machine draft,needs_review,machine draft
/pt/background-generator,pt,machine draft,needs_review,machine draft
/fr/background-generator,fr,machine draft,needs_review,machine draft
/de/background-generator,de,machine draft,needs_review,machine draft
/it/background-generator,it,machine draft,needs_review,machine draft
/pl/background-generator,pl,machine draft,needs_review,machine draft
/uk/background-generator,uk,machine draft,needs_review,machine draft
/hi/background-generator,hi,machine draft,needs_review,machine draft
/id/background-generator,id,machine draft,needs_review,machine draft
/vi/background-generator,vi,machine draft,needs_review,machine draft
/zh/background-generator,zh,machine draft,needs_review,machine draft
/ru/foto-odezhdy-na-ai-modeli,ru,complete,published,complete
/en/fashion-model-photos,en,complete,published,complete
/kk/kiim-ai-model-fotosy,kk,machine draft,needs_review,machine draft
/ky/kiyim-ai-model-fotosu,ky,machine draft,needs_review,machine draft
/uz/kiyim-ai-model-fotosi,uz,machine draft,needs_review,machine draft
/tg/libos-dar-ai-model,tg,machine draft,needs_review,machine draft
/tr/fashion-model-photos,tr,machine draft,needs_review,machine draft
/az/fashion-model-photos,az,machine draft,needs_review,machine draft
/ar/fashion-model-photos,ar,machine draft,needs_review,machine draft
/es/fashion-model-photos,es,machine draft,needs_review,machine draft
/pt/fashion-model-photos,pt,machine draft,needs_review,machine draft
/fr/fashion-model-photos,fr,machine draft,needs_review,machine draft
/de/fashion-model-photos,de,machine draft,needs_review,machine draft
/it/fashion-model-photos,it,machine draft,needs_review,machine draft
/pl/fashion-model-photos,pl,machine draft,needs_review,machine draft
/uk/fashion-model-photos,uk,machine draft,needs_review,machine draft
/hi/fashion-model-photos,hi,machine draft,needs_review,machine draft
/id/fashion-model-photos,id,machine draft,needs_review,machine draft
/vi/fashion-model-photos,vi,machine draft,needs_review,machine draft
/zh/fashion-model-photos,zh,machine draft,needs_review,machine draft
/ru/foto-bizhuterii-dlya-marketpleysa,ru,complete,published,complete
/en/jewelry-product-photos,en,complete,published,complete
/kk/zergerlik-onim-fotosy,kk,machine draft,needs_review,machine draft
/ky/zer-buyum-fotosu,ky,machine draft,needs_review,machine draft
/uz/taqinchoq-mahsulot-fotosi,uz,machine draft,needs_review,machine draft
/tg/aks-zeboi-baroi-marketpleys,tg,machine draft,needs_review,machine draft
/tr/jewelry-product-photos,tr,machine draft,needs_review,machine draft
/az/jewelry-product-photos,az,machine draft,needs_review,machine draft
/ar/jewelry-product-photos,ar,machine draft,needs_review,machine draft
/es/jewelry-product-photos,es,machine draft,needs_review,machine draft
/pt/jewelry-product-photos,pt,machine draft,needs_review,machine draft
/fr/jewelry-product-photos,fr,machine draft,needs_review,machine draft
/de/jewelry-product-photos,de,machine draft,needs_review,machine draft
/it/jewelry-product-photos,it,machine draft,needs_review,machine draft
/pl/jewelry-product-photos,pl,machine draft,needs_review,machine draft
/uk/jewelry-product-photos,uk,machine draft,needs_review,machine draft
/hi/jewelry-product-photos,hi,machine draft,needs_review,machine draft
/id/jewelry-product-photos,id,machine draft,needs_review,machine draft
/vi/jewelry-product-photos,vi,machine draft,needs_review,machine draft
/zh/jewelry-product-photos,zh,machine draft,needs_review,machine draft
/ru/privacy,ru,complete,published,complete
/en/privacy,en,complete,published,complete
/kk/privacy,kk,machine draft,needs_review,machine draft
/ky/privacy,ky,machine draft,needs_review,machine draft
/uz/privacy,uz,machine draft,needs_review,machine draft
/tg/privacy,tg,machine draft,needs_review,machine draft
/tr/privacy,tr,machine draft,needs_review,machine draft
/az/privacy,az,machine draft,needs_review,machine draft
/ar/privacy,ar,machine draft,needs_review,machine draft
/es/privacy,es,machine draft,needs_review,machine draft
/pt/privacy,pt,machine draft,needs_review,machine draft
/fr/privacy,fr,machine draft,needs_review,machine draft
/de/privacy,de,machine draft,needs_review,machine draft
/it/privacy,it,machine draft,needs_review,machine draft
/pl/privacy,pl,machine draft,needs_review,machine draft
/uk/privacy,uk,machine draft,needs_review,machine draft
/hi/privacy,hi,machine draft,needs_review,machine draft
/id/privacy,id,machine draft,needs_review,machine draft
/vi/privacy,vi,machine draft,needs_review,machine draft
/zh/privacy,zh,machine draft,needs_review,machine draft
/ru/terms,ru,complete,published,complete
/en/terms,en,complete,published,complete
/kk/terms,kk,machine draft,needs_review,machine draft
/ky/terms,ky,machine draft,needs_review,machine draft
/uz/terms,uz,machine draft,needs_review,machine draft
/tg/terms,tg,machine draft,needs_review,machine draft
/tr/terms,tr,machine draft,needs_review,machine draft
/az/terms,az,machine draft,needs_review,machine draft
/ar/terms,ar,machine draft,needs_review,machine draft
/es/terms,es,machine draft,needs_review,machine draft
/pt/terms,pt,machine draft,needs_review,machine draft
/fr/terms,fr,machine draft,needs_review,machine draft
/de/terms,de,machine draft,needs_review,machine draft
/it/terms,it,machine draft,needs_review,machine draft
/pl/terms,pl,machine draft,needs_review,machine draft
/uk/terms,uk,machine draft,needs_review,machine draft
/hi/terms,hi,machine draft,needs_review,machine draft
/id/terms,id,machine draft,needs_review,machine draft
/vi/terms,vi,machine draft,needs_review,machine draft
/zh/terms,zh,machine draft,needs_review,machine draft
/ru/acceptable-use,ru,complete,published,complete
/en/acceptable-use,en,complete,published,complete
/kk/acceptable-use,kk,machine draft,needs_review,machine draft
/ky/acceptable-use,ky,machine draft,needs_review,machine draft
/uz/acceptable-use,uz,machine draft,needs_review,machine draft
/tg/acceptable-use,tg,machine draft,needs_review,machine draft
/tr/acceptable-use,tr,machine draft,needs_review,machine draft
/az/acceptable-use,az,machine draft,needs_review,machine draft
/ar/acceptable-use,ar,machine draft,needs_review,machine draft
/es/acceptable-use,es,machine draft,needs_review,machine draft
/pt/acceptable-use,pt,machine draft,needs_review,machine draft
/fr/acceptable-use,fr,machine draft,needs_review,machine draft
/de/acceptable-use,de,machine draft,needs_review,machine draft
/it/acceptable-use,it,machine draft,needs_review,machine draft
/pl/acceptable-use,pl,machine draft,needs_review,machine draft
/uk/acceptable-use,uk,machine draft,needs_review,machine draft
/hi/acceptable-use,hi,machine draft,needs_review,machine draft
/id/acceptable-use,id,machine draft,needs_review,machine draft
/vi/acceptable-use,vi,machine draft,needs_review,machine draft
/zh/acceptable-use,zh,machine draft,needs_review,machine draft
/ru/data-deletion,ru,complete,published,complete
/en/data-deletion,en,complete,published,complete
/kk/data-deletion,kk,machine draft,needs_review,machine draft
/ky/data-deletion,ky,machine draft,needs_review,machine draft
/uz/data-deletion,uz,machine draft,needs_review,machine draft
/tg/data-deletion,tg,machine draft,needs_review,machine draft
/tr/data-deletion,tr,machine draft,needs_review,machine draft
/az/data-deletion,az,machine draft,needs_review,machine draft
/ar/data-deletion,ar,machine draft,needs_review,machine draft
/es/data-deletion,es,machine draft,needs_review,machine draft
/pt/data-deletion,pt,machine draft,needs_review,machine draft
/fr/data-deletion,fr,machine draft,needs_review,machine draft
/de/data-deletion,de,machine draft,needs_review,machine draft
/it/data-deletion,it,machine draft,needs_review,machine draft
/pl/data-deletion,pl,machine draft,needs_review,machine draft
/uk/data-deletion,uk,machine draft,needs_review,machine draft
/hi/data-deletion,hi,machine draft,needs_review,machine draft
/id/data-deletion,id,machine draft,needs_review,machine draft
/vi/data-deletion,vi,machine draft,needs_review,machine draft
/zh/data-deletion,zh,machine draft,needs_review,machine draft
/ru/cost,ru,missing,missing,missing
/en/cost,en,missing,missing,missing
/kk/cost,kk,missing,missing,missing
/ky/cost,ky,missing,missing,missing
/uz/cost,uz,missing,missing,missing
/tg/cost,tg,missing,missing,missing
/tr/cost,tr,missing,missing,missing
/az/cost,az,missing,missing,missing
/ar/cost,ar,missing,missing,missing
/es/cost,es,missing,missing,missing
/pt/cost,pt,missing,missing,missing
/fr/cost,fr,missing,missing,missing
/de/cost,de,missing,missing,missing
/it/cost,it,missing,missing,missing
/pl/cost,pl,missing,missing,missing
/uk/cost,uk,missing,missing,missing
/hi/cost,hi,missing,missing,missing
/id/cost,id,missing,missing,missing
/vi/cost,vi,missing,missing,missing
/zh/cost,zh,missing,missing,missing
/ru/platforms/kaspi-foto-tovarov,ru,complete,published,complete
/en/platforms/kaspi-product-photos,en,complete,published,complete
/kk/platforms/kaspi-product-photos,kk,machine draft,needs_review,machine draft
/ky/platforms/kaspi-product-photos,ky,machine draft,needs_review,machine draft
/uz/platforms/kaspi-product-photos,uz,machine draft,needs_review,machine draft
/tg/platforms/kaspi-product-photos,tg,machine draft,needs_review,machine draft
/tr/platforms/kaspi-product-photos,tr,machine draft,needs_review,machine draft
/az/platforms/kaspi-product-photos,az,machine draft,needs_review,machine draft
/ar/platforms/kaspi-product-photos,ar,machine draft,needs_review,machine draft
/es/platforms/kaspi-product-photos,es,machine draft,needs_review,machine draft
/pt/platforms/kaspi-product-photos,pt,machine draft,needs_review,machine draft
/fr/platforms/kaspi-product-photos,fr,machine draft,needs_review,machine draft
/de/platforms/kaspi-product-photos,de,machine draft,needs_review,machine draft
/it/platforms/kaspi-product-photos,it,machine draft,needs_review,machine draft
/pl/platforms/kaspi-product-photos,pl,machine draft,needs_review,machine draft
/uk/platforms/kaspi-product-photos,uk,machine draft,needs_review,machine draft
/hi/platforms/kaspi-product-photos,hi,machine draft,needs_review,machine draft
/id/platforms/kaspi-product-photos,id,machine draft,needs_review,machine draft
/vi/platforms/kaspi-product-photos,vi,machine draft,needs_review,machine draft
/zh/platforms/kaspi-product-photos,zh,machine draft,needs_review,machine draft
/ru/platforms/wildberries-foto-tovarov,ru,complete,published,complete
/en/platforms/wildberries-product-photos,en,complete,published,complete
/kk/platforms/wildberries-product-photos,kk,machine draft,needs_review,machine draft
/ky/platforms/wildberries-product-photos,ky,machine draft,needs_review,machine draft
/uz/platforms/wildberries-product-photos,uz,machine draft,needs_review,machine draft
/tg/platforms/wildberries-product-photos,tg,machine draft,needs_review,machine draft
/tr/platforms/wildberries-product-photos,tr,machine draft,needs_review,machine draft
/az/platforms/wildberries-product-photos,az,machine draft,needs_review,machine draft
/ar/platforms/wildberries-product-photos,ar,machine draft,needs_review,machine draft
/es/platforms/wildberries-product-photos,es,machine draft,needs_review,machine draft
/pt/platforms/wildberries-product-photos,pt,machine draft,needs_review,machine draft
/fr/platforms/wildberries-product-photos,fr,machine draft,needs_review,machine draft
/de/platforms/wildberries-product-photos,de,machine draft,needs_review,machine draft
/it/platforms/wildberries-product-photos,it,machine draft,needs_review,machine draft
/pl/platforms/wildberries-product-photos,pl,machine draft,needs_review,machine draft
/uk/platforms/wildberries-product-photos,uk,machine draft,needs_review,machine draft
/hi/platforms/wildberries-product-photos,hi,machine draft,needs_review,machine draft
/id/platforms/wildberries-product-photos,id,machine draft,needs_review,machine draft
/vi/platforms/wildberries-product-photos,vi,machine draft,needs_review,machine draft
/zh/platforms/wildberries-product-photos,zh,machine draft,needs_review,machine draft
/ru/platforms/ozon-foto-tovarov,ru,complete,published,complete
/en/platforms/ozon-product-photos,en,complete,published,complete
/kk/platforms/ozon-product-photos,kk,machine draft,needs_review,machine draft
/ky/platforms/ozon-product-photos,ky,machine draft,needs_review,machine draft
/uz/platforms/ozon-product-photos,uz,machine draft,needs_review,machine draft
/tg/platforms/ozon-product-photos,tg,machine draft,needs_review,machine draft
/tr/platforms/ozon-product-photos,tr,machine draft,needs_review,machine draft
/az/platforms/ozon-product-photos,az,machine draft,needs_review,machine draft
/ar/platforms/ozon-product-photos,ar,machine draft,needs_review,machine draft
/es/platforms/ozon-product-photos,es,machine draft,needs_review,machine draft
/pt/platforms/ozon-product-photos,pt,machine draft,needs_review,machine draft
/fr/platforms/ozon-product-photos,fr,machine draft,needs_review,machine draft
/de/platforms/ozon-product-photos,de,machine draft,needs_review,machine draft
/it/platforms/ozon-product-photos,it,machine draft,needs_review,machine draft
/pl/platforms/ozon-product-photos,pl,machine draft,needs_review,machine draft
/uk/platforms/ozon-product-photos,uk,machine draft,needs_review,machine draft
/hi/platforms/ozon-product-photos,hi,machine draft,needs_review,machine draft
/id/platforms/ozon-product-photos,id,machine draft,needs_review,machine draft
/vi/platforms/ozon-product-photos,vi,machine draft,needs_review,machine draft
/zh/platforms/ozon-product-photos,zh,machine draft,needs_review,machine draft
/ru/platforms/ebay-foto-tovarov,ru,complete,published,complete
/en/platforms/ebay-product-photos,en,complete,published,complete
/kk/platforms/ebay-product-photos,kk,machine draft,needs_review,machine draft
/ky/platforms/ebay-product-photos,ky,machine draft,needs_review,machine draft
/uz/platforms/ebay-product-photos,uz,machine draft,needs_review,machine draft
/tg/platforms/ebay-product-photos,tg,machine draft,needs_review,machine draft
/tr/platforms/ebay-product-photos,tr,machine draft,needs_review,machine draft
/az/platforms/ebay-product-photos,az,machine draft,needs_review,machine draft
/ar/platforms/ebay-product-photos,ar,machine draft,needs_review,machine draft
/es/platforms/ebay-product-photos,es,machine draft,needs_review,machine draft
/pt/platforms/ebay-product-photos,pt,machine draft,needs_review,machine draft
/fr/platforms/ebay-product-photos,fr,machine draft,needs_review,machine draft
/de/platforms/ebay-product-photos,de,machine draft,needs_review,machine draft
/it/platforms/ebay-product-photos,it,machine draft,needs_review,machine draft
/pl/platforms/ebay-product-photos,pl,machine draft,needs_review,machine draft
/uk/platforms/ebay-product-photos,uk,machine draft,needs_review,machine draft
/hi/platforms/ebay-product-photos,hi,machine draft,needs_review,machine draft
/id/platforms/ebay-product-photos,id,machine draft,needs_review,machine draft
/vi/platforms/ebay-product-photos,vi,machine draft,needs_review,machine draft
/zh/platforms/ebay-product-photos,zh,machine draft,needs_review,machine draft
/ru/platforms/amazon-foto-tovarov,ru,complete,published,complete
/en/platforms/amazon-product-photos,en,complete,published,complete
/kk/platforms/amazon-product-photos,kk,machine draft,needs_review,machine draft
/ky/platforms/amazon-product-photos,ky,machine draft,needs_review,machine draft
/uz/platforms/amazon-product-photos,uz,machine draft,needs_review,machine draft
/tg/platforms/amazon-product-photos,tg,machine draft,needs_review,machine draft
/tr/platforms/amazon-product-photos,tr,machine draft,needs_review,machine draft
/az/platforms/amazon-product-photos,az,machine draft,needs_review,machine draft
/ar/platforms/amazon-product-photos,ar,machine draft,needs_review,machine draft
/es/platforms/amazon-product-photos,es,machine draft,needs_review,machine draft
/pt/platforms/amazon-product-photos,pt,machine draft,needs_review,machine draft
/fr/platforms/amazon-product-photos,fr,machine draft,needs_review,machine draft
/de/platforms/amazon-product-photos,de,machine draft,needs_review,machine draft
/it/platforms/amazon-product-photos,it,machine draft,needs_review,machine draft
/pl/platforms/amazon-product-photos,pl,machine draft,needs_review,machine draft
/uk/platforms/amazon-product-photos,uk,machine draft,needs_review,machine draft
/hi/platforms/amazon-product-photos,hi,machine draft,needs_review,machine draft
/id/platforms/amazon-product-photos,id,machine draft,needs_review,machine draft
/vi/platforms/amazon-product-photos,vi,machine draft,needs_review,machine draft
/zh/platforms/amazon-product-photos,zh,machine draft,needs_review,machine draft
/ru/platforms/etsy-foto-tovarov,ru,complete,published,complete
/en/platforms/etsy-product-photos,en,complete,published,complete
/kk/platforms/etsy-product-photos,kk,machine draft,needs_review,machine draft
/ky/platforms/etsy-product-photos,ky,machine draft,needs_review,machine draft
/uz/platforms/etsy-product-photos,uz,machine draft,needs_review,machine draft
/tg/platforms/etsy-product-photos,tg,machine draft,needs_review,machine draft
/tr/platforms/etsy-product-photos,tr,machine draft,needs_review,machine draft
/az/platforms/etsy-product-photos,az,machine draft,needs_review,machine draft
/ar/platforms/etsy-product-photos,ar,machine draft,needs_review,machine draft
/es/platforms/etsy-product-photos,es,machine draft,needs_review,machine draft
/pt/platforms/etsy-product-photos,pt,machine draft,needs_review,machine draft
/fr/platforms/etsy-product-photos,fr,machine draft,needs_review,machine draft
/de/platforms/etsy-product-photos,de,machine draft,needs_review,machine draft
/it/platforms/etsy-product-photos,it,machine draft,needs_review,machine draft
/pl/platforms/etsy-product-photos,pl,machine draft,needs_review,machine draft
/uk/platforms/etsy-product-photos,uk,machine draft,needs_review,machine draft
/hi/platforms/etsy-product-photos,hi,machine draft,needs_review,machine draft
/id/platforms/etsy-product-photos,id,machine draft,needs_review,machine draft
/vi/platforms/etsy-product-photos,vi,machine draft,needs_review,machine draft
/zh/platforms/etsy-product-photos,zh,machine draft,needs_review,machine draft
/ru/platforms/shopify-foto-tovarov,ru,complete,published,complete
/en/platforms/shopify-product-photos,en,complete,published,complete
/kk/platforms/shopify-product-photos,kk,machine draft,needs_review,machine draft
/ky/platforms/shopify-product-photos,ky,machine draft,needs_review,machine draft
/uz/platforms/shopify-product-photos,uz,machine draft,needs_review,machine draft
/tg/platforms/shopify-product-photos,tg,machine draft,needs_review,machine draft
/tr/platforms/shopify-product-photos,tr,machine draft,needs_review,machine draft
/az/platforms/shopify-product-photos,az,machine draft,needs_review,machine draft
/ar/platforms/shopify-product-photos,ar,machine draft,needs_review,machine draft
/es/platforms/shopify-product-photos,es,machine draft,needs_review,machine draft
/pt/platforms/shopify-product-photos,pt,machine draft,needs_review,machine draft
/fr/platforms/shopify-product-photos,fr,machine draft,needs_review,machine draft
/de/platforms/shopify-product-photos,de,machine draft,needs_review,machine draft
/it/platforms/shopify-product-photos,it,machine draft,needs_review,machine draft
/pl/platforms/shopify-product-photos,pl,machine draft,needs_review,machine draft
/uk/platforms/shopify-product-photos,uk,machine draft,needs_review,machine draft
/hi/platforms/shopify-product-photos,hi,machine draft,needs_review,machine draft
/id/platforms/shopify-product-photos,id,machine draft,needs_review,machine draft
/vi/platforms/shopify-product-photos,vi,machine draft,needs_review,machine draft
/zh/platforms/shopify-product-photos,zh,machine draft,needs_review,machine draft
/ru/platforms/instagram-shop-foto-tovarov,ru,complete,published,complete
/en/platforms/instagram-shop-product-photos,en,complete,published,complete
/kk/platforms/instagram-shop-product-photos,kk,machine draft,needs_review,machine draft
/ky/platforms/instagram-shop-product-photos,ky,machine draft,needs_review,machine draft
/uz/platforms/instagram-shop-product-photos,uz,machine draft,needs_review,machine draft
/tg/platforms/instagram-shop-product-photos,tg,machine draft,needs_review,machine draft
/tr/platforms/instagram-shop-product-photos,tr,machine draft,needs_review,machine draft
/az/platforms/instagram-shop-product-photos,az,machine draft,needs_review,machine draft
/ar/platforms/instagram-shop-product-photos,ar,machine draft,needs_review,machine draft
/es/platforms/instagram-shop-product-photos,es,machine draft,needs_review,machine draft
/pt/platforms/instagram-shop-product-photos,pt,machine draft,needs_review,machine draft
/fr/platforms/instagram-shop-product-photos,fr,machine draft,needs_review,machine draft
/de/platforms/instagram-shop-product-photos,de,machine draft,needs_review,machine draft
/it/platforms/instagram-shop-product-photos,it,machine draft,needs_review,machine draft
/pl/platforms/instagram-shop-product-photos,pl,machine draft,needs_review,machine draft
/uk/platforms/instagram-shop-product-photos,uk,machine draft,needs_review,machine draft
/hi/platforms/instagram-shop-product-photos,hi,machine draft,needs_review,machine draft
/id/platforms/instagram-shop-product-photos,id,machine draft,needs_review,machine draft
/vi/platforms/instagram-shop-product-photos,vi,machine draft,needs_review,machine draft
/zh/platforms/instagram-shop-product-photos,zh,machine draft,needs_review,machine draft
/ru/platforms/tiktok-shop-foto-tovarov,ru,complete,published,complete
/en/platforms/tiktok-shop-product-photos,en,complete,published,complete
/kk/platforms/tiktok-shop-product-photos,kk,machine draft,needs_review,machine draft
/ky/platforms/tiktok-shop-product-photos,ky,machine draft,needs_review,machine draft
/uz/platforms/tiktok-shop-product-photos,uz,machine draft,needs_review,machine draft
/tg/platforms/tiktok-shop-product-photos,tg,machine draft,needs_review,machine draft
/tr/platforms/tiktok-shop-product-photos,tr,machine draft,needs_review,machine draft
/az/platforms/tiktok-shop-product-photos,az,machine draft,needs_review,machine draft
/ar/platforms/tiktok-shop-product-photos,ar,machine draft,needs_review,machine draft
/es/platforms/tiktok-shop-product-photos,es,machine draft,needs_review,machine draft
/pt/platforms/tiktok-shop-product-photos,pt,machine draft,needs_review,machine draft
/fr/platforms/tiktok-shop-product-photos,fr,machine draft,needs_review,machine draft
/de/platforms/tiktok-shop-product-photos,de,machine draft,needs_review,machine draft
/it/platforms/tiktok-shop-product-photos,it,machine draft,needs_review,machine draft
/pl/platforms/tiktok-shop-product-photos,pl,machine draft,needs_review,machine draft
/uk/platforms/tiktok-shop-product-photos,uk,machine draft,needs_review,machine draft
/hi/platforms/tiktok-shop-product-photos,hi,machine draft,needs_review,machine draft
/id/platforms/tiktok-shop-product-photos,id,machine draft,needs_review,machine draft
/vi/platforms/tiktok-shop-product-photos,vi,machine draft,needs_review,machine draft
/zh/platforms/tiktok-shop-product-photos,zh,machine draft,needs_review,machine draft
/ru/platforms/facebook-marketplace-foto-tovarov,ru,complete,published,complete
/en/platforms/facebook-marketplace-product-photos,en,complete,published,complete
/kk/platforms/facebook-marketplace-product-photos,kk,machine draft,needs_review,machine draft
/ky/platforms/facebook-marketplace-product-photos,ky,machine draft,needs_review,machine draft
/uz/platforms/facebook-marketplace-product-photos,uz,machine draft,needs_review,machine draft
/tg/platforms/facebook-marketplace-product-photos,tg,machine draft,needs_review,machine draft
/tr/platforms/facebook-marketplace-product-photos,tr,machine draft,needs_review,machine draft
/az/platforms/facebook-marketplace-product-photos,az,machine draft,needs_review,machine draft
/ar/platforms/facebook-marketplace-product-photos,ar,machine draft,needs_review,machine draft
/es/platforms/facebook-marketplace-product-photos,es,machine draft,needs_review,machine draft
/pt/platforms/facebook-marketplace-product-photos,pt,machine draft,needs_review,machine draft
/fr/platforms/facebook-marketplace-product-photos,fr,machine draft,needs_review,machine draft
/de/platforms/facebook-marketplace-product-photos,de,machine draft,needs_review,machine draft
/it/platforms/facebook-marketplace-product-photos,it,machine draft,needs_review,machine draft
/pl/platforms/facebook-marketplace-product-photos,pl,machine draft,needs_review,machine draft
/uk/platforms/facebook-marketplace-product-photos,uk,machine draft,needs_review,machine draft
/hi/platforms/facebook-marketplace-product-photos,hi,machine draft,needs_review,machine draft
/id/platforms/facebook-marketplace-product-photos,id,machine draft,needs_review,machine draft
/vi/platforms/facebook-marketplace-product-photos,vi,machine draft,needs_review,machine draft
/zh/platforms/facebook-marketplace-product-photos,zh,machine draft,needs_review,machine draft
/ru/platforms/olx-foto-tovarov,ru,complete,published,complete
/en/platforms/olx-product-photos,en,complete,published,complete
/kk/platforms/olx-product-photos,kk,machine draft,needs_review,machine draft
/ky/platforms/olx-product-photos,ky,machine draft,needs_review,machine draft
/uz/platforms/olx-product-photos,uz,machine draft,needs_review,machine draft
/tg/platforms/olx-product-photos,tg,machine draft,needs_review,machine draft
/tr/platforms/olx-product-photos,tr,machine draft,needs_review,machine draft
/az/platforms/olx-product-photos,az,machine draft,needs_review,machine draft
/ar/platforms/olx-product-photos,ar,machine draft,needs_review,machine draft
/es/platforms/olx-product-photos,es,machine draft,needs_review,machine draft
/pt/platforms/olx-product-photos,pt,machine draft,needs_review,machine draft
/fr/platforms/olx-product-photos,fr,machine draft,needs_review,machine draft
/de/platforms/olx-product-photos,de,machine draft,needs_review,machine draft
/it/platforms/olx-product-photos,it,machine draft,needs_review,machine draft
/pl/platforms/olx-product-photos,pl,machine draft,needs_review,machine draft
/uk/platforms/olx-product-photos,uk,machine draft,needs_review,machine draft
/hi/platforms/olx-product-photos,hi,machine draft,needs_review,machine draft
/id/platforms/olx-product-photos,id,machine draft,needs_review,machine draft
/vi/platforms/olx-product-photos,vi,machine draft,needs_review,machine draft
/zh/platforms/olx-product-photos,zh,machine draft,needs_review,machine draft
/ru/platforms/aliexpress-foto-tovarov,ru,complete,published,complete
/en/platforms/aliexpress-product-photos,en,complete,published,complete
/kk/platforms/aliexpress-product-photos,kk,machine draft,needs_review,machine draft
/ky/platforms/aliexpress-product-photos,ky,machine draft,needs_review,machine draft
/uz/platforms/aliexpress-product-photos,uz,machine draft,needs_review,machine draft
/tg/platforms/aliexpress-product-photos,tg,machine draft,needs_review,machine draft
/tr/platforms/aliexpress-product-photos,tr,machine draft,needs_review,machine draft
/az/platforms/aliexpress-product-photos,az,machine draft,needs_review,machine draft
/ar/platforms/aliexpress-product-photos,ar,machine draft,needs_review,machine draft
/es/platforms/aliexpress-product-photos,es,machine draft,needs_review,machine draft
/pt/platforms/aliexpress-product-photos,pt,machine draft,needs_review,machine draft
/fr/platforms/aliexpress-product-photos,fr,machine draft,needs_review,machine draft
/de/platforms/aliexpress-product-photos,de,machine draft,needs_review,machine draft
/it/platforms/aliexpress-product-photos,it,machine draft,needs_review,machine draft
/pl/platforms/aliexpress-product-photos,pl,machine draft,needs_review,machine draft
/uk/platforms/aliexpress-product-photos,uk,machine draft,needs_review,machine draft
/hi/platforms/aliexpress-product-photos,hi,machine draft,needs_review,machine draft
/id/platforms/aliexpress-product-photos,id,machine draft,needs_review,machine draft
/vi/platforms/aliexpress-product-photos,vi,machine draft,needs_review,machine draft
/zh/platforms/aliexpress-product-photos,zh,machine draft,needs_review,machine draft
/ru/platforms/temu-foto-tovarov,ru,complete,published,complete
/en/platforms/temu-product-photos,en,complete,published,complete
/kk/platforms/temu-product-photos,kk,machine draft,needs_review,machine draft
/ky/platforms/temu-product-photos,ky,machine draft,needs_review,machine draft
/uz/platforms/temu-product-photos,uz,machine draft,needs_review,machine draft
/tg/platforms/temu-product-photos,tg,machine draft,needs_review,machine draft
/tr/platforms/temu-product-photos,tr,machine draft,needs_review,machine draft
/az/platforms/temu-product-photos,az,machine draft,needs_review,machine draft
/ar/platforms/temu-product-photos,ar,machine draft,needs_review,machine draft
/es/platforms/temu-product-photos,es,machine draft,needs_review,machine draft
/pt/platforms/temu-product-photos,pt,machine draft,needs_review,machine draft
/fr/platforms/temu-product-photos,fr,machine draft,needs_review,machine draft
/de/platforms/temu-product-photos,de,machine draft,needs_review,machine draft
/it/platforms/temu-product-photos,it,machine draft,needs_review,machine draft
/pl/platforms/temu-product-photos,pl,machine draft,needs_review,machine draft
/uk/platforms/temu-product-photos,uk,machine draft,needs_review,machine draft
/hi/platforms/temu-product-photos,hi,machine draft,needs_review,machine draft
/id/platforms/temu-product-photos,id,machine draft,needs_review,machine draft
/vi/platforms/temu-product-photos,vi,machine draft,needs_review,machine draft
/zh/platforms/temu-product-photos,zh,machine draft,needs_review,machine draft
/ru/use-cases/odezhda-na-ai-modeli,ru,complete,published,complete
/en/use-cases/clothing-on-ai-model,en,complete,published,complete
/kk/use-cases/clothing-on-ai-model,kk,machine draft,needs_review,machine draft
/ky/use-cases/clothing-on-ai-model,ky,machine draft,needs_review,machine draft
/uz/use-cases/clothing-on-ai-model,uz,machine draft,needs_review,machine draft
/tg/use-cases/clothing-on-ai-model,tg,machine draft,needs_review,machine draft
/tr/use-cases/clothing-on-ai-model,tr,machine draft,needs_review,machine draft
/az/use-cases/clothing-on-ai-model,az,machine draft,needs_review,machine draft
/ar/use-cases/clothing-on-ai-model,ar,machine draft,needs_review,machine draft
/es/use-cases/clothing-on-ai-model,es,machine draft,needs_review,machine draft
/pt/use-cases/clothing-on-ai-model,pt,machine draft,needs_review,machine draft
/fr/use-cases/clothing-on-ai-model,fr,machine draft,needs_review,machine draft
/de/use-cases/clothing-on-ai-model,de,machine draft,needs_review,machine draft
/it/use-cases/clothing-on-ai-model,it,machine draft,needs_review,machine draft
/pl/use-cases/clothing-on-ai-model,pl,machine draft,needs_review,machine draft
/uk/use-cases/clothing-on-ai-model,uk,machine draft,needs_review,machine draft
/hi/use-cases/clothing-on-ai-model,hi,machine draft,needs_review,machine draft
/id/use-cases/clothing-on-ai-model,id,machine draft,needs_review,machine draft
/vi/use-cases/clothing-on-ai-model,vi,machine draft,needs_review,machine draft
/zh/use-cases/clothing-on-ai-model,zh,machine draft,needs_review,machine draft
/ru/use-cases/bele-na-ai-modeli,ru,complete,published,complete
/en/use-cases/lingerie-on-ai-model,en,complete,published,complete
/kk/use-cases/lingerie-on-ai-model,kk,machine draft,needs_review,machine draft
/ky/use-cases/lingerie-on-ai-model,ky,machine draft,needs_review,machine draft
/uz/use-cases/lingerie-on-ai-model,uz,machine draft,needs_review,machine draft
/tg/use-cases/lingerie-on-ai-model,tg,machine draft,needs_review,machine draft
/tr/use-cases/lingerie-on-ai-model,tr,machine draft,needs_review,machine draft
/az/use-cases/lingerie-on-ai-model,az,machine draft,needs_review,machine draft
/ar/use-cases/lingerie-on-ai-model,ar,machine draft,needs_review,machine draft
/es/use-cases/lingerie-on-ai-model,es,machine draft,needs_review,machine draft
/pt/use-cases/lingerie-on-ai-model,pt,machine draft,needs_review,machine draft
/fr/use-cases/lingerie-on-ai-model,fr,machine draft,needs_review,machine draft
/de/use-cases/lingerie-on-ai-model,de,machine draft,needs_review,machine draft
/it/use-cases/lingerie-on-ai-model,it,machine draft,needs_review,machine draft
/pl/use-cases/lingerie-on-ai-model,pl,machine draft,needs_review,machine draft
/uk/use-cases/lingerie-on-ai-model,uk,machine draft,needs_review,machine draft
/hi/use-cases/lingerie-on-ai-model,hi,machine draft,needs_review,machine draft
/id/use-cases/lingerie-on-ai-model,id,machine draft,needs_review,machine draft
/vi/use-cases/lingerie-on-ai-model,vi,machine draft,needs_review,machine draft
/zh/use-cases/lingerie-on-ai-model,zh,machine draft,needs_review,machine draft
/ru/use-cases/plus-size-model-foto,ru,complete,published,complete
/en/use-cases/plus-size-model-photos,en,complete,published,complete
/kk/use-cases/plus-size-model-photos,kk,machine draft,needs_review,machine draft
/ky/use-cases/plus-size-model-photos,ky,machine draft,needs_review,machine draft
/uz/use-cases/plus-size-model-photos,uz,machine draft,needs_review,machine draft
/tg/use-cases/plus-size-model-photos,tg,machine draft,needs_review,machine draft
/tr/use-cases/plus-size-model-photos,tr,machine draft,needs_review,machine draft
/az/use-cases/plus-size-model-photos,az,machine draft,needs_review,machine draft
/ar/use-cases/plus-size-model-photos,ar,machine draft,needs_review,machine draft
/es/use-cases/plus-size-model-photos,es,machine draft,needs_review,machine draft
/pt/use-cases/plus-size-model-photos,pt,machine draft,needs_review,machine draft
/fr/use-cases/plus-size-model-photos,fr,machine draft,needs_review,machine draft
/de/use-cases/plus-size-model-photos,de,machine draft,needs_review,machine draft
/it/use-cases/plus-size-model-photos,it,machine draft,needs_review,machine draft
/pl/use-cases/plus-size-model-photos,pl,machine draft,needs_review,machine draft
/uk/use-cases/plus-size-model-photos,uk,machine draft,needs_review,machine draft
/hi/use-cases/plus-size-model-photos,hi,machine draft,needs_review,machine draft
/id/use-cases/plus-size-model-photos,id,machine draft,needs_review,machine draft
/vi/use-cases/plus-size-model-photos,vi,machine draft,needs_review,machine draft
/zh/use-cases/plus-size-model-photos,zh,machine draft,needs_review,machine draft
/ru/use-cases/foto-bizhuterii,ru,complete,published,complete
/en/use-cases/jewelry-product-photos,en,complete,published,complete
/kk/use-cases/jewelry-product-photos,kk,machine draft,needs_review,machine draft
/ky/use-cases/jewelry-product-photos,ky,machine draft,needs_review,machine draft
/uz/use-cases/jewelry-product-photos,uz,machine draft,needs_review,machine draft
/tg/use-cases/jewelry-product-photos,tg,machine draft,needs_review,machine draft
/tr/use-cases/jewelry-product-photos,tr,machine draft,needs_review,machine draft
/az/use-cases/jewelry-product-photos,az,machine draft,needs_review,machine draft
/ar/use-cases/jewelry-product-photos,ar,machine draft,needs_review,machine draft
/es/use-cases/jewelry-product-photos,es,machine draft,needs_review,machine draft
/pt/use-cases/jewelry-product-photos,pt,machine draft,needs_review,machine draft
/fr/use-cases/jewelry-product-photos,fr,machine draft,needs_review,machine draft
/de/use-cases/jewelry-product-photos,de,machine draft,needs_review,machine draft
/it/use-cases/jewelry-product-photos,it,machine draft,needs_review,machine draft
/pl/use-cases/jewelry-product-photos,pl,machine draft,needs_review,machine draft
/uk/use-cases/jewelry-product-photos,uk,machine draft,needs_review,machine draft
/hi/use-cases/jewelry-product-photos,hi,machine draft,needs_review,machine draft
/id/use-cases/jewelry-product-photos,id,machine draft,needs_review,machine draft
/vi/use-cases/jewelry-product-photos,vi,machine draft,needs_review,machine draft
/zh/use-cases/jewelry-product-photos,zh,machine draft,needs_review,machine draft
/ru/use-cases/foto-obuvi,ru,complete,published,complete
/en/use-cases/shoes-product-photos,en,complete,published,complete
/kk/use-cases/shoes-product-photos,kk,machine draft,needs_review,machine draft
/ky/use-cases/shoes-product-photos,ky,machine draft,needs_review,machine draft
/uz/use-cases/shoes-product-photos,uz,machine draft,needs_review,machine draft
/tg/use-cases/shoes-product-photos,tg,machine draft,needs_review,machine draft
/tr/use-cases/shoes-product-photos,tr,machine draft,needs_review,machine draft
/az/use-cases/shoes-product-photos,az,machine draft,needs_review,machine draft
/ar/use-cases/shoes-product-photos,ar,machine draft,needs_review,machine draft
/es/use-cases/shoes-product-photos,es,machine draft,needs_review,machine draft
/pt/use-cases/shoes-product-photos,pt,machine draft,needs_review,machine draft
/fr/use-cases/shoes-product-photos,fr,machine draft,needs_review,machine draft
/de/use-cases/shoes-product-photos,de,machine draft,needs_review,machine draft
/it/use-cases/shoes-product-photos,it,machine draft,needs_review,machine draft
/pl/use-cases/shoes-product-photos,pl,machine draft,needs_review,machine draft
/uk/use-cases/shoes-product-photos,uk,machine draft,needs_review,machine draft
/hi/use-cases/shoes-product-photos,hi,machine draft,needs_review,machine draft
/id/use-cases/shoes-product-photos,id,machine draft,needs_review,machine draft
/vi/use-cases/shoes-product-photos,vi,machine draft,needs_review,machine draft
/zh/use-cases/shoes-product-photos,zh,machine draft,needs_review,machine draft
/ru/use-cases/foto-sumok,ru,complete,published,complete
/en/use-cases/bags-product-photos,en,complete,published,complete
/kk/use-cases/bags-product-photos,kk,machine draft,needs_review,machine draft
/ky/use-cases/bags-product-photos,ky,machine draft,needs_review,machine draft
/uz/use-cases/bags-product-photos,uz,machine draft,needs_review,machine draft
/tg/use-cases/bags-product-photos,tg,machine draft,needs_review,machine draft
/tr/use-cases/bags-product-photos,tr,machine draft,needs_review,machine draft
/az/use-cases/bags-product-photos,az,machine draft,needs_review,machine draft
/ar/use-cases/bags-product-photos,ar,machine draft,needs_review,machine draft
/es/use-cases/bags-product-photos,es,machine draft,needs_review,machine draft
/pt/use-cases/bags-product-photos,pt,machine draft,needs_review,machine draft
/fr/use-cases/bags-product-photos,fr,machine draft,needs_review,machine draft
/de/use-cases/bags-product-photos,de,machine draft,needs_review,machine draft
/it/use-cases/bags-product-photos,it,machine draft,needs_review,machine draft
/pl/use-cases/bags-product-photos,pl,machine draft,needs_review,machine draft
/uk/use-cases/bags-product-photos,uk,machine draft,needs_review,machine draft
/hi/use-cases/bags-product-photos,hi,machine draft,needs_review,machine draft
/id/use-cases/bags-product-photos,id,machine draft,needs_review,machine draft
/vi/use-cases/bags-product-photos,vi,machine draft,needs_review,machine draft
/zh/use-cases/bags-product-photos,zh,machine draft,needs_review,machine draft
/ru/use-cases/foto-kosmetiki,ru,complete,published,complete
/en/use-cases/cosmetics-product-photos,en,complete,published,complete
/kk/use-cases/cosmetics-product-photos,kk,machine draft,needs_review,machine draft
/ky/use-cases/cosmetics-product-photos,ky,machine draft,needs_review,machine draft
/uz/use-cases/cosmetics-product-photos,uz,machine draft,needs_review,machine draft
/tg/use-cases/cosmetics-product-photos,tg,machine draft,needs_review,machine draft
/tr/use-cases/cosmetics-product-photos,tr,machine draft,needs_review,machine draft
/az/use-cases/cosmetics-product-photos,az,machine draft,needs_review,machine draft
/ar/use-cases/cosmetics-product-photos,ar,machine draft,needs_review,machine draft
/es/use-cases/cosmetics-product-photos,es,machine draft,needs_review,machine draft
/pt/use-cases/cosmetics-product-photos,pt,machine draft,needs_review,machine draft
/fr/use-cases/cosmetics-product-photos,fr,machine draft,needs_review,machine draft
/de/use-cases/cosmetics-product-photos,de,machine draft,needs_review,machine draft
/it/use-cases/cosmetics-product-photos,it,machine draft,needs_review,machine draft
/pl/use-cases/cosmetics-product-photos,pl,machine draft,needs_review,machine draft
/uk/use-cases/cosmetics-product-photos,uk,machine draft,needs_review,machine draft
/hi/use-cases/cosmetics-product-photos,hi,machine draft,needs_review,machine draft
/id/use-cases/cosmetics-product-photos,id,machine draft,needs_review,machine draft
/vi/use-cases/cosmetics-product-photos,vi,machine draft,needs_review,machine draft
/zh/use-cases/cosmetics-product-photos,zh,machine draft,needs_review,machine draft
/ru/use-cases/belyy-fon-dlya-marketpleysa,ru,complete,published,complete
/en/use-cases/marketplace-white-background,en,complete,published,complete
/kk/use-cases/marketplace-white-background,kk,machine draft,needs_review,machine draft
/ky/use-cases/marketplace-white-background,ky,machine draft,needs_review,machine draft
/uz/use-cases/marketplace-white-background,uz,machine draft,needs_review,machine draft
/tg/use-cases/marketplace-white-background,tg,machine draft,needs_review,machine draft
/tr/use-cases/marketplace-white-background,tr,machine draft,needs_review,machine draft
/az/use-cases/marketplace-white-background,az,machine draft,needs_review,machine draft
/ar/use-cases/marketplace-white-background,ar,machine draft,needs_review,machine draft
/es/use-cases/marketplace-white-background,es,machine draft,needs_review,machine draft
/pt/use-cases/marketplace-white-background,pt,machine draft,needs_review,machine draft
/fr/use-cases/marketplace-white-background,fr,machine draft,needs_review,machine draft
/de/use-cases/marketplace-white-background,de,machine draft,needs_review,machine draft
/it/use-cases/marketplace-white-background,it,machine draft,needs_review,machine draft
/pl/use-cases/marketplace-white-background,pl,machine draft,needs_review,machine draft
/uk/use-cases/marketplace-white-background,uk,machine draft,needs_review,machine draft
/hi/use-cases/marketplace-white-background,hi,machine draft,needs_review,machine draft
/id/use-cases/marketplace-white-background,id,machine draft,needs_review,machine draft
/vi/use-cases/marketplace-white-background,vi,machine draft,needs_review,machine draft
/zh/use-cases/marketplace-white-background,zh,machine draft,needs_review,machine draft
/ru/use-cases/foto-tovara-dlya-instagram,ru,complete,published,complete
/en/use-cases/instagram-product-photos,en,complete,published,complete
/kk/use-cases/instagram-product-photos,kk,machine draft,needs_review,machine draft
/ky/use-cases/instagram-product-photos,ky,machine draft,needs_review,machine draft
/uz/use-cases/instagram-product-photos,uz,machine draft,needs_review,machine draft
/tg/use-cases/instagram-product-photos,tg,machine draft,needs_review,machine draft
/tr/use-cases/instagram-product-photos,tr,machine draft,needs_review,machine draft
/az/use-cases/instagram-product-photos,az,machine draft,needs_review,machine draft
/ar/use-cases/instagram-product-photos,ar,machine draft,needs_review,machine draft
/es/use-cases/instagram-product-photos,es,machine draft,needs_review,machine draft
/pt/use-cases/instagram-product-photos,pt,machine draft,needs_review,machine draft
/fr/use-cases/instagram-product-photos,fr,machine draft,needs_review,machine draft
/de/use-cases/instagram-product-photos,de,machine draft,needs_review,machine draft
/it/use-cases/instagram-product-photos,it,machine draft,needs_review,machine draft
/pl/use-cases/instagram-product-photos,pl,machine draft,needs_review,machine draft
/uk/use-cases/instagram-product-photos,uk,machine draft,needs_review,machine draft
/hi/use-cases/instagram-product-photos,hi,machine draft,needs_review,machine draft
/id/use-cases/instagram-product-photos,id,machine draft,needs_review,machine draft
/vi/use-cases/instagram-product-photos,vi,machine draft,needs_review,machine draft
/zh/use-cases/instagram-product-photos,zh,machine draft,needs_review,machine draft
/ru/use-cases/video-tovara-iz-foto,ru,complete,published,complete
/en/use-cases/product-video-from-photo,en,complete,published,complete
/kk/use-cases/product-video-from-photo,kk,machine draft,needs_review,machine draft
/ky/use-cases/product-video-from-photo,ky,machine draft,needs_review,machine draft
/uz/use-cases/product-video-from-photo,uz,machine draft,needs_review,machine draft
/tg/use-cases/product-video-from-photo,tg,machine draft,needs_review,machine draft
/tr/use-cases/product-video-from-photo,tr,machine draft,needs_review,machine draft
/az/use-cases/product-video-from-photo,az,machine draft,needs_review,machine draft
/ar/use-cases/product-video-from-photo,ar,machine draft,needs_review,machine draft
/es/use-cases/product-video-from-photo,es,machine draft,needs_review,machine draft
/pt/use-cases/product-video-from-photo,pt,machine draft,needs_review,machine draft
/fr/use-cases/product-video-from-photo,fr,machine draft,needs_review,machine draft
/de/use-cases/product-video-from-photo,de,machine draft,needs_review,machine draft
/it/use-cases/product-video-from-photo,it,machine draft,needs_review,machine draft
/pl/use-cases/product-video-from-photo,pl,machine draft,needs_review,machine draft
/uk/use-cases/product-video-from-photo,uk,machine draft,needs_review,machine draft
/hi/use-cases/product-video-from-photo,hi,machine draft,needs_review,machine draft
/id/use-cases/product-video-from-photo,id,machine draft,needs_review,machine draft
/vi/use-cases/product-video-from-photo,vi,machine draft,needs_review,machine draft
/zh/use-cases/product-video-from-photo,zh,machine draft,needs_review,machine draft
/ru/use-cases/reels-iz-foto-tovara,ru,complete,published,complete
/en/use-cases/reels-from-product-image,en,complete,published,complete
/kk/use-cases/reels-from-product-image,kk,machine draft,needs_review,machine draft
/ky/use-cases/reels-from-product-image,ky,machine draft,needs_review,machine draft
/uz/use-cases/reels-from-product-image,uz,machine draft,needs_review,machine draft
/tg/use-cases/reels-from-product-image,tg,machine draft,needs_review,machine draft
/tr/use-cases/reels-from-product-image,tr,machine draft,needs_review,machine draft
/az/use-cases/reels-from-product-image,az,machine draft,needs_review,machine draft
/ar/use-cases/reels-from-product-image,ar,machine draft,needs_review,machine draft
/es/use-cases/reels-from-product-image,es,machine draft,needs_review,machine draft
/pt/use-cases/reels-from-product-image,pt,machine draft,needs_review,machine draft
/fr/use-cases/reels-from-product-image,fr,machine draft,needs_review,machine draft
/de/use-cases/reels-from-product-image,de,machine draft,needs_review,machine draft
/it/use-cases/reels-from-product-image,it,machine draft,needs_review,machine draft
/pl/use-cases/reels-from-product-image,pl,machine draft,needs_review,machine draft
/uk/use-cases/reels-from-product-image,uk,machine draft,needs_review,machine draft
/hi/use-cases/reels-from-product-image,hi,machine draft,needs_review,machine draft
/id/use-cases/reels-from-product-image,id,machine draft,needs_review,machine draft
/vi/use-cases/reels-from-product-image,vi,machine draft,needs_review,machine draft
/zh/use-cases/reels-from-product-image,zh,machine draft,needs_review,machine draft
/ru/use-cases/ai-zamena-fona,ru,complete,published,complete
/en/use-cases/ai-background-replacement,en,complete,published,complete
/kk/use-cases/ai-background-replacement,kk,machine draft,needs_review,machine draft
/ky/use-cases/ai-background-replacement,ky,machine draft,needs_review,machine draft
/uz/use-cases/ai-background-replacement,uz,machine draft,needs_review,machine draft
/tg/use-cases/ai-background-replacement,tg,machine draft,needs_review,machine draft
/tr/use-cases/ai-background-replacement,tr,machine draft,needs_review,machine draft
/az/use-cases/ai-background-replacement,az,machine draft,needs_review,machine draft
/ar/use-cases/ai-background-replacement,ar,machine draft,needs_review,machine draft
/es/use-cases/ai-background-replacement,es,machine draft,needs_review,machine draft
/pt/use-cases/ai-background-replacement,pt,machine draft,needs_review,machine draft
/fr/use-cases/ai-background-replacement,fr,machine draft,needs_review,machine draft
/de/use-cases/ai-background-replacement,de,machine draft,needs_review,machine draft
/it/use-cases/ai-background-replacement,it,machine draft,needs_review,machine draft
/pl/use-cases/ai-background-replacement,pl,machine draft,needs_review,machine draft
/uk/use-cases/ai-background-replacement,uk,machine draft,needs_review,machine draft
/hi/use-cases/ai-background-replacement,hi,machine draft,needs_review,machine draft
/id/use-cases/ai-background-replacement,id,machine draft,needs_review,machine draft
/vi/use-cases/ai-background-replacement,vi,machine draft,needs_review,machine draft
/zh/use-cases/ai-background-replacement,zh,machine draft,needs_review,machine draft
/ru/use-cases/ochistka-tovarnogo-foto,ru,complete,published,complete
/en/use-cases/product-photo-cleanup,en,complete,published,complete
/kk/use-cases/product-photo-cleanup,kk,machine draft,needs_review,machine draft
/ky/use-cases/product-photo-cleanup,ky,machine draft,needs_review,machine draft
/uz/use-cases/product-photo-cleanup,uz,machine draft,needs_review,machine draft
/tg/use-cases/product-photo-cleanup,tg,machine draft,needs_review,machine draft
/tr/use-cases/product-photo-cleanup,tr,machine draft,needs_review,machine draft
/az/use-cases/product-photo-cleanup,az,machine draft,needs_review,machine draft
/ar/use-cases/product-photo-cleanup,ar,machine draft,needs_review,machine draft
/es/use-cases/product-photo-cleanup,es,machine draft,needs_review,machine draft
/pt/use-cases/product-photo-cleanup,pt,machine draft,needs_review,machine draft
/fr/use-cases/product-photo-cleanup,fr,machine draft,needs_review,machine draft
/de/use-cases/product-photo-cleanup,de,machine draft,needs_review,machine draft
/it/use-cases/product-photo-cleanup,it,machine draft,needs_review,machine draft
/pl/use-cases/product-photo-cleanup,pl,machine draft,needs_review,machine draft
/uk/use-cases/product-photo-cleanup,uk,machine draft,needs_review,machine draft
/hi/use-cases/product-photo-cleanup,hi,machine draft,needs_review,machine draft
/id/use-cases/product-photo-cleanup,id,machine draft,needs_review,machine draft
/vi/use-cases/product-photo-cleanup,vi,machine draft,needs_review,machine draft
/zh/use-cases/product-photo-cleanup,zh,machine draft,needs_review,machine draft
/ru/use-cases/tochnaya-tovarnaya-kartochka,ru,complete,published,complete
/en/use-cases/exact-product-card,en,complete,published,complete
/kk/use-cases/exact-product-card,kk,machine draft,needs_review,machine draft
/ky/use-cases/exact-product-card,ky,machine draft,needs_review,machine draft
/uz/use-cases/exact-product-card,uz,machine draft,needs_review,machine draft
/tg/use-cases/exact-product-card,tg,machine draft,needs_review,machine draft
/tr/use-cases/exact-product-card,tr,machine draft,needs_review,machine draft
/az/use-cases/exact-product-card,az,machine draft,needs_review,machine draft
/ar/use-cases/exact-product-card,ar,machine draft,needs_review,machine draft
/es/use-cases/exact-product-card,es,machine draft,needs_review,machine draft
/pt/use-cases/exact-product-card,pt,machine draft,needs_review,machine draft
/fr/use-cases/exact-product-card,fr,machine draft,needs_review,machine draft
/de/use-cases/exact-product-card,de,machine draft,needs_review,machine draft
/it/use-cases/exact-product-card,it,machine draft,needs_review,machine draft
/pl/use-cases/exact-product-card,pl,machine draft,needs_review,machine draft
/uk/use-cases/exact-product-card,uk,machine draft,needs_review,machine draft
/hi/use-cases/exact-product-card,hi,machine draft,needs_review,machine draft
/id/use-cases/exact-product-card,id,machine draft,needs_review,machine draft
/vi/use-cases/exact-product-card,vi,machine draft,needs_review,machine draft
/zh/use-cases/exact-product-card,zh,machine draft,needs_review,machine draft
/ru/use-cases/kreativnaya-scena-tovara,ru,complete,published,complete
/en/use-cases/creative-product-scene,en,complete,published,complete
/kk/use-cases/creative-product-scene,kk,machine draft,needs_review,machine draft
/ky/use-cases/creative-product-scene,ky,machine draft,needs_review,machine draft
/uz/use-cases/creative-product-scene,uz,machine draft,needs_review,machine draft
/tg/use-cases/creative-product-scene,tg,machine draft,needs_review,machine draft
/tr/use-cases/creative-product-scene,tr,machine draft,needs_review,machine draft
/az/use-cases/creative-product-scene,az,machine draft,needs_review,machine draft
/ar/use-cases/creative-product-scene,ar,machine draft,needs_review,machine draft
/es/use-cases/creative-product-scene,es,machine draft,needs_review,machine draft
/pt/use-cases/creative-product-scene,pt,machine draft,needs_review,machine draft
/fr/use-cases/creative-product-scene,fr,machine draft,needs_review,machine draft
/de/use-cases/creative-product-scene,de,machine draft,needs_review,machine draft
/it/use-cases/creative-product-scene,it,machine draft,needs_review,machine draft
/pl/use-cases/creative-product-scene,pl,machine draft,needs_review,machine draft
/uk/use-cases/creative-product-scene,uk,machine draft,needs_review,machine draft
/hi/use-cases/creative-product-scene,hi,machine draft,needs_review,machine draft
/id/use-cases/creative-product-scene,id,machine draft,needs_review,machine draft
/vi/use-cases/creative-product-scene,vi,machine draft,needs_review,machine draft
/zh/use-cases/creative-product-scene,zh,machine draft,needs_review,machine draft
/ru/use-cases/foto-dlya-ecommerce-kataloga,ru,complete,published,complete
/en/use-cases/ecommerce-catalog-photos,en,complete,published,complete
/kk/use-cases/ecommerce-catalog-photos,kk,machine draft,needs_review,machine draft
/ky/use-cases/ecommerce-catalog-photos,ky,machine draft,needs_review,machine draft
/uz/use-cases/ecommerce-catalog-photos,uz,machine draft,needs_review,machine draft
/tg/use-cases/ecommerce-catalog-photos,tg,machine draft,needs_review,machine draft
/tr/use-cases/ecommerce-catalog-photos,tr,machine draft,needs_review,machine draft
/az/use-cases/ecommerce-catalog-photos,az,machine draft,needs_review,machine draft
/ar/use-cases/ecommerce-catalog-photos,ar,machine draft,needs_review,machine draft
/es/use-cases/ecommerce-catalog-photos,es,machine draft,needs_review,machine draft
/pt/use-cases/ecommerce-catalog-photos,pt,machine draft,needs_review,machine draft
/fr/use-cases/ecommerce-catalog-photos,fr,machine draft,needs_review,machine draft
/de/use-cases/ecommerce-catalog-photos,de,machine draft,needs_review,machine draft
/it/use-cases/ecommerce-catalog-photos,it,machine draft,needs_review,machine draft
/pl/use-cases/ecommerce-catalog-photos,pl,machine draft,needs_review,machine draft
/uk/use-cases/ecommerce-catalog-photos,uk,machine draft,needs_review,machine draft
/hi/use-cases/ecommerce-catalog-photos,hi,machine draft,needs_review,machine draft
/id/use-cases/ecommerce-catalog-photos,id,machine draft,needs_review,machine draft
/vi/use-cases/ecommerce-catalog-photos,vi,machine draft,needs_review,machine draft
/zh/use-cases/ecommerce-catalog-photos,zh,machine draft,needs_review,machine draft
/ru/use-cases/foto-kataloga-postavshchika,ru,complete,published,complete
/en/use-cases/supplier-catalog-photos,en,complete,published,complete
/kk/use-cases/supplier-catalog-photos,kk,machine draft,needs_review,machine draft
/ky/use-cases/supplier-catalog-photos,ky,machine draft,needs_review,machine draft
/uz/use-cases/supplier-catalog-photos,uz,machine draft,needs_review,machine draft
/tg/use-cases/supplier-catalog-photos,tg,machine draft,needs_review,machine draft
/tr/use-cases/supplier-catalog-photos,tr,machine draft,needs_review,machine draft
/az/use-cases/supplier-catalog-photos,az,machine draft,needs_review,machine draft
/ar/use-cases/supplier-catalog-photos,ar,machine draft,needs_review,machine draft
/es/use-cases/supplier-catalog-photos,es,machine draft,needs_review,machine draft
/pt/use-cases/supplier-catalog-photos,pt,machine draft,needs_review,machine draft
/fr/use-cases/supplier-catalog-photos,fr,machine draft,needs_review,machine draft
/de/use-cases/supplier-catalog-photos,de,machine draft,needs_review,machine draft
/it/use-cases/supplier-catalog-photos,it,machine draft,needs_review,machine draft
/pl/use-cases/supplier-catalog-photos,pl,machine draft,needs_review,machine draft
/uk/use-cases/supplier-catalog-photos,uk,machine draft,needs_review,machine draft
/hi/use-cases/supplier-catalog-photos,hi,machine draft,needs_review,machine draft
/id/use-cases/supplier-catalog-photos,id,machine draft,needs_review,machine draft
/vi/use-cases/supplier-catalog-photos,vi,machine draft,needs_review,machine draft
/zh/use-cases/supplier-catalog-photos,zh,machine draft,needs_review,machine draft
/ru/use-cases/foto-tovarov-shouruma,ru,complete,published,complete
/en/use-cases/showroom-product-photos,en,complete,published,complete
/kk/use-cases/showroom-product-photos,kk,machine draft,needs_review,machine draft
/ky/use-cases/showroom-product-photos,ky,machine draft,needs_review,machine draft
/uz/use-cases/showroom-product-photos,uz,machine draft,needs_review,machine draft
/tg/use-cases/showroom-product-photos,tg,machine draft,needs_review,machine draft
/tr/use-cases/showroom-product-photos,tr,machine draft,needs_review,machine draft
/az/use-cases/showroom-product-photos,az,machine draft,needs_review,machine draft
/ar/use-cases/showroom-product-photos,ar,machine draft,needs_review,machine draft
/es/use-cases/showroom-product-photos,es,machine draft,needs_review,machine draft
/pt/use-cases/showroom-product-photos,pt,machine draft,needs_review,machine draft
/fr/use-cases/showroom-product-photos,fr,machine draft,needs_review,machine draft
/de/use-cases/showroom-product-photos,de,machine draft,needs_review,machine draft
/it/use-cases/showroom-product-photos,it,machine draft,needs_review,machine draft
/pl/use-cases/showroom-product-photos,pl,machine draft,needs_review,machine draft
/uk/use-cases/showroom-product-photos,uk,machine draft,needs_review,machine draft
/hi/use-cases/showroom-product-photos,hi,machine draft,needs_review,machine draft
/id/use-cases/showroom-product-photos,id,machine draft,needs_review,machine draft
/vi/use-cases/showroom-product-photos,vi,machine draft,needs_review,machine draft
/zh/use-cases/showroom-product-photos,zh,machine draft,needs_review,machine draft
/ru/use-cases/tovarnye-foto-dlya-malogo-biznesa,ru,complete,published,complete
/en/use-cases/small-business-product-photos,en,complete,published,complete
/kk/use-cases/small-business-product-photos,kk,machine draft,needs_review,machine draft
/ky/use-cases/small-business-product-photos,ky,machine draft,needs_review,machine draft
/uz/use-cases/small-business-product-photos,uz,machine draft,needs_review,machine draft
/tg/use-cases/small-business-product-photos,tg,machine draft,needs_review,machine draft
/tr/use-cases/small-business-product-photos,tr,machine draft,needs_review,machine draft
/az/use-cases/small-business-product-photos,az,machine draft,needs_review,machine draft
/ar/use-cases/small-business-product-photos,ar,machine draft,needs_review,machine draft
/es/use-cases/small-business-product-photos,es,machine draft,needs_review,machine draft
/pt/use-cases/small-business-product-photos,pt,machine draft,needs_review,machine draft
/fr/use-cases/small-business-product-photos,fr,machine draft,needs_review,machine draft
/de/use-cases/small-business-product-photos,de,machine draft,needs_review,machine draft
/it/use-cases/small-business-product-photos,it,machine draft,needs_review,machine draft
/pl/use-cases/small-business-product-photos,pl,machine draft,needs_review,machine draft
/uk/use-cases/small-business-product-photos,uk,machine draft,needs_review,machine draft
/hi/use-cases/small-business-product-photos,hi,machine draft,needs_review,machine draft
/id/use-cases/small-business-product-photos,id,machine draft,needs_review,machine draft
/vi/use-cases/small-business-product-photos,vi,machine draft,needs_review,machine draft
/zh/use-cases/small-business-product-photos,zh,machine draft,needs_review,machine draft
/ru/use-cases/workflow-kontent-menedzhera,ru,complete,published,complete
/en/use-cases/marketplace-content-manager-workflow,en,complete,published,complete
/kk/use-cases/marketplace-content-manager-workflow,kk,machine draft,needs_review,machine draft
/ky/use-cases/marketplace-content-manager-workflow,ky,machine draft,needs_review,machine draft
/uz/use-cases/marketplace-content-manager-workflow,uz,machine draft,needs_review,machine draft
/tg/use-cases/marketplace-content-manager-workflow,tg,machine draft,needs_review,machine draft
/tr/use-cases/marketplace-content-manager-workflow,tr,machine draft,needs_review,machine draft
/az/use-cases/marketplace-content-manager-workflow,az,machine draft,needs_review,machine draft
/ar/use-cases/marketplace-content-manager-workflow,ar,machine draft,needs_review,machine draft
/es/use-cases/marketplace-content-manager-workflow,es,machine draft,needs_review,machine draft
/pt/use-cases/marketplace-content-manager-workflow,pt,machine draft,needs_review,machine draft
/fr/use-cases/marketplace-content-manager-workflow,fr,machine draft,needs_review,machine draft
/de/use-cases/marketplace-content-manager-workflow,de,machine draft,needs_review,machine draft
/it/use-cases/marketplace-content-manager-workflow,it,machine draft,needs_review,machine draft
/pl/use-cases/marketplace-content-manager-workflow,pl,machine draft,needs_review,machine draft
/uk/use-cases/marketplace-content-manager-workflow,uk,machine draft,needs_review,machine draft
/hi/use-cases/marketplace-content-manager-workflow,hi,machine draft,needs_review,machine draft
/id/use-cases/marketplace-content-manager-workflow,id,machine draft,needs_review,machine draft
/vi/use-cases/marketplace-content-manager-workflow,vi,machine draft,needs_review,machine draft
/zh/use-cases/marketplace-content-manager-workflow,zh,machine draft,needs_review,machine draft
/ru/blog/ai-foto-tovarov-dlya-marketpleysov,ru,complete,published,complete
/en/blog/what-is-ai-product-photography,en,complete,published,complete
/kk/blog/what-is-ai-product-photography,kk,missing,needs_review,missing
/ky/blog/what-is-ai-product-photography,ky,missing,needs_review,missing
/uz/blog/what-is-ai-product-photography,uz,missing,needs_review,missing
/tg/blog/what-is-ai-product-photography,tg,missing,needs_review,missing
/tr/blog/what-is-ai-product-photography,tr,missing,needs_review,missing
/az/blog/what-is-ai-product-photography,az,missing,needs_review,missing
/ar/blog/what-is-ai-product-photography,ar,missing,needs_review,missing
/es/blog/what-is-ai-product-photography,es,missing,needs_review,missing
/pt/blog/what-is-ai-product-photography,pt,missing,needs_review,missing
/fr/blog/what-is-ai-product-photography,fr,missing,needs_review,missing
/de/blog/what-is-ai-product-photography,de,missing,needs_review,missing
/it/blog/what-is-ai-product-photography,it,missing,needs_review,missing
/pl/blog/what-is-ai-product-photography,pl,missing,needs_review,missing
/uk/blog/what-is-ai-product-photography,uk,missing,needs_review,missing
/hi/blog/what-is-ai-product-photography,hi,missing,needs_review,missing
/id/blog/what-is-ai-product-photography,id,missing,needs_review,missing
/vi/blog/what-is-ai-product-photography,vi,missing,needs_review,missing
/zh/blog/what-is-ai-product-photography,zh,missing,needs_review,missing
/ru/blog/kak-sdelat-foto-tovara-dlya-marketpleysa,ru,complete,published,complete
/en/blog/how-to-create-product-photos-for-a-marketplace,en,complete,published,complete
/kk/blog/how-to-create-product-photos-for-a-marketplace,kk,missing,needs_review,missing
/ky/blog/how-to-create-product-photos-for-a-marketplace,ky,missing,needs_review,missing
/uz/blog/how-to-create-product-photos-for-a-marketplace,uz,missing,needs_review,missing
/tg/blog/how-to-create-product-photos-for-a-marketplace,tg,missing,needs_review,missing
/tr/blog/how-to-create-product-photos-for-a-marketplace,tr,missing,needs_review,missing
/az/blog/how-to-create-product-photos-for-a-marketplace,az,missing,needs_review,missing
/ar/blog/how-to-create-product-photos-for-a-marketplace,ar,missing,needs_review,missing
/es/blog/how-to-create-product-photos-for-a-marketplace,es,missing,needs_review,missing
/pt/blog/how-to-create-product-photos-for-a-marketplace,pt,missing,needs_review,missing
/fr/blog/how-to-create-product-photos-for-a-marketplace,fr,missing,needs_review,missing
/de/blog/how-to-create-product-photos-for-a-marketplace,de,missing,needs_review,missing
/it/blog/how-to-create-product-photos-for-a-marketplace,it,missing,needs_review,missing
/pl/blog/how-to-create-product-photos-for-a-marketplace,pl,missing,needs_review,missing
/uk/blog/how-to-create-product-photos-for-a-marketplace,uk,missing,needs_review,missing
/hi/blog/how-to-create-product-photos-for-a-marketplace,hi,missing,needs_review,missing
/id/blog/how-to-create-product-photos-for-a-marketplace,id,missing,needs_review,missing
/vi/blog/how-to-create-product-photos-for-a-marketplace,vi,missing,needs_review,missing
/zh/blog/how-to-create-product-photos-for-a-marketplace,zh,missing,needs_review,missing
/ru/blog/kak-sdelat-belyy-fon-dlya-tovara,ru,complete,published,complete
/en/blog/how-to-make-a-white-background-for-a-product,en,complete,published,complete
/kk/blog/how-to-make-a-white-background-for-a-product,kk,missing,needs_review,missing
/ky/blog/how-to-make-a-white-background-for-a-product,ky,missing,needs_review,missing
/uz/blog/how-to-make-a-white-background-for-a-product,uz,missing,needs_review,missing
/tg/blog/how-to-make-a-white-background-for-a-product,tg,missing,needs_review,missing
/tr/blog/how-to-make-a-white-background-for-a-product,tr,missing,needs_review,missing
/az/blog/how-to-make-a-white-background-for-a-product,az,missing,needs_review,missing
/ar/blog/how-to-make-a-white-background-for-a-product,ar,missing,needs_review,missing
/es/blog/how-to-make-a-white-background-for-a-product,es,missing,needs_review,missing
/pt/blog/how-to-make-a-white-background-for-a-product,pt,missing,needs_review,missing
/fr/blog/how-to-make-a-white-background-for-a-product,fr,missing,needs_review,missing
/de/blog/how-to-make-a-white-background-for-a-product,de,missing,needs_review,missing
/it/blog/how-to-make-a-white-background-for-a-product,it,missing,needs_review,missing
/pl/blog/how-to-make-a-white-background-for-a-product,pl,missing,needs_review,missing
/uk/blog/how-to-make-a-white-background-for-a-product,uk,missing,needs_review,missing
/hi/blog/how-to-make-a-white-background-for-a-product,hi,missing,needs_review,missing
/id/blog/how-to-make-a-white-background-for-a-product,id,missing,needs_review,missing
/vi/blog/how-to-make-a-white-background-for-a-product,vi,missing,needs_review,missing
/zh/blog/how-to-make-a-white-background-for-a-product,zh,missing,needs_review,missing
/ru/blog/how-to-improve-product-photos-without-a-photographer,ru,missing,draft,missing
/en/blog/how-to-improve-product-photos-without-a-photographer,en,missing,draft,missing
/kk/blog/how-to-improve-product-photos-without-a-photographer,kk,missing,needs_review,missing
/ky/blog/how-to-improve-product-photos-without-a-photographer,ky,missing,needs_review,missing
/uz/blog/how-to-improve-product-photos-without-a-photographer,uz,missing,needs_review,missing
/tg/blog/how-to-improve-product-photos-without-a-photographer,tg,missing,needs_review,missing
/tr/blog/how-to-improve-product-photos-without-a-photographer,tr,missing,needs_review,missing
/az/blog/how-to-improve-product-photos-without-a-photographer,az,missing,needs_review,missing
/ar/blog/how-to-improve-product-photos-without-a-photographer,ar,missing,needs_review,missing
/es/blog/how-to-improve-product-photos-without-a-photographer,es,missing,needs_review,missing
/pt/blog/how-to-improve-product-photos-without-a-photographer,pt,missing,needs_review,missing
/fr/blog/how-to-improve-product-photos-without-a-photographer,fr,missing,needs_review,missing
/de/blog/how-to-improve-product-photos-without-a-photographer,de,missing,needs_review,missing
/it/blog/how-to-improve-product-photos-without-a-photographer,it,missing,needs_review,missing
/pl/blog/how-to-improve-product-photos-without-a-photographer,pl,missing,needs_review,missing
/uk/blog/how-to-improve-product-photos-without-a-photographer,uk,missing,needs_review,missing
/hi/blog/how-to-improve-product-photos-without-a-photographer,hi,missing,needs_review,missing
/id/blog/how-to-improve-product-photos-without-a-photographer,id,missing,needs_review,missing
/vi/blog/how-to-improve-product-photos-without-a-photographer,vi,missing,needs_review,missing
/zh/blog/how-to-improve-product-photos-without-a-photographer,zh,missing,needs_review,missing
/ru/blog/how-to-make-a-product-card-from-a-regular-photo,ru,missing,draft,missing
/en/blog/how-to-make-a-product-card-from-a-regular-photo,en,missing,draft,missing
/kk/blog/how-to-make-a-product-card-from-a-regular-photo,kk,missing,needs_review,missing
/ky/blog/how-to-make-a-product-card-from-a-regular-photo,ky,missing,needs_review,missing
/uz/blog/how-to-make-a-product-card-from-a-regular-photo,uz,missing,needs_review,missing
/tg/blog/how-to-make-a-product-card-from-a-regular-photo,tg,missing,needs_review,missing
/tr/blog/how-to-make-a-product-card-from-a-regular-photo,tr,missing,needs_review,missing
/az/blog/how-to-make-a-product-card-from-a-regular-photo,az,missing,needs_review,missing
/ar/blog/how-to-make-a-product-card-from-a-regular-photo,ar,missing,needs_review,missing
/es/blog/how-to-make-a-product-card-from-a-regular-photo,es,missing,needs_review,missing
/pt/blog/how-to-make-a-product-card-from-a-regular-photo,pt,missing,needs_review,missing
/fr/blog/how-to-make-a-product-card-from-a-regular-photo,fr,missing,needs_review,missing
/de/blog/how-to-make-a-product-card-from-a-regular-photo,de,missing,needs_review,missing
/it/blog/how-to-make-a-product-card-from-a-regular-photo,it,missing,needs_review,missing
/pl/blog/how-to-make-a-product-card-from-a-regular-photo,pl,missing,needs_review,missing
/uk/blog/how-to-make-a-product-card-from-a-regular-photo,uk,missing,needs_review,missing
/hi/blog/how-to-make-a-product-card-from-a-regular-photo,hi,missing,needs_review,missing
/id/blog/how-to-make-a-product-card-from-a-regular-photo,id,missing,needs_review,missing
/vi/blog/how-to-make-a-product-card-from-a-regular-photo,vi,missing,needs_review,missing
/zh/blog/how-to-make-a-product-card-from-a-regular-photo,zh,missing,needs_review,missing
/ru/blog/how-ai-helps-marketplace-sellers,ru,missing,draft,missing
/en/blog/how-ai-helps-marketplace-sellers,en,missing,draft,missing
/kk/blog/how-ai-helps-marketplace-sellers,kk,missing,needs_review,missing
/ky/blog/how-ai-helps-marketplace-sellers,ky,missing,needs_review,missing
/uz/blog/how-ai-helps-marketplace-sellers,uz,missing,needs_review,missing
/tg/blog/how-ai-helps-marketplace-sellers,tg,missing,needs_review,missing
/tr/blog/how-ai-helps-marketplace-sellers,tr,missing,needs_review,missing
/az/blog/how-ai-helps-marketplace-sellers,az,missing,needs_review,missing
/ar/blog/how-ai-helps-marketplace-sellers,ar,missing,needs_review,missing
/es/blog/how-ai-helps-marketplace-sellers,es,missing,needs_review,missing
/pt/blog/how-ai-helps-marketplace-sellers,pt,missing,needs_review,missing
/fr/blog/how-ai-helps-marketplace-sellers,fr,missing,needs_review,missing
/de/blog/how-ai-helps-marketplace-sellers,de,missing,needs_review,missing
/it/blog/how-ai-helps-marketplace-sellers,it,missing,needs_review,missing
/pl/blog/how-ai-helps-marketplace-sellers,pl,missing,needs_review,missing
/uk/blog/how-ai-helps-marketplace-sellers,uk,missing,needs_review,missing
/hi/blog/how-ai-helps-marketplace-sellers,hi,missing,needs_review,missing
/id/blog/how-ai-helps-marketplace-sellers,id,missing,needs_review,missing
/vi/blog/how-ai-helps-marketplace-sellers,vi,missing,needs_review,missing
/zh/blog/how-ai-helps-marketplace-sellers,zh,missing,needs_review,missing
/ru/blog/product-photo-mistakes-that-hurt-sales,ru,missing,draft,missing
/en/blog/product-photo-mistakes-that-hurt-sales,en,missing,draft,missing
/kk/blog/product-photo-mistakes-that-hurt-sales,kk,missing,needs_review,missing
/ky/blog/product-photo-mistakes-that-hurt-sales,ky,missing,needs_review,missing
/uz/blog/product-photo-mistakes-that-hurt-sales,uz,missing,needs_review,missing
/tg/blog/product-photo-mistakes-that-hurt-sales,tg,missing,needs_review,missing
/tr/blog/product-photo-mistakes-that-hurt-sales,tr,missing,needs_review,missing
/az/blog/product-photo-mistakes-that-hurt-sales,az,missing,needs_review,missing
/ar/blog/product-photo-mistakes-that-hurt-sales,ar,missing,needs_review,missing
/es/blog/product-photo-mistakes-that-hurt-sales,es,missing,needs_review,missing
/pt/blog/product-photo-mistakes-that-hurt-sales,pt,missing,needs_review,missing
/fr/blog/product-photo-mistakes-that-hurt-sales,fr,missing,needs_review,missing
/de/blog/product-photo-mistakes-that-hurt-sales,de,missing,needs_review,missing
/it/blog/product-photo-mistakes-that-hurt-sales,it,missing,needs_review,missing
/pl/blog/product-photo-mistakes-that-hurt-sales,pl,missing,needs_review,missing
/uk/blog/product-photo-mistakes-that-hurt-sales,uk,missing,needs_review,missing
/hi/blog/product-photo-mistakes-that-hurt-sales,hi,missing,needs_review,missing
/id/blog/product-photo-mistakes-that-hurt-sales,id,missing,needs_review,missing
/vi/blog/product-photo-mistakes-that-hurt-sales,vi,missing,needs_review,missing
/zh/blog/product-photo-mistakes-that-hurt-sales,zh,missing,needs_review,missing
/ru/blog/kak-proverit-ai-foto-pered-publikatsiey,ru,complete,published,complete
/en/blog/how-to-review-ai-product-photos-before-publishing,en,complete,published,complete
/kk/blog/how-to-review-ai-product-photos-before-publishing,kk,missing,needs_review,missing
/ky/blog/how-to-review-ai-product-photos-before-publishing,ky,missing,needs_review,missing
/uz/blog/how-to-review-ai-product-photos-before-publishing,uz,missing,needs_review,missing
/tg/blog/how-to-review-ai-product-photos-before-publishing,tg,missing,needs_review,missing
/tr/blog/how-to-review-ai-product-photos-before-publishing,tr,missing,needs_review,missing
/az/blog/how-to-review-ai-product-photos-before-publishing,az,missing,needs_review,missing
/ar/blog/how-to-review-ai-product-photos-before-publishing,ar,missing,needs_review,missing
/es/blog/how-to-review-ai-product-photos-before-publishing,es,missing,needs_review,missing
/pt/blog/how-to-review-ai-product-photos-before-publishing,pt,missing,needs_review,missing
/fr/blog/how-to-review-ai-product-photos-before-publishing,fr,missing,needs_review,missing
/de/blog/how-to-review-ai-product-photos-before-publishing,de,missing,needs_review,missing
/it/blog/how-to-review-ai-product-photos-before-publishing,it,missing,needs_review,missing
/pl/blog/how-to-review-ai-product-photos-before-publishing,pl,missing,needs_review,missing
/uk/blog/how-to-review-ai-product-photos-before-publishing,uk,missing,needs_review,missing
/hi/blog/how-to-review-ai-product-photos-before-publishing,hi,missing,needs_review,missing
/id/blog/how-to-review-ai-product-photos-before-publishing,id,missing,needs_review,missing
/vi/blog/how-to-review-ai-product-photos-before-publishing,vi,missing,needs_review,missing
/zh/blog/how-to-review-ai-product-photos-before-publishing,zh,missing,needs_review,missing
/ru/blog/why-ai-can-change-a-product-and-how-to-reduce-it,ru,missing,draft,missing
/en/blog/why-ai-can-change-a-product-and-how-to-reduce-it,en,missing,draft,missing
/kk/blog/why-ai-can-change-a-product-and-how-to-reduce-it,kk,missing,needs_review,missing
/ky/blog/why-ai-can-change-a-product-and-how-to-reduce-it,ky,missing,needs_review,missing
/uz/blog/why-ai-can-change-a-product-and-how-to-reduce-it,uz,missing,needs_review,missing
/tg/blog/why-ai-can-change-a-product-and-how-to-reduce-it,tg,missing,needs_review,missing
/tr/blog/why-ai-can-change-a-product-and-how-to-reduce-it,tr,missing,needs_review,missing
/az/blog/why-ai-can-change-a-product-and-how-to-reduce-it,az,missing,needs_review,missing
/ar/blog/why-ai-can-change-a-product-and-how-to-reduce-it,ar,missing,needs_review,missing
/es/blog/why-ai-can-change-a-product-and-how-to-reduce-it,es,missing,needs_review,missing
/pt/blog/why-ai-can-change-a-product-and-how-to-reduce-it,pt,missing,needs_review,missing
/fr/blog/why-ai-can-change-a-product-and-how-to-reduce-it,fr,missing,needs_review,missing
/de/blog/why-ai-can-change-a-product-and-how-to-reduce-it,de,missing,needs_review,missing
/it/blog/why-ai-can-change-a-product-and-how-to-reduce-it,it,missing,needs_review,missing
/pl/blog/why-ai-can-change-a-product-and-how-to-reduce-it,pl,missing,needs_review,missing
/uk/blog/why-ai-can-change-a-product-and-how-to-reduce-it,uk,missing,needs_review,missing
/hi/blog/why-ai-can-change-a-product-and-how-to-reduce-it,hi,missing,needs_review,missing
/id/blog/why-ai-can-change-a-product-and-how-to-reduce-it,id,missing,needs_review,missing
/vi/blog/why-ai-can-change-a-product-and-how-to-reduce-it,vi,missing,needs_review,missing
/zh/blog/why-ai-can-change-a-product-and-how-to-reduce-it,zh,missing,needs_review,missing
/ru/blog/how-to-preserve-product-color-and-shape-in-ai-photos,ru,missing,draft,missing
/en/blog/how-to-preserve-product-color-and-shape-in-ai-photos,en,missing,draft,missing
/kk/blog/how-to-preserve-product-color-and-shape-in-ai-photos,kk,missing,needs_review,missing
/ky/blog/how-to-preserve-product-color-and-shape-in-ai-photos,ky,missing,needs_review,missing
/uz/blog/how-to-preserve-product-color-and-shape-in-ai-photos,uz,missing,needs_review,missing
/tg/blog/how-to-preserve-product-color-and-shape-in-ai-photos,tg,missing,needs_review,missing
/tr/blog/how-to-preserve-product-color-and-shape-in-ai-photos,tr,missing,needs_review,missing
/az/blog/how-to-preserve-product-color-and-shape-in-ai-photos,az,missing,needs_review,missing
/ar/blog/how-to-preserve-product-color-and-shape-in-ai-photos,ar,missing,needs_review,missing
/es/blog/how-to-preserve-product-color-and-shape-in-ai-photos,es,missing,needs_review,missing
/pt/blog/how-to-preserve-product-color-and-shape-in-ai-photos,pt,missing,needs_review,missing
/fr/blog/how-to-preserve-product-color-and-shape-in-ai-photos,fr,missing,needs_review,missing
/de/blog/how-to-preserve-product-color-and-shape-in-ai-photos,de,missing,needs_review,missing
/it/blog/how-to-preserve-product-color-and-shape-in-ai-photos,it,missing,needs_review,missing
/pl/blog/how-to-preserve-product-color-and-shape-in-ai-photos,pl,missing,needs_review,missing
/uk/blog/how-to-preserve-product-color-and-shape-in-ai-photos,uk,missing,needs_review,missing
/hi/blog/how-to-preserve-product-color-and-shape-in-ai-photos,hi,missing,needs_review,missing
/id/blog/how-to-preserve-product-color-and-shape-in-ai-photos,id,missing,needs_review,missing
/vi/blog/how-to-preserve-product-color-and-shape-in-ai-photos,vi,missing,needs_review,missing
/zh/blog/how-to-preserve-product-color-and-shape-in-ai-photos,zh,missing,needs_review,missing
/ru/blog/kak-sdelat-foto-odezhdy-na-modeli,ru,complete,published,complete
/en/blog/how-to-create-clothing-photos-on-a-model,en,complete,published,complete
/kk/blog/how-to-create-clothing-photos-on-a-model,kk,missing,needs_review,missing
/ky/blog/how-to-create-clothing-photos-on-a-model,ky,missing,needs_review,missing
/uz/blog/how-to-create-clothing-photos-on-a-model,uz,missing,needs_review,missing
/tg/blog/how-to-create-clothing-photos-on-a-model,tg,missing,needs_review,missing
/tr/blog/how-to-create-clothing-photos-on-a-model,tr,missing,needs_review,missing
/az/blog/how-to-create-clothing-photos-on-a-model,az,missing,needs_review,missing
/ar/blog/how-to-create-clothing-photos-on-a-model,ar,missing,needs_review,missing
/es/blog/how-to-create-clothing-photos-on-a-model,es,missing,needs_review,missing
/pt/blog/how-to-create-clothing-photos-on-a-model,pt,missing,needs_review,missing
/fr/blog/how-to-create-clothing-photos-on-a-model,fr,missing,needs_review,missing
/de/blog/how-to-create-clothing-photos-on-a-model,de,missing,needs_review,missing
/it/blog/how-to-create-clothing-photos-on-a-model,it,missing,needs_review,missing
/pl/blog/how-to-create-clothing-photos-on-a-model,pl,missing,needs_review,missing
/uk/blog/how-to-create-clothing-photos-on-a-model,uk,missing,needs_review,missing
/hi/blog/how-to-create-clothing-photos-on-a-model,hi,missing,needs_review,missing
/id/blog/how-to-create-clothing-photos-on-a-model,id,missing,needs_review,missing
/vi/blog/how-to-create-clothing-photos-on-a-model,vi,missing,needs_review,missing
/zh/blog/how-to-create-clothing-photos-on-a-model,zh,missing,needs_review,missing
/ru/blog/how-to-place-clothing-on-an-ai-model,ru,missing,draft,missing
/en/blog/how-to-place-clothing-on-an-ai-model,en,missing,draft,missing
/kk/blog/how-to-place-clothing-on-an-ai-model,kk,missing,needs_review,missing
/ky/blog/how-to-place-clothing-on-an-ai-model,ky,missing,needs_review,missing
/uz/blog/how-to-place-clothing-on-an-ai-model,uz,missing,needs_review,missing
/tg/blog/how-to-place-clothing-on-an-ai-model,tg,missing,needs_review,missing
/tr/blog/how-to-place-clothing-on-an-ai-model,tr,missing,needs_review,missing
/az/blog/how-to-place-clothing-on-an-ai-model,az,missing,needs_review,missing
/ar/blog/how-to-place-clothing-on-an-ai-model,ar,missing,needs_review,missing
/es/blog/how-to-place-clothing-on-an-ai-model,es,missing,needs_review,missing
/pt/blog/how-to-place-clothing-on-an-ai-model,pt,missing,needs_review,missing
/fr/blog/how-to-place-clothing-on-an-ai-model,fr,missing,needs_review,missing
/de/blog/how-to-place-clothing-on-an-ai-model,de,missing,needs_review,missing
/it/blog/how-to-place-clothing-on-an-ai-model,it,missing,needs_review,missing
/pl/blog/how-to-place-clothing-on-an-ai-model,pl,missing,needs_review,missing
/uk/blog/how-to-place-clothing-on-an-ai-model,uk,missing,needs_review,missing
/hi/blog/how-to-place-clothing-on-an-ai-model,hi,missing,needs_review,missing
/id/blog/how-to-place-clothing-on-an-ai-model,id,missing,needs_review,missing
/vi/blog/how-to-place-clothing-on-an-ai-model,vi,missing,needs_review,missing
/zh/blog/how-to-place-clothing-on-an-ai-model,zh,missing,needs_review,missing
/ru/blog/dress-photos-on-an-ai-model,ru,missing,draft,missing
/en/blog/dress-photos-on-an-ai-model,en,missing,draft,missing
/kk/blog/dress-photos-on-an-ai-model,kk,missing,needs_review,missing
/ky/blog/dress-photos-on-an-ai-model,ky,missing,needs_review,missing
/uz/blog/dress-photos-on-an-ai-model,uz,missing,needs_review,missing
/tg/blog/dress-photos-on-an-ai-model,tg,missing,needs_review,missing
/tr/blog/dress-photos-on-an-ai-model,tr,missing,needs_review,missing
/az/blog/dress-photos-on-an-ai-model,az,missing,needs_review,missing
/ar/blog/dress-photos-on-an-ai-model,ar,missing,needs_review,missing
/es/blog/dress-photos-on-an-ai-model,es,missing,needs_review,missing
/pt/blog/dress-photos-on-an-ai-model,pt,missing,needs_review,missing
/fr/blog/dress-photos-on-an-ai-model,fr,missing,needs_review,missing
/de/blog/dress-photos-on-an-ai-model,de,missing,needs_review,missing
/it/blog/dress-photos-on-an-ai-model,it,missing,needs_review,missing
/pl/blog/dress-photos-on-an-ai-model,pl,missing,needs_review,missing
/uk/blog/dress-photos-on-an-ai-model,uk,missing,needs_review,missing
/hi/blog/dress-photos-on-an-ai-model,hi,missing,needs_review,missing
/id/blog/dress-photos-on-an-ai-model,id,missing,needs_review,missing
/vi/blog/dress-photos-on-an-ai-model,vi,missing,needs_review,missing
/zh/blog/dress-photos-on-an-ai-model,zh,missing,needs_review,missing
/ru/blog/t-shirt-photos-on-an-ai-model,ru,missing,draft,missing
/en/blog/t-shirt-photos-on-an-ai-model,en,missing,draft,missing
/kk/blog/t-shirt-photos-on-an-ai-model,kk,missing,needs_review,missing
/ky/blog/t-shirt-photos-on-an-ai-model,ky,missing,needs_review,missing
/uz/blog/t-shirt-photos-on-an-ai-model,uz,missing,needs_review,missing
/tg/blog/t-shirt-photos-on-an-ai-model,tg,missing,needs_review,missing
/tr/blog/t-shirt-photos-on-an-ai-model,tr,missing,needs_review,missing
/az/blog/t-shirt-photos-on-an-ai-model,az,missing,needs_review,missing
/ar/blog/t-shirt-photos-on-an-ai-model,ar,missing,needs_review,missing
/es/blog/t-shirt-photos-on-an-ai-model,es,missing,needs_review,missing
/pt/blog/t-shirt-photos-on-an-ai-model,pt,missing,needs_review,missing
/fr/blog/t-shirt-photos-on-an-ai-model,fr,missing,needs_review,missing
/de/blog/t-shirt-photos-on-an-ai-model,de,missing,needs_review,missing
/it/blog/t-shirt-photos-on-an-ai-model,it,missing,needs_review,missing
/pl/blog/t-shirt-photos-on-an-ai-model,pl,missing,needs_review,missing
/uk/blog/t-shirt-photos-on-an-ai-model,uk,missing,needs_review,missing
/hi/blog/t-shirt-photos-on-an-ai-model,hi,missing,needs_review,missing
/id/blog/t-shirt-photos-on-an-ai-model,id,missing,needs_review,missing
/vi/blog/t-shirt-photos-on-an-ai-model,vi,missing,needs_review,missing
/zh/blog/t-shirt-photos-on-an-ai-model,zh,missing,needs_review,missing
/ru/blog/suit-photos-on-an-ai-model,ru,missing,draft,missing
/en/blog/suit-photos-on-an-ai-model,en,missing,draft,missing
/kk/blog/suit-photos-on-an-ai-model,kk,missing,needs_review,missing
/ky/blog/suit-photos-on-an-ai-model,ky,missing,needs_review,missing
/uz/blog/suit-photos-on-an-ai-model,uz,missing,needs_review,missing
/tg/blog/suit-photos-on-an-ai-model,tg,missing,needs_review,missing
/tr/blog/suit-photos-on-an-ai-model,tr,missing,needs_review,missing
/az/blog/suit-photos-on-an-ai-model,az,missing,needs_review,missing
/ar/blog/suit-photos-on-an-ai-model,ar,missing,needs_review,missing
/es/blog/suit-photos-on-an-ai-model,es,missing,needs_review,missing
/pt/blog/suit-photos-on-an-ai-model,pt,missing,needs_review,missing
/fr/blog/suit-photos-on-an-ai-model,fr,missing,needs_review,missing
/de/blog/suit-photos-on-an-ai-model,de,missing,needs_review,missing
/it/blog/suit-photos-on-an-ai-model,it,missing,needs_review,missing
/pl/blog/suit-photos-on-an-ai-model,pl,missing,needs_review,missing
/uk/blog/suit-photos-on-an-ai-model,uk,missing,needs_review,missing
/hi/blog/suit-photos-on-an-ai-model,hi,missing,needs_review,missing
/id/blog/suit-photos-on-an-ai-model,id,missing,needs_review,missing
/vi/blog/suit-photos-on-an-ai-model,vi,missing,needs_review,missing
/zh/blog/suit-photos-on-an-ai-model,zh,missing,needs_review,missing
/ru/blog/foto-belya-na-ai-modeli,ru,complete,published,complete
/en/blog/lingerie-photos-on-an-ai-model,en,complete,published,complete
/kk/blog/lingerie-photos-on-an-ai-model,kk,missing,needs_review,missing
/ky/blog/lingerie-photos-on-an-ai-model,ky,missing,needs_review,missing
/uz/blog/lingerie-photos-on-an-ai-model,uz,missing,needs_review,missing
/tg/blog/lingerie-photos-on-an-ai-model,tg,missing,needs_review,missing
/tr/blog/lingerie-photos-on-an-ai-model,tr,missing,needs_review,missing
/az/blog/lingerie-photos-on-an-ai-model,az,missing,needs_review,missing
/ar/blog/lingerie-photos-on-an-ai-model,ar,missing,needs_review,missing
/es/blog/lingerie-photos-on-an-ai-model,es,missing,needs_review,missing
/pt/blog/lingerie-photos-on-an-ai-model,pt,missing,needs_review,missing
/fr/blog/lingerie-photos-on-an-ai-model,fr,missing,needs_review,missing
/de/blog/lingerie-photos-on-an-ai-model,de,missing,needs_review,missing
/it/blog/lingerie-photos-on-an-ai-model,it,missing,needs_review,missing
/pl/blog/lingerie-photos-on-an-ai-model,pl,missing,needs_review,missing
/uk/blog/lingerie-photos-on-an-ai-model,uk,missing,needs_review,missing
/hi/blog/lingerie-photos-on-an-ai-model,hi,missing,needs_review,missing
/id/blog/lingerie-photos-on-an-ai-model,id,missing,needs_review,missing
/vi/blog/lingerie-photos-on-an-ai-model,vi,missing,needs_review,missing
/zh/blog/lingerie-photos-on-an-ai-model,zh,missing,needs_review,missing
/ru/blog/plus-size-model-photos-for-clothing,ru,missing,draft,missing
/en/blog/plus-size-model-photos-for-clothing,en,missing,draft,missing
/kk/blog/plus-size-model-photos-for-clothing,kk,missing,needs_review,missing
/ky/blog/plus-size-model-photos-for-clothing,ky,missing,needs_review,missing
/uz/blog/plus-size-model-photos-for-clothing,uz,missing,needs_review,missing
/tg/blog/plus-size-model-photos-for-clothing,tg,missing,needs_review,missing
/tr/blog/plus-size-model-photos-for-clothing,tr,missing,needs_review,missing
/az/blog/plus-size-model-photos-for-clothing,az,missing,needs_review,missing
/ar/blog/plus-size-model-photos-for-clothing,ar,missing,needs_review,missing
/es/blog/plus-size-model-photos-for-clothing,es,missing,needs_review,missing
/pt/blog/plus-size-model-photos-for-clothing,pt,missing,needs_review,missing
/fr/blog/plus-size-model-photos-for-clothing,fr,missing,needs_review,missing
/de/blog/plus-size-model-photos-for-clothing,de,missing,needs_review,missing
/it/blog/plus-size-model-photos-for-clothing,it,missing,needs_review,missing
/pl/blog/plus-size-model-photos-for-clothing,pl,missing,needs_review,missing
/uk/blog/plus-size-model-photos-for-clothing,uk,missing,needs_review,missing
/hi/blog/plus-size-model-photos-for-clothing,hi,missing,needs_review,missing
/id/blog/plus-size-model-photos-for-clothing,id,missing,needs_review,missing
/vi/blog/plus-size-model-photos-for-clothing,vi,missing,needs_review,missing
/zh/blog/plus-size-model-photos-for-clothing,zh,missing,needs_review,missing
/ru/blog/how-to-choose-an-ai-model-pose,ru,missing,draft,missing
/en/blog/how-to-choose-an-ai-model-pose,en,missing,draft,missing
/kk/blog/how-to-choose-an-ai-model-pose,kk,missing,needs_review,missing
/ky/blog/how-to-choose-an-ai-model-pose,ky,missing,needs_review,missing
/uz/blog/how-to-choose-an-ai-model-pose,uz,missing,needs_review,missing
/tg/blog/how-to-choose-an-ai-model-pose,tg,missing,needs_review,missing
/tr/blog/how-to-choose-an-ai-model-pose,tr,missing,needs_review,missing
/az/blog/how-to-choose-an-ai-model-pose,az,missing,needs_review,missing
/ar/blog/how-to-choose-an-ai-model-pose,ar,missing,needs_review,missing
/es/blog/how-to-choose-an-ai-model-pose,es,missing,needs_review,missing
/pt/blog/how-to-choose-an-ai-model-pose,pt,missing,needs_review,missing
/fr/blog/how-to-choose-an-ai-model-pose,fr,missing,needs_review,missing
/de/blog/how-to-choose-an-ai-model-pose,de,missing,needs_review,missing
/it/blog/how-to-choose-an-ai-model-pose,it,missing,needs_review,missing
/pl/blog/how-to-choose-an-ai-model-pose,pl,missing,needs_review,missing
/uk/blog/how-to-choose-an-ai-model-pose,uk,missing,needs_review,missing
/hi/blog/how-to-choose-an-ai-model-pose,hi,missing,needs_review,missing
/id/blog/how-to-choose-an-ai-model-pose,id,missing,needs_review,missing
/vi/blog/how-to-choose-an-ai-model-pose,vi,missing,needs_review,missing
/zh/blog/how-to-choose-an-ai-model-pose,zh,missing,needs_review,missing
/ru/blog/how-to-create-a-clothing-catalog-without-a-photoshoot,ru,missing,draft,missing
/en/blog/how-to-create-a-clothing-catalog-without-a-photoshoot,en,missing,draft,missing
/kk/blog/how-to-create-a-clothing-catalog-without-a-photoshoot,kk,missing,needs_review,missing
/ky/blog/how-to-create-a-clothing-catalog-without-a-photoshoot,ky,missing,needs_review,missing
/uz/blog/how-to-create-a-clothing-catalog-without-a-photoshoot,uz,missing,needs_review,missing
/tg/blog/how-to-create-a-clothing-catalog-without-a-photoshoot,tg,missing,needs_review,missing
/tr/blog/how-to-create-a-clothing-catalog-without-a-photoshoot,tr,missing,needs_review,missing
/az/blog/how-to-create-a-clothing-catalog-without-a-photoshoot,az,missing,needs_review,missing
/ar/blog/how-to-create-a-clothing-catalog-without-a-photoshoot,ar,missing,needs_review,missing
/es/blog/how-to-create-a-clothing-catalog-without-a-photoshoot,es,missing,needs_review,missing
/pt/blog/how-to-create-a-clothing-catalog-without-a-photoshoot,pt,missing,needs_review,missing
/fr/blog/how-to-create-a-clothing-catalog-without-a-photoshoot,fr,missing,needs_review,missing
/de/blog/how-to-create-a-clothing-catalog-without-a-photoshoot,de,missing,needs_review,missing
/it/blog/how-to-create-a-clothing-catalog-without-a-photoshoot,it,missing,needs_review,missing
/pl/blog/how-to-create-a-clothing-catalog-without-a-photoshoot,pl,missing,needs_review,missing
/uk/blog/how-to-create-a-clothing-catalog-without-a-photoshoot,uk,missing,needs_review,missing
/hi/blog/how-to-create-a-clothing-catalog-without-a-photoshoot,hi,missing,needs_review,missing
/id/blog/how-to-create-a-clothing-catalog-without-a-photoshoot,id,missing,needs_review,missing
/vi/blog/how-to-create-a-clothing-catalog-without-a-photoshoot,vi,missing,needs_review,missing
/zh/blog/how-to-create-a-clothing-catalog-without-a-photoshoot,zh,missing,needs_review,missing
/ru/blog/how-to-prepare-clothing-photos-for-ai-try-on,ru,missing,draft,missing
/en/blog/how-to-prepare-clothing-photos-for-ai-try-on,en,missing,draft,missing
/kk/blog/how-to-prepare-clothing-photos-for-ai-try-on,kk,missing,needs_review,missing
/ky/blog/how-to-prepare-clothing-photos-for-ai-try-on,ky,missing,needs_review,missing
/uz/blog/how-to-prepare-clothing-photos-for-ai-try-on,uz,missing,needs_review,missing
/tg/blog/how-to-prepare-clothing-photos-for-ai-try-on,tg,missing,needs_review,missing
/tr/blog/how-to-prepare-clothing-photos-for-ai-try-on,tr,missing,needs_review,missing
/az/blog/how-to-prepare-clothing-photos-for-ai-try-on,az,missing,needs_review,missing
/ar/blog/how-to-prepare-clothing-photos-for-ai-try-on,ar,missing,needs_review,missing
/es/blog/how-to-prepare-clothing-photos-for-ai-try-on,es,missing,needs_review,missing
/pt/blog/how-to-prepare-clothing-photos-for-ai-try-on,pt,missing,needs_review,missing
/fr/blog/how-to-prepare-clothing-photos-for-ai-try-on,fr,missing,needs_review,missing
/de/blog/how-to-prepare-clothing-photos-for-ai-try-on,de,missing,needs_review,missing
/it/blog/how-to-prepare-clothing-photos-for-ai-try-on,it,missing,needs_review,missing
/pl/blog/how-to-prepare-clothing-photos-for-ai-try-on,pl,missing,needs_review,missing
/uk/blog/how-to-prepare-clothing-photos-for-ai-try-on,uk,missing,needs_review,missing
/hi/blog/how-to-prepare-clothing-photos-for-ai-try-on,hi,missing,needs_review,missing
/id/blog/how-to-prepare-clothing-photos-for-ai-try-on,id,missing,needs_review,missing
/vi/blog/how-to-prepare-clothing-photos-for-ai-try-on,vi,missing,needs_review,missing
/zh/blog/how-to-prepare-clothing-photos-for-ai-try-on,zh,missing,needs_review,missing
/ru/blog/foto-bizhuterii-dlya-marketpleysa,ru,complete,published,complete
/en/blog/how-to-create-jewelry-product-photos-for-a-marketplace,en,complete,published,complete
/kk/blog/how-to-create-jewelry-product-photos-for-a-marketplace,kk,missing,needs_review,missing
/ky/blog/how-to-create-jewelry-product-photos-for-a-marketplace,ky,missing,needs_review,missing
/uz/blog/how-to-create-jewelry-product-photos-for-a-marketplace,uz,missing,needs_review,missing
/tg/blog/how-to-create-jewelry-product-photos-for-a-marketplace,tg,missing,needs_review,missing
/tr/blog/how-to-create-jewelry-product-photos-for-a-marketplace,tr,missing,needs_review,missing
/az/blog/how-to-create-jewelry-product-photos-for-a-marketplace,az,missing,needs_review,missing
/ar/blog/how-to-create-jewelry-product-photos-for-a-marketplace,ar,missing,needs_review,missing
/es/blog/how-to-create-jewelry-product-photos-for-a-marketplace,es,missing,needs_review,missing
/pt/blog/how-to-create-jewelry-product-photos-for-a-marketplace,pt,missing,needs_review,missing
/fr/blog/how-to-create-jewelry-product-photos-for-a-marketplace,fr,missing,needs_review,missing
/de/blog/how-to-create-jewelry-product-photos-for-a-marketplace,de,missing,needs_review,missing
/it/blog/how-to-create-jewelry-product-photos-for-a-marketplace,it,missing,needs_review,missing
/pl/blog/how-to-create-jewelry-product-photos-for-a-marketplace,pl,missing,needs_review,missing
/uk/blog/how-to-create-jewelry-product-photos-for-a-marketplace,uk,missing,needs_review,missing
/hi/blog/how-to-create-jewelry-product-photos-for-a-marketplace,hi,missing,needs_review,missing
/id/blog/how-to-create-jewelry-product-photos-for-a-marketplace,id,missing,needs_review,missing
/vi/blog/how-to-create-jewelry-product-photos-for-a-marketplace,vi,missing,needs_review,missing
/zh/blog/how-to-create-jewelry-product-photos-for-a-marketplace,zh,missing,needs_review,missing
/ru/blog/how-to-photograph-earrings-for-a-product-card,ru,missing,draft,missing
/en/blog/how-to-photograph-earrings-for-a-product-card,en,missing,draft,missing
/kk/blog/how-to-photograph-earrings-for-a-product-card,kk,missing,needs_review,missing
/ky/blog/how-to-photograph-earrings-for-a-product-card,ky,missing,needs_review,missing
/uz/blog/how-to-photograph-earrings-for-a-product-card,uz,missing,needs_review,missing
/tg/blog/how-to-photograph-earrings-for-a-product-card,tg,missing,needs_review,missing
/tr/blog/how-to-photograph-earrings-for-a-product-card,tr,missing,needs_review,missing
/az/blog/how-to-photograph-earrings-for-a-product-card,az,missing,needs_review,missing
/ar/blog/how-to-photograph-earrings-for-a-product-card,ar,missing,needs_review,missing
/es/blog/how-to-photograph-earrings-for-a-product-card,es,missing,needs_review,missing
/pt/blog/how-to-photograph-earrings-for-a-product-card,pt,missing,needs_review,missing
/fr/blog/how-to-photograph-earrings-for-a-product-card,fr,missing,needs_review,missing
/de/blog/how-to-photograph-earrings-for-a-product-card,de,missing,needs_review,missing
/it/blog/how-to-photograph-earrings-for-a-product-card,it,missing,needs_review,missing
/pl/blog/how-to-photograph-earrings-for-a-product-card,pl,missing,needs_review,missing
/uk/blog/how-to-photograph-earrings-for-a-product-card,uk,missing,needs_review,missing
/hi/blog/how-to-photograph-earrings-for-a-product-card,hi,missing,needs_review,missing
/id/blog/how-to-photograph-earrings-for-a-product-card,id,missing,needs_review,missing
/vi/blog/how-to-photograph-earrings-for-a-product-card,vi,missing,needs_review,missing
/zh/blog/how-to-photograph-earrings-for-a-product-card,zh,missing,needs_review,missing
/ru/blog/how-to-make-ring-photos-on-a-white-background,ru,missing,draft,missing
/en/blog/how-to-make-ring-photos-on-a-white-background,en,missing,draft,missing
/kk/blog/how-to-make-ring-photos-on-a-white-background,kk,missing,needs_review,missing
/ky/blog/how-to-make-ring-photos-on-a-white-background,ky,missing,needs_review,missing
/uz/blog/how-to-make-ring-photos-on-a-white-background,uz,missing,needs_review,missing
/tg/blog/how-to-make-ring-photos-on-a-white-background,tg,missing,needs_review,missing
/tr/blog/how-to-make-ring-photos-on-a-white-background,tr,missing,needs_review,missing
/az/blog/how-to-make-ring-photos-on-a-white-background,az,missing,needs_review,missing
/ar/blog/how-to-make-ring-photos-on-a-white-background,ar,missing,needs_review,missing
/es/blog/how-to-make-ring-photos-on-a-white-background,es,missing,needs_review,missing
/pt/blog/how-to-make-ring-photos-on-a-white-background,pt,missing,needs_review,missing
/fr/blog/how-to-make-ring-photos-on-a-white-background,fr,missing,needs_review,missing
/de/blog/how-to-make-ring-photos-on-a-white-background,de,missing,needs_review,missing
/it/blog/how-to-make-ring-photos-on-a-white-background,it,missing,needs_review,missing
/pl/blog/how-to-make-ring-photos-on-a-white-background,pl,missing,needs_review,missing
/uk/blog/how-to-make-ring-photos-on-a-white-background,uk,missing,needs_review,missing
/hi/blog/how-to-make-ring-photos-on-a-white-background,hi,missing,needs_review,missing
/id/blog/how-to-make-ring-photos-on-a-white-background,id,missing,needs_review,missing
/vi/blog/how-to-make-ring-photos-on-a-white-background,vi,missing,needs_review,missing
/zh/blog/how-to-make-ring-photos-on-a-white-background,zh,missing,needs_review,missing
/ru/blog/how-to-make-bracelet-photos-for-a-catalog,ru,missing,draft,missing
/en/blog/how-to-make-bracelet-photos-for-a-catalog,en,missing,draft,missing
/kk/blog/how-to-make-bracelet-photos-for-a-catalog,kk,missing,needs_review,missing
/ky/blog/how-to-make-bracelet-photos-for-a-catalog,ky,missing,needs_review,missing
/uz/blog/how-to-make-bracelet-photos-for-a-catalog,uz,missing,needs_review,missing
/tg/blog/how-to-make-bracelet-photos-for-a-catalog,tg,missing,needs_review,missing
/tr/blog/how-to-make-bracelet-photos-for-a-catalog,tr,missing,needs_review,missing
/az/blog/how-to-make-bracelet-photos-for-a-catalog,az,missing,needs_review,missing
/ar/blog/how-to-make-bracelet-photos-for-a-catalog,ar,missing,needs_review,missing
/es/blog/how-to-make-bracelet-photos-for-a-catalog,es,missing,needs_review,missing
/pt/blog/how-to-make-bracelet-photos-for-a-catalog,pt,missing,needs_review,missing
/fr/blog/how-to-make-bracelet-photos-for-a-catalog,fr,missing,needs_review,missing
/de/blog/how-to-make-bracelet-photos-for-a-catalog,de,missing,needs_review,missing
/it/blog/how-to-make-bracelet-photos-for-a-catalog,it,missing,needs_review,missing
/pl/blog/how-to-make-bracelet-photos-for-a-catalog,pl,missing,needs_review,missing
/uk/blog/how-to-make-bracelet-photos-for-a-catalog,uk,missing,needs_review,missing
/hi/blog/how-to-make-bracelet-photos-for-a-catalog,hi,missing,needs_review,missing
/id/blog/how-to-make-bracelet-photos-for-a-catalog,id,missing,needs_review,missing
/vi/blog/how-to-make-bracelet-photos-for-a-catalog,vi,missing,needs_review,missing
/zh/blog/how-to-make-bracelet-photos-for-a-catalog,zh,missing,needs_review,missing
/ru/blog/how-to-remove-distracting-backgrounds-from-accessories,ru,missing,draft,missing
/en/blog/how-to-remove-distracting-backgrounds-from-accessories,en,missing,draft,missing
/kk/blog/how-to-remove-distracting-backgrounds-from-accessories,kk,missing,needs_review,missing
/ky/blog/how-to-remove-distracting-backgrounds-from-accessories,ky,missing,needs_review,missing
/uz/blog/how-to-remove-distracting-backgrounds-from-accessories,uz,missing,needs_review,missing
/tg/blog/how-to-remove-distracting-backgrounds-from-accessories,tg,missing,needs_review,missing
/tr/blog/how-to-remove-distracting-backgrounds-from-accessories,tr,missing,needs_review,missing
/az/blog/how-to-remove-distracting-backgrounds-from-accessories,az,missing,needs_review,missing
/ar/blog/how-to-remove-distracting-backgrounds-from-accessories,ar,missing,needs_review,missing
/es/blog/how-to-remove-distracting-backgrounds-from-accessories,es,missing,needs_review,missing
/pt/blog/how-to-remove-distracting-backgrounds-from-accessories,pt,missing,needs_review,missing
/fr/blog/how-to-remove-distracting-backgrounds-from-accessories,fr,missing,needs_review,missing
/de/blog/how-to-remove-distracting-backgrounds-from-accessories,de,missing,needs_review,missing
/it/blog/how-to-remove-distracting-backgrounds-from-accessories,it,missing,needs_review,missing
/pl/blog/how-to-remove-distracting-backgrounds-from-accessories,pl,missing,needs_review,missing
/uk/blog/how-to-remove-distracting-backgrounds-from-accessories,uk,missing,needs_review,missing
/hi/blog/how-to-remove-distracting-backgrounds-from-accessories,hi,missing,needs_review,missing
/id/blog/how-to-remove-distracting-backgrounds-from-accessories,id,missing,needs_review,missing
/vi/blog/how-to-remove-distracting-backgrounds-from-accessories,vi,missing,needs_review,missing
/zh/blog/how-to-remove-distracting-backgrounds-from-accessories,zh,missing,needs_review,missing
/ru/blog/why-ai-changes-jewelry-and-how-to-control-it,ru,missing,draft,missing
/en/blog/why-ai-changes-jewelry-and-how-to-control-it,en,missing,draft,missing
/kk/blog/why-ai-changes-jewelry-and-how-to-control-it,kk,missing,needs_review,missing
/ky/blog/why-ai-changes-jewelry-and-how-to-control-it,ky,missing,needs_review,missing
/uz/blog/why-ai-changes-jewelry-and-how-to-control-it,uz,missing,needs_review,missing
/tg/blog/why-ai-changes-jewelry-and-how-to-control-it,tg,missing,needs_review,missing
/tr/blog/why-ai-changes-jewelry-and-how-to-control-it,tr,missing,needs_review,missing
/az/blog/why-ai-changes-jewelry-and-how-to-control-it,az,missing,needs_review,missing
/ar/blog/why-ai-changes-jewelry-and-how-to-control-it,ar,missing,needs_review,missing
/es/blog/why-ai-changes-jewelry-and-how-to-control-it,es,missing,needs_review,missing
/pt/blog/why-ai-changes-jewelry-and-how-to-control-it,pt,missing,needs_review,missing
/fr/blog/why-ai-changes-jewelry-and-how-to-control-it,fr,missing,needs_review,missing
/de/blog/why-ai-changes-jewelry-and-how-to-control-it,de,missing,needs_review,missing
/it/blog/why-ai-changes-jewelry-and-how-to-control-it,it,missing,needs_review,missing
/pl/blog/why-ai-changes-jewelry-and-how-to-control-it,pl,missing,needs_review,missing
/uk/blog/why-ai-changes-jewelry-and-how-to-control-it,uk,missing,needs_review,missing
/hi/blog/why-ai-changes-jewelry-and-how-to-control-it,hi,missing,needs_review,missing
/id/blog/why-ai-changes-jewelry-and-how-to-control-it,id,missing,needs_review,missing
/vi/blog/why-ai-changes-jewelry-and-how-to-control-it,vi,missing,needs_review,missing
/zh/blog/why-ai-changes-jewelry-and-how-to-control-it,zh,missing,needs_review,missing
/ru/blog/how-to-make-an-exact-product-card-for-jewelry,ru,missing,draft,missing
/en/blog/how-to-make-an-exact-product-card-for-jewelry,en,missing,draft,missing
/kk/blog/how-to-make-an-exact-product-card-for-jewelry,kk,missing,needs_review,missing
/ky/blog/how-to-make-an-exact-product-card-for-jewelry,ky,missing,needs_review,missing
/uz/blog/how-to-make-an-exact-product-card-for-jewelry,uz,missing,needs_review,missing
/tg/blog/how-to-make-an-exact-product-card-for-jewelry,tg,missing,needs_review,missing
/tr/blog/how-to-make-an-exact-product-card-for-jewelry,tr,missing,needs_review,missing
/az/blog/how-to-make-an-exact-product-card-for-jewelry,az,missing,needs_review,missing
/ar/blog/how-to-make-an-exact-product-card-for-jewelry,ar,missing,needs_review,missing
/es/blog/how-to-make-an-exact-product-card-for-jewelry,es,missing,needs_review,missing
/pt/blog/how-to-make-an-exact-product-card-for-jewelry,pt,missing,needs_review,missing
/fr/blog/how-to-make-an-exact-product-card-for-jewelry,fr,missing,needs_review,missing
/de/blog/how-to-make-an-exact-product-card-for-jewelry,de,missing,needs_review,missing
/it/blog/how-to-make-an-exact-product-card-for-jewelry,it,missing,needs_review,missing
/pl/blog/how-to-make-an-exact-product-card-for-jewelry,pl,missing,needs_review,missing
/uk/blog/how-to-make-an-exact-product-card-for-jewelry,uk,missing,needs_review,missing
/hi/blog/how-to-make-an-exact-product-card-for-jewelry,hi,missing,needs_review,missing
/id/blog/how-to-make-an-exact-product-card-for-jewelry,id,missing,needs_review,missing
/vi/blog/how-to-make-an-exact-product-card-for-jewelry,vi,missing,needs_review,missing
/zh/blog/how-to-make-an-exact-product-card-for-jewelry,zh,missing,needs_review,missing
/ru/blog/how-to-create-lifestyle-jewelry-photos,ru,missing,draft,missing
/en/blog/how-to-create-lifestyle-jewelry-photos,en,missing,draft,missing
/kk/blog/how-to-create-lifestyle-jewelry-photos,kk,missing,needs_review,missing
/ky/blog/how-to-create-lifestyle-jewelry-photos,ky,missing,needs_review,missing
/uz/blog/how-to-create-lifestyle-jewelry-photos,uz,missing,needs_review,missing
/tg/blog/how-to-create-lifestyle-jewelry-photos,tg,missing,needs_review,missing
/tr/blog/how-to-create-lifestyle-jewelry-photos,tr,missing,needs_review,missing
/az/blog/how-to-create-lifestyle-jewelry-photos,az,missing,needs_review,missing
/ar/blog/how-to-create-lifestyle-jewelry-photos,ar,missing,needs_review,missing
/es/blog/how-to-create-lifestyle-jewelry-photos,es,missing,needs_review,missing
/pt/blog/how-to-create-lifestyle-jewelry-photos,pt,missing,needs_review,missing
/fr/blog/how-to-create-lifestyle-jewelry-photos,fr,missing,needs_review,missing
/de/blog/how-to-create-lifestyle-jewelry-photos,de,missing,needs_review,missing
/it/blog/how-to-create-lifestyle-jewelry-photos,it,missing,needs_review,missing
/pl/blog/how-to-create-lifestyle-jewelry-photos,pl,missing,needs_review,missing
/uk/blog/how-to-create-lifestyle-jewelry-photos,uk,missing,needs_review,missing
/hi/blog/how-to-create-lifestyle-jewelry-photos,hi,missing,needs_review,missing
/id/blog/how-to-create-lifestyle-jewelry-photos,id,missing,needs_review,missing
/vi/blog/how-to-create-lifestyle-jewelry-photos,vi,missing,needs_review,missing
/zh/blog/how-to-create-lifestyle-jewelry-photos,zh,missing,needs_review,missing
/ru/blog/how-to-prepare-bag-photos-for-a-marketplace,ru,missing,draft,missing
/en/blog/how-to-prepare-bag-photos-for-a-marketplace,en,missing,draft,missing
/kk/blog/how-to-prepare-bag-photos-for-a-marketplace,kk,missing,needs_review,missing
/ky/blog/how-to-prepare-bag-photos-for-a-marketplace,ky,missing,needs_review,missing
/uz/blog/how-to-prepare-bag-photos-for-a-marketplace,uz,missing,needs_review,missing
/tg/blog/how-to-prepare-bag-photos-for-a-marketplace,tg,missing,needs_review,missing
/tr/blog/how-to-prepare-bag-photos-for-a-marketplace,tr,missing,needs_review,missing
/az/blog/how-to-prepare-bag-photos-for-a-marketplace,az,missing,needs_review,missing
/ar/blog/how-to-prepare-bag-photos-for-a-marketplace,ar,missing,needs_review,missing
/es/blog/how-to-prepare-bag-photos-for-a-marketplace,es,missing,needs_review,missing
/pt/blog/how-to-prepare-bag-photos-for-a-marketplace,pt,missing,needs_review,missing
/fr/blog/how-to-prepare-bag-photos-for-a-marketplace,fr,missing,needs_review,missing
/de/blog/how-to-prepare-bag-photos-for-a-marketplace,de,missing,needs_review,missing
/it/blog/how-to-prepare-bag-photos-for-a-marketplace,it,missing,needs_review,missing
/pl/blog/how-to-prepare-bag-photos-for-a-marketplace,pl,missing,needs_review,missing
/uk/blog/how-to-prepare-bag-photos-for-a-marketplace,uk,missing,needs_review,missing
/hi/blog/how-to-prepare-bag-photos-for-a-marketplace,hi,missing,needs_review,missing
/id/blog/how-to-prepare-bag-photos-for-a-marketplace,id,missing,needs_review,missing
/vi/blog/how-to-prepare-bag-photos-for-a-marketplace,vi,missing,needs_review,missing
/zh/blog/how-to-prepare-bag-photos-for-a-marketplace,zh,missing,needs_review,missing
/ru/blog/how-to-create-shoe-photos-for-a-product-card,ru,missing,draft,missing
/en/blog/how-to-create-shoe-photos-for-a-product-card,en,missing,draft,missing
/kk/blog/how-to-create-shoe-photos-for-a-product-card,kk,missing,needs_review,missing
/ky/blog/how-to-create-shoe-photos-for-a-product-card,ky,missing,needs_review,missing
/uz/blog/how-to-create-shoe-photos-for-a-product-card,uz,missing,needs_review,missing
/tg/blog/how-to-create-shoe-photos-for-a-product-card,tg,missing,needs_review,missing
/tr/blog/how-to-create-shoe-photos-for-a-product-card,tr,missing,needs_review,missing
/az/blog/how-to-create-shoe-photos-for-a-product-card,az,missing,needs_review,missing
/ar/blog/how-to-create-shoe-photos-for-a-product-card,ar,missing,needs_review,missing
/es/blog/how-to-create-shoe-photos-for-a-product-card,es,missing,needs_review,missing
/pt/blog/how-to-create-shoe-photos-for-a-product-card,pt,missing,needs_review,missing
/fr/blog/how-to-create-shoe-photos-for-a-product-card,fr,missing,needs_review,missing
/de/blog/how-to-create-shoe-photos-for-a-product-card,de,missing,needs_review,missing
/it/blog/how-to-create-shoe-photos-for-a-product-card,it,missing,needs_review,missing
/pl/blog/how-to-create-shoe-photos-for-a-product-card,pl,missing,needs_review,missing
/uk/blog/how-to-create-shoe-photos-for-a-product-card,uk,missing,needs_review,missing
/hi/blog/how-to-create-shoe-photos-for-a-product-card,hi,missing,needs_review,missing
/id/blog/how-to-create-shoe-photos-for-a-product-card,id,missing,needs_review,missing
/vi/blog/how-to-create-shoe-photos-for-a-product-card,vi,missing,needs_review,missing
/zh/blog/how-to-create-shoe-photos-for-a-product-card,zh,missing,needs_review,missing
/ru/blog/foto-tovarov-dlya-kaspi,ru,complete,published,complete
/en/blog/product-photos-for-kaspi,en,complete,published,complete
/kk/blog/product-photos-for-kaspi,kk,missing,needs_review,missing
/ky/blog/product-photos-for-kaspi,ky,missing,needs_review,missing
/uz/blog/product-photos-for-kaspi,uz,missing,needs_review,missing
/tg/blog/product-photos-for-kaspi,tg,missing,needs_review,missing
/tr/blog/product-photos-for-kaspi,tr,missing,needs_review,missing
/az/blog/product-photos-for-kaspi,az,missing,needs_review,missing
/ar/blog/product-photos-for-kaspi,ar,missing,needs_review,missing
/es/blog/product-photos-for-kaspi,es,missing,needs_review,missing
/pt/blog/product-photos-for-kaspi,pt,missing,needs_review,missing
/fr/blog/product-photos-for-kaspi,fr,missing,needs_review,missing
/de/blog/product-photos-for-kaspi,de,missing,needs_review,missing
/it/blog/product-photos-for-kaspi,it,missing,needs_review,missing
/pl/blog/product-photos-for-kaspi,pl,missing,needs_review,missing
/uk/blog/product-photos-for-kaspi,uk,missing,needs_review,missing
/hi/blog/product-photos-for-kaspi,hi,missing,needs_review,missing
/id/blog/product-photos-for-kaspi,id,missing,needs_review,missing
/vi/blog/product-photos-for-kaspi,vi,missing,needs_review,missing
/zh/blog/product-photos-for-kaspi,zh,missing,needs_review,missing
/ru/blog/product-photos-for-wildberries,ru,missing,draft,missing
/en/blog/product-photos-for-wildberries,en,missing,draft,missing
/kk/blog/product-photos-for-wildberries,kk,missing,needs_review,missing
/ky/blog/product-photos-for-wildberries,ky,missing,needs_review,missing
/uz/blog/product-photos-for-wildberries,uz,missing,needs_review,missing
/tg/blog/product-photos-for-wildberries,tg,missing,needs_review,missing
/tr/blog/product-photos-for-wildberries,tr,missing,needs_review,missing
/az/blog/product-photos-for-wildberries,az,missing,needs_review,missing
/ar/blog/product-photos-for-wildberries,ar,missing,needs_review,missing
/es/blog/product-photos-for-wildberries,es,missing,needs_review,missing
/pt/blog/product-photos-for-wildberries,pt,missing,needs_review,missing
/fr/blog/product-photos-for-wildberries,fr,missing,needs_review,missing
/de/blog/product-photos-for-wildberries,de,missing,needs_review,missing
/it/blog/product-photos-for-wildberries,it,missing,needs_review,missing
/pl/blog/product-photos-for-wildberries,pl,missing,needs_review,missing
/uk/blog/product-photos-for-wildberries,uk,missing,needs_review,missing
/hi/blog/product-photos-for-wildberries,hi,missing,needs_review,missing
/id/blog/product-photos-for-wildberries,id,missing,needs_review,missing
/vi/blog/product-photos-for-wildberries,vi,missing,needs_review,missing
/zh/blog/product-photos-for-wildberries,zh,missing,needs_review,missing
/ru/blog/product-photos-for-ozon,ru,missing,draft,missing
/en/blog/product-photos-for-ozon,en,missing,draft,missing
/kk/blog/product-photos-for-ozon,kk,missing,needs_review,missing
/ky/blog/product-photos-for-ozon,ky,missing,needs_review,missing
/uz/blog/product-photos-for-ozon,uz,missing,needs_review,missing
/tg/blog/product-photos-for-ozon,tg,missing,needs_review,missing
/tr/blog/product-photos-for-ozon,tr,missing,needs_review,missing
/az/blog/product-photos-for-ozon,az,missing,needs_review,missing
/ar/blog/product-photos-for-ozon,ar,missing,needs_review,missing
/es/blog/product-photos-for-ozon,es,missing,needs_review,missing
/pt/blog/product-photos-for-ozon,pt,missing,needs_review,missing
/fr/blog/product-photos-for-ozon,fr,missing,needs_review,missing
/de/blog/product-photos-for-ozon,de,missing,needs_review,missing
/it/blog/product-photos-for-ozon,it,missing,needs_review,missing
/pl/blog/product-photos-for-ozon,pl,missing,needs_review,missing
/uk/blog/product-photos-for-ozon,uk,missing,needs_review,missing
/hi/blog/product-photos-for-ozon,hi,missing,needs_review,missing
/id/blog/product-photos-for-ozon,id,missing,needs_review,missing
/vi/blog/product-photos-for-ozon,vi,missing,needs_review,missing
/zh/blog/product-photos-for-ozon,zh,missing,needs_review,missing
/ru/blog/product-photos-for-ebay,ru,missing,draft,missing
/en/blog/product-photos-for-ebay,en,missing,draft,missing
/kk/blog/product-photos-for-ebay,kk,missing,needs_review,missing
/ky/blog/product-photos-for-ebay,ky,missing,needs_review,missing
/uz/blog/product-photos-for-ebay,uz,missing,needs_review,missing
/tg/blog/product-photos-for-ebay,tg,missing,needs_review,missing
/tr/blog/product-photos-for-ebay,tr,missing,needs_review,missing
/az/blog/product-photos-for-ebay,az,missing,needs_review,missing
/ar/blog/product-photos-for-ebay,ar,missing,needs_review,missing
/es/blog/product-photos-for-ebay,es,missing,needs_review,missing
/pt/blog/product-photos-for-ebay,pt,missing,needs_review,missing
/fr/blog/product-photos-for-ebay,fr,missing,needs_review,missing
/de/blog/product-photos-for-ebay,de,missing,needs_review,missing
/it/blog/product-photos-for-ebay,it,missing,needs_review,missing
/pl/blog/product-photos-for-ebay,pl,missing,needs_review,missing
/uk/blog/product-photos-for-ebay,uk,missing,needs_review,missing
/hi/blog/product-photos-for-ebay,hi,missing,needs_review,missing
/id/blog/product-photos-for-ebay,id,missing,needs_review,missing
/vi/blog/product-photos-for-ebay,vi,missing,needs_review,missing
/zh/blog/product-photos-for-ebay,zh,missing,needs_review,missing
/ru/blog/product-photos-for-amazon,ru,missing,draft,missing
/en/blog/product-photos-for-amazon,en,missing,draft,missing
/kk/blog/product-photos-for-amazon,kk,missing,needs_review,missing
/ky/blog/product-photos-for-amazon,ky,missing,needs_review,missing
/uz/blog/product-photos-for-amazon,uz,missing,needs_review,missing
/tg/blog/product-photos-for-amazon,tg,missing,needs_review,missing
/tr/blog/product-photos-for-amazon,tr,missing,needs_review,missing
/az/blog/product-photos-for-amazon,az,missing,needs_review,missing
/ar/blog/product-photos-for-amazon,ar,missing,needs_review,missing
/es/blog/product-photos-for-amazon,es,missing,needs_review,missing
/pt/blog/product-photos-for-amazon,pt,missing,needs_review,missing
/fr/blog/product-photos-for-amazon,fr,missing,needs_review,missing
/de/blog/product-photos-for-amazon,de,missing,needs_review,missing
/it/blog/product-photos-for-amazon,it,missing,needs_review,missing
/pl/blog/product-photos-for-amazon,pl,missing,needs_review,missing
/uk/blog/product-photos-for-amazon,uk,missing,needs_review,missing
/hi/blog/product-photos-for-amazon,hi,missing,needs_review,missing
/id/blog/product-photos-for-amazon,id,missing,needs_review,missing
/vi/blog/product-photos-for-amazon,vi,missing,needs_review,missing
/zh/blog/product-photos-for-amazon,zh,missing,needs_review,missing
/ru/blog/product-photos-for-etsy,ru,missing,draft,missing
/en/blog/product-photos-for-etsy,en,missing,draft,missing
/kk/blog/product-photos-for-etsy,kk,missing,needs_review,missing
/ky/blog/product-photos-for-etsy,ky,missing,needs_review,missing
/uz/blog/product-photos-for-etsy,uz,missing,needs_review,missing
/tg/blog/product-photos-for-etsy,tg,missing,needs_review,missing
/tr/blog/product-photos-for-etsy,tr,missing,needs_review,missing
/az/blog/product-photos-for-etsy,az,missing,needs_review,missing
/ar/blog/product-photos-for-etsy,ar,missing,needs_review,missing
/es/blog/product-photos-for-etsy,es,missing,needs_review,missing
/pt/blog/product-photos-for-etsy,pt,missing,needs_review,missing
/fr/blog/product-photos-for-etsy,fr,missing,needs_review,missing
/de/blog/product-photos-for-etsy,de,missing,needs_review,missing
/it/blog/product-photos-for-etsy,it,missing,needs_review,missing
/pl/blog/product-photos-for-etsy,pl,missing,needs_review,missing
/uk/blog/product-photos-for-etsy,uk,missing,needs_review,missing
/hi/blog/product-photos-for-etsy,hi,missing,needs_review,missing
/id/blog/product-photos-for-etsy,id,missing,needs_review,missing
/vi/blog/product-photos-for-etsy,vi,missing,needs_review,missing
/zh/blog/product-photos-for-etsy,zh,missing,needs_review,missing
/ru/blog/product-photos-for-shopify,ru,missing,draft,missing
/en/blog/product-photos-for-shopify,en,missing,draft,missing
/kk/blog/product-photos-for-shopify,kk,missing,needs_review,missing
/ky/blog/product-photos-for-shopify,ky,missing,needs_review,missing
/uz/blog/product-photos-for-shopify,uz,missing,needs_review,missing
/tg/blog/product-photos-for-shopify,tg,missing,needs_review,missing
/tr/blog/product-photos-for-shopify,tr,missing,needs_review,missing
/az/blog/product-photos-for-shopify,az,missing,needs_review,missing
/ar/blog/product-photos-for-shopify,ar,missing,needs_review,missing
/es/blog/product-photos-for-shopify,es,missing,needs_review,missing
/pt/blog/product-photos-for-shopify,pt,missing,needs_review,missing
/fr/blog/product-photos-for-shopify,fr,missing,needs_review,missing
/de/blog/product-photos-for-shopify,de,missing,needs_review,missing
/it/blog/product-photos-for-shopify,it,missing,needs_review,missing
/pl/blog/product-photos-for-shopify,pl,missing,needs_review,missing
/uk/blog/product-photos-for-shopify,uk,missing,needs_review,missing
/hi/blog/product-photos-for-shopify,hi,missing,needs_review,missing
/id/blog/product-photos-for-shopify,id,missing,needs_review,missing
/vi/blog/product-photos-for-shopify,vi,missing,needs_review,missing
/zh/blog/product-photos-for-shopify,zh,missing,needs_review,missing
/ru/blog/product-photos-for-instagram-shop,ru,missing,draft,missing
/en/blog/product-photos-for-instagram-shop,en,missing,draft,missing
/kk/blog/product-photos-for-instagram-shop,kk,missing,needs_review,missing
/ky/blog/product-photos-for-instagram-shop,ky,missing,needs_review,missing
/uz/blog/product-photos-for-instagram-shop,uz,missing,needs_review,missing
/tg/blog/product-photos-for-instagram-shop,tg,missing,needs_review,missing
/tr/blog/product-photos-for-instagram-shop,tr,missing,needs_review,missing
/az/blog/product-photos-for-instagram-shop,az,missing,needs_review,missing
/ar/blog/product-photos-for-instagram-shop,ar,missing,needs_review,missing
/es/blog/product-photos-for-instagram-shop,es,missing,needs_review,missing
/pt/blog/product-photos-for-instagram-shop,pt,missing,needs_review,missing
/fr/blog/product-photos-for-instagram-shop,fr,missing,needs_review,missing
/de/blog/product-photos-for-instagram-shop,de,missing,needs_review,missing
/it/blog/product-photos-for-instagram-shop,it,missing,needs_review,missing
/pl/blog/product-photos-for-instagram-shop,pl,missing,needs_review,missing
/uk/blog/product-photos-for-instagram-shop,uk,missing,needs_review,missing
/hi/blog/product-photos-for-instagram-shop,hi,missing,needs_review,missing
/id/blog/product-photos-for-instagram-shop,id,missing,needs_review,missing
/vi/blog/product-photos-for-instagram-shop,vi,missing,needs_review,missing
/zh/blog/product-photos-for-instagram-shop,zh,missing,needs_review,missing
/ru/blog/product-photos-for-tiktok-shop,ru,missing,draft,missing
/en/blog/product-photos-for-tiktok-shop,en,missing,draft,missing
/kk/blog/product-photos-for-tiktok-shop,kk,missing,needs_review,missing
/ky/blog/product-photos-for-tiktok-shop,ky,missing,needs_review,missing
/uz/blog/product-photos-for-tiktok-shop,uz,missing,needs_review,missing
/tg/blog/product-photos-for-tiktok-shop,tg,missing,needs_review,missing
/tr/blog/product-photos-for-tiktok-shop,tr,missing,needs_review,missing
/az/blog/product-photos-for-tiktok-shop,az,missing,needs_review,missing
/ar/blog/product-photos-for-tiktok-shop,ar,missing,needs_review,missing
/es/blog/product-photos-for-tiktok-shop,es,missing,needs_review,missing
/pt/blog/product-photos-for-tiktok-shop,pt,missing,needs_review,missing
/fr/blog/product-photos-for-tiktok-shop,fr,missing,needs_review,missing
/de/blog/product-photos-for-tiktok-shop,de,missing,needs_review,missing
/it/blog/product-photos-for-tiktok-shop,it,missing,needs_review,missing
/pl/blog/product-photos-for-tiktok-shop,pl,missing,needs_review,missing
/uk/blog/product-photos-for-tiktok-shop,uk,missing,needs_review,missing
/hi/blog/product-photos-for-tiktok-shop,hi,missing,needs_review,missing
/id/blog/product-photos-for-tiktok-shop,id,missing,needs_review,missing
/vi/blog/product-photos-for-tiktok-shop,vi,missing,needs_review,missing
/zh/blog/product-photos-for-tiktok-shop,zh,missing,needs_review,missing
/ru/blog/product-photos-for-facebook-marketplace,ru,missing,draft,missing
/en/blog/product-photos-for-facebook-marketplace,en,missing,draft,missing
/kk/blog/product-photos-for-facebook-marketplace,kk,missing,needs_review,missing
/ky/blog/product-photos-for-facebook-marketplace,ky,missing,needs_review,missing
/uz/blog/product-photos-for-facebook-marketplace,uz,missing,needs_review,missing
/tg/blog/product-photos-for-facebook-marketplace,tg,missing,needs_review,missing
/tr/blog/product-photos-for-facebook-marketplace,tr,missing,needs_review,missing
/az/blog/product-photos-for-facebook-marketplace,az,missing,needs_review,missing
/ar/blog/product-photos-for-facebook-marketplace,ar,missing,needs_review,missing
/es/blog/product-photos-for-facebook-marketplace,es,missing,needs_review,missing
/pt/blog/product-photos-for-facebook-marketplace,pt,missing,needs_review,missing
/fr/blog/product-photos-for-facebook-marketplace,fr,missing,needs_review,missing
/de/blog/product-photos-for-facebook-marketplace,de,missing,needs_review,missing
/it/blog/product-photos-for-facebook-marketplace,it,missing,needs_review,missing
/pl/blog/product-photos-for-facebook-marketplace,pl,missing,needs_review,missing
/uk/blog/product-photos-for-facebook-marketplace,uk,missing,needs_review,missing
/hi/blog/product-photos-for-facebook-marketplace,hi,missing,needs_review,missing
/id/blog/product-photos-for-facebook-marketplace,id,missing,needs_review,missing
/vi/blog/product-photos-for-facebook-marketplace,vi,missing,needs_review,missing
/zh/blog/product-photos-for-facebook-marketplace,zh,missing,needs_review,missing
/ru/blog/product-photos-for-olx,ru,missing,draft,missing
/en/blog/product-photos-for-olx,en,missing,draft,missing
/kk/blog/product-photos-for-olx,kk,missing,needs_review,missing
/ky/blog/product-photos-for-olx,ky,missing,needs_review,missing
/uz/blog/product-photos-for-olx,uz,missing,needs_review,missing
/tg/blog/product-photos-for-olx,tg,missing,needs_review,missing
/tr/blog/product-photos-for-olx,tr,missing,needs_review,missing
/az/blog/product-photos-for-olx,az,missing,needs_review,missing
/ar/blog/product-photos-for-olx,ar,missing,needs_review,missing
/es/blog/product-photos-for-olx,es,missing,needs_review,missing
/pt/blog/product-photos-for-olx,pt,missing,needs_review,missing
/fr/blog/product-photos-for-olx,fr,missing,needs_review,missing
/de/blog/product-photos-for-olx,de,missing,needs_review,missing
/it/blog/product-photos-for-olx,it,missing,needs_review,missing
/pl/blog/product-photos-for-olx,pl,missing,needs_review,missing
/uk/blog/product-photos-for-olx,uk,missing,needs_review,missing
/hi/blog/product-photos-for-olx,hi,missing,needs_review,missing
/id/blog/product-photos-for-olx,id,missing,needs_review,missing
/vi/blog/product-photos-for-olx,vi,missing,needs_review,missing
/zh/blog/product-photos-for-olx,zh,missing,needs_review,missing
/ru/blog/product-photos-for-aliexpress,ru,missing,draft,missing
/en/blog/product-photos-for-aliexpress,en,missing,draft,missing
/kk/blog/product-photos-for-aliexpress,kk,missing,needs_review,missing
/ky/blog/product-photos-for-aliexpress,ky,missing,needs_review,missing
/uz/blog/product-photos-for-aliexpress,uz,missing,needs_review,missing
/tg/blog/product-photos-for-aliexpress,tg,missing,needs_review,missing
/tr/blog/product-photos-for-aliexpress,tr,missing,needs_review,missing
/az/blog/product-photos-for-aliexpress,az,missing,needs_review,missing
/ar/blog/product-photos-for-aliexpress,ar,missing,needs_review,missing
/es/blog/product-photos-for-aliexpress,es,missing,needs_review,missing
/pt/blog/product-photos-for-aliexpress,pt,missing,needs_review,missing
/fr/blog/product-photos-for-aliexpress,fr,missing,needs_review,missing
/de/blog/product-photos-for-aliexpress,de,missing,needs_review,missing
/it/blog/product-photos-for-aliexpress,it,missing,needs_review,missing
/pl/blog/product-photos-for-aliexpress,pl,missing,needs_review,missing
/uk/blog/product-photos-for-aliexpress,uk,missing,needs_review,missing
/hi/blog/product-photos-for-aliexpress,hi,missing,needs_review,missing
/id/blog/product-photos-for-aliexpress,id,missing,needs_review,missing
/vi/blog/product-photos-for-aliexpress,vi,missing,needs_review,missing
/zh/blog/product-photos-for-aliexpress,zh,missing,needs_review,missing
/ru/blog/product-photos-for-temu,ru,missing,draft,missing
/en/blog/product-photos-for-temu,en,missing,draft,missing
/kk/blog/product-photos-for-temu,kk,missing,needs_review,missing
/ky/blog/product-photos-for-temu,ky,missing,needs_review,missing
/uz/blog/product-photos-for-temu,uz,missing,needs_review,missing
/tg/blog/product-photos-for-temu,tg,missing,needs_review,missing
/tr/blog/product-photos-for-temu,tr,missing,needs_review,missing
/az/blog/product-photos-for-temu,az,missing,needs_review,missing
/ar/blog/product-photos-for-temu,ar,missing,needs_review,missing
/es/blog/product-photos-for-temu,es,missing,needs_review,missing
/pt/blog/product-photos-for-temu,pt,missing,needs_review,missing
/fr/blog/product-photos-for-temu,fr,missing,needs_review,missing
/de/blog/product-photos-for-temu,de,missing,needs_review,missing
/it/blog/product-photos-for-temu,it,missing,needs_review,missing
/pl/blog/product-photos-for-temu,pl,missing,needs_review,missing
/uk/blog/product-photos-for-temu,uk,missing,needs_review,missing
/hi/blog/product-photos-for-temu,hi,missing,needs_review,missing
/id/blog/product-photos-for-temu,id,missing,needs_review,missing
/vi/blog/product-photos-for-temu,vi,missing,needs_review,missing
/zh/blog/product-photos-for-temu,zh,missing,needs_review,missing
/ru/blog/1-1-format-for-product-cards,ru,missing,draft,missing
/en/blog/1-1-format-for-product-cards,en,missing,draft,missing
/kk/blog/1-1-format-for-product-cards,kk,missing,needs_review,missing
/ky/blog/1-1-format-for-product-cards,ky,missing,needs_review,missing
/uz/blog/1-1-format-for-product-cards,uz,missing,needs_review,missing
/tg/blog/1-1-format-for-product-cards,tg,missing,needs_review,missing
/tr/blog/1-1-format-for-product-cards,tr,missing,needs_review,missing
/az/blog/1-1-format-for-product-cards,az,missing,needs_review,missing
/ar/blog/1-1-format-for-product-cards,ar,missing,needs_review,missing
/es/blog/1-1-format-for-product-cards,es,missing,needs_review,missing
/pt/blog/1-1-format-for-product-cards,pt,missing,needs_review,missing
/fr/blog/1-1-format-for-product-cards,fr,missing,needs_review,missing
/de/blog/1-1-format-for-product-cards,de,missing,needs_review,missing
/it/blog/1-1-format-for-product-cards,it,missing,needs_review,missing
/pl/blog/1-1-format-for-product-cards,pl,missing,needs_review,missing
/uk/blog/1-1-format-for-product-cards,uk,missing,needs_review,missing
/hi/blog/1-1-format-for-product-cards,hi,missing,needs_review,missing
/id/blog/1-1-format-for-product-cards,id,missing,needs_review,missing
/vi/blog/1-1-format-for-product-cards,vi,missing,needs_review,missing
/zh/blog/1-1-format-for-product-cards,zh,missing,needs_review,missing
/ru/blog/4-5-format-for-marketplaces,ru,missing,draft,missing
/en/blog/4-5-format-for-marketplaces,en,missing,draft,missing
/kk/blog/4-5-format-for-marketplaces,kk,missing,needs_review,missing
/ky/blog/4-5-format-for-marketplaces,ky,missing,needs_review,missing
/uz/blog/4-5-format-for-marketplaces,uz,missing,needs_review,missing
/tg/blog/4-5-format-for-marketplaces,tg,missing,needs_review,missing
/tr/blog/4-5-format-for-marketplaces,tr,missing,needs_review,missing
/az/blog/4-5-format-for-marketplaces,az,missing,needs_review,missing
/ar/blog/4-5-format-for-marketplaces,ar,missing,needs_review,missing
/es/blog/4-5-format-for-marketplaces,es,missing,needs_review,missing
/pt/blog/4-5-format-for-marketplaces,pt,missing,needs_review,missing
/fr/blog/4-5-format-for-marketplaces,fr,missing,needs_review,missing
/de/blog/4-5-format-for-marketplaces,de,missing,needs_review,missing
/it/blog/4-5-format-for-marketplaces,it,missing,needs_review,missing
/pl/blog/4-5-format-for-marketplaces,pl,missing,needs_review,missing
/uk/blog/4-5-format-for-marketplaces,uk,missing,needs_review,missing
/hi/blog/4-5-format-for-marketplaces,hi,missing,needs_review,missing
/id/blog/4-5-format-for-marketplaces,id,missing,needs_review,missing
/vi/blog/4-5-format-for-marketplaces,vi,missing,needs_review,missing
/zh/blog/4-5-format-for-marketplaces,zh,missing,needs_review,missing
/ru/blog/9-16-format-for-reels-and-stories,ru,missing,draft,missing
/en/blog/9-16-format-for-reels-and-stories,en,missing,draft,missing
/kk/blog/9-16-format-for-reels-and-stories,kk,missing,needs_review,missing
/ky/blog/9-16-format-for-reels-and-stories,ky,missing,needs_review,missing
/uz/blog/9-16-format-for-reels-and-stories,uz,missing,needs_review,missing
/tg/blog/9-16-format-for-reels-and-stories,tg,missing,needs_review,missing
/tr/blog/9-16-format-for-reels-and-stories,tr,missing,needs_review,missing
/az/blog/9-16-format-for-reels-and-stories,az,missing,needs_review,missing
/ar/blog/9-16-format-for-reels-and-stories,ar,missing,needs_review,missing
/es/blog/9-16-format-for-reels-and-stories,es,missing,needs_review,missing
/pt/blog/9-16-format-for-reels-and-stories,pt,missing,needs_review,missing
/fr/blog/9-16-format-for-reels-and-stories,fr,missing,needs_review,missing
/de/blog/9-16-format-for-reels-and-stories,de,missing,needs_review,missing
/it/blog/9-16-format-for-reels-and-stories,it,missing,needs_review,missing
/pl/blog/9-16-format-for-reels-and-stories,pl,missing,needs_review,missing
/uk/blog/9-16-format-for-reels-and-stories,uk,missing,needs_review,missing
/hi/blog/9-16-format-for-reels-and-stories,hi,missing,needs_review,missing
/id/blog/9-16-format-for-reels-and-stories,id,missing,needs_review,missing
/vi/blog/9-16-format-for-reels-and-stories,vi,missing,needs_review,missing
/zh/blog/9-16-format-for-reels-and-stories,zh,missing,needs_review,missing
/ru/blog/how-to-make-reels-from-a-product-photo,ru,missing,draft,missing
/en/blog/how-to-make-reels-from-a-product-photo,en,missing,draft,missing
/kk/blog/how-to-make-reels-from-a-product-photo,kk,missing,needs_review,missing
/ky/blog/how-to-make-reels-from-a-product-photo,ky,missing,needs_review,missing
/uz/blog/how-to-make-reels-from-a-product-photo,uz,missing,needs_review,missing
/tg/blog/how-to-make-reels-from-a-product-photo,tg,missing,needs_review,missing
/tr/blog/how-to-make-reels-from-a-product-photo,tr,missing,needs_review,missing
/az/blog/how-to-make-reels-from-a-product-photo,az,missing,needs_review,missing
/ar/blog/how-to-make-reels-from-a-product-photo,ar,missing,needs_review,missing
/es/blog/how-to-make-reels-from-a-product-photo,es,missing,needs_review,missing
/pt/blog/how-to-make-reels-from-a-product-photo,pt,missing,needs_review,missing
/fr/blog/how-to-make-reels-from-a-product-photo,fr,missing,needs_review,missing
/de/blog/how-to-make-reels-from-a-product-photo,de,missing,needs_review,missing
/it/blog/how-to-make-reels-from-a-product-photo,it,missing,needs_review,missing
/pl/blog/how-to-make-reels-from-a-product-photo,pl,missing,needs_review,missing
/uk/blog/how-to-make-reels-from-a-product-photo,uk,missing,needs_review,missing
/hi/blog/how-to-make-reels-from-a-product-photo,hi,missing,needs_review,missing
/id/blog/how-to-make-reels-from-a-product-photo,id,missing,needs_review,missing
/vi/blog/how-to-make-reels-from-a-product-photo,vi,missing,needs_review,missing
/zh/blog/how-to-make-reels-from-a-product-photo,zh,missing,needs_review,missing
/ru/blog/how-to-create-a-product-video-from-a-photo,ru,missing,draft,missing
/en/blog/how-to-create-a-product-video-from-a-photo,en,missing,draft,missing
/kk/blog/how-to-create-a-product-video-from-a-photo,kk,missing,needs_review,missing
/ky/blog/how-to-create-a-product-video-from-a-photo,ky,missing,needs_review,missing
/uz/blog/how-to-create-a-product-video-from-a-photo,uz,missing,needs_review,missing
/tg/blog/how-to-create-a-product-video-from-a-photo,tg,missing,needs_review,missing
/tr/blog/how-to-create-a-product-video-from-a-photo,tr,missing,needs_review,missing
/az/blog/how-to-create-a-product-video-from-a-photo,az,missing,needs_review,missing
/ar/blog/how-to-create-a-product-video-from-a-photo,ar,missing,needs_review,missing
/es/blog/how-to-create-a-product-video-from-a-photo,es,missing,needs_review,missing
/pt/blog/how-to-create-a-product-video-from-a-photo,pt,missing,needs_review,missing
/fr/blog/how-to-create-a-product-video-from-a-photo,fr,missing,needs_review,missing
/de/blog/how-to-create-a-product-video-from-a-photo,de,missing,needs_review,missing
/it/blog/how-to-create-a-product-video-from-a-photo,it,missing,needs_review,missing
/pl/blog/how-to-create-a-product-video-from-a-photo,pl,missing,needs_review,missing
/uk/blog/how-to-create-a-product-video-from-a-photo,uk,missing,needs_review,missing
/hi/blog/how-to-create-a-product-video-from-a-photo,hi,missing,needs_review,missing
/id/blog/how-to-create-a-product-video-from-a-photo,id,missing,needs_review,missing
/vi/blog/how-to-create-a-product-video-from-a-photo,vi,missing,needs_review,missing
/zh/blog/how-to-create-a-product-video-from-a-photo,zh,missing,needs_review,missing
/ru/blog/how-to-prepare-product-photos-for-instagram,ru,missing,draft,missing
/en/blog/how-to-prepare-product-photos-for-instagram,en,missing,draft,missing
/kk/blog/how-to-prepare-product-photos-for-instagram,kk,missing,needs_review,missing
/ky/blog/how-to-prepare-product-photos-for-instagram,ky,missing,needs_review,missing
/uz/blog/how-to-prepare-product-photos-for-instagram,uz,missing,needs_review,missing
/tg/blog/how-to-prepare-product-photos-for-instagram,tg,missing,needs_review,missing
/tr/blog/how-to-prepare-product-photos-for-instagram,tr,missing,needs_review,missing
/az/blog/how-to-prepare-product-photos-for-instagram,az,missing,needs_review,missing
/ar/blog/how-to-prepare-product-photos-for-instagram,ar,missing,needs_review,missing
/es/blog/how-to-prepare-product-photos-for-instagram,es,missing,needs_review,missing
/pt/blog/how-to-prepare-product-photos-for-instagram,pt,missing,needs_review,missing
/fr/blog/how-to-prepare-product-photos-for-instagram,fr,missing,needs_review,missing
/de/blog/how-to-prepare-product-photos-for-instagram,de,missing,needs_review,missing
/it/blog/how-to-prepare-product-photos-for-instagram,it,missing,needs_review,missing
/pl/blog/how-to-prepare-product-photos-for-instagram,pl,missing,needs_review,missing
/uk/blog/how-to-prepare-product-photos-for-instagram,uk,missing,needs_review,missing
/hi/blog/how-to-prepare-product-photos-for-instagram,hi,missing,needs_review,missing
/id/blog/how-to-prepare-product-photos-for-instagram,id,missing,needs_review,missing
/vi/blog/how-to-prepare-product-photos-for-instagram,vi,missing,needs_review,missing
/zh/blog/how-to-prepare-product-photos-for-instagram,zh,missing,needs_review,missing
/ru/blog/how-to-make-a-product-banner-for-ads,ru,missing,draft,missing
/en/blog/how-to-make-a-product-banner-for-ads,en,missing,draft,missing
/kk/blog/how-to-make-a-product-banner-for-ads,kk,missing,needs_review,missing
/ky/blog/how-to-make-a-product-banner-for-ads,ky,missing,needs_review,missing
/uz/blog/how-to-make-a-product-banner-for-ads,uz,missing,needs_review,missing
/tg/blog/how-to-make-a-product-banner-for-ads,tg,missing,needs_review,missing
/tr/blog/how-to-make-a-product-banner-for-ads,tr,missing,needs_review,missing
/az/blog/how-to-make-a-product-banner-for-ads,az,missing,needs_review,missing
/ar/blog/how-to-make-a-product-banner-for-ads,ar,missing,needs_review,missing
/es/blog/how-to-make-a-product-banner-for-ads,es,missing,needs_review,missing
/pt/blog/how-to-make-a-product-banner-for-ads,pt,missing,needs_review,missing
/fr/blog/how-to-make-a-product-banner-for-ads,fr,missing,needs_review,missing
/de/blog/how-to-make-a-product-banner-for-ads,de,missing,needs_review,missing
/it/blog/how-to-make-a-product-banner-for-ads,it,missing,needs_review,missing
/pl/blog/how-to-make-a-product-banner-for-ads,pl,missing,needs_review,missing
/uk/blog/how-to-make-a-product-banner-for-ads,uk,missing,needs_review,missing
/hi/blog/how-to-make-a-product-banner-for-ads,hi,missing,needs_review,missing
/id/blog/how-to-make-a-product-banner-for-ads,id,missing,needs_review,missing
/vi/blog/how-to-make-a-product-banner-for-ads,vi,missing,needs_review,missing
/zh/blog/how-to-make-a-product-banner-for-ads,zh,missing,needs_review,missing
/ru/blog/how-to-adapt-product-photos-for-different-platforms,ru,missing,draft,missing
/en/blog/how-to-adapt-product-photos-for-different-platforms,en,missing,draft,missing
/kk/blog/how-to-adapt-product-photos-for-different-platforms,kk,missing,needs_review,missing
/ky/blog/how-to-adapt-product-photos-for-different-platforms,ky,missing,needs_review,missing
/uz/blog/how-to-adapt-product-photos-for-different-platforms,uz,missing,needs_review,missing
/tg/blog/how-to-adapt-product-photos-for-different-platforms,tg,missing,needs_review,missing
/tr/blog/how-to-adapt-product-photos-for-different-platforms,tr,missing,needs_review,missing
/az/blog/how-to-adapt-product-photos-for-different-platforms,az,missing,needs_review,missing
/ar/blog/how-to-adapt-product-photos-for-different-platforms,ar,missing,needs_review,missing
/es/blog/how-to-adapt-product-photos-for-different-platforms,es,missing,needs_review,missing
/pt/blog/how-to-adapt-product-photos-for-different-platforms,pt,missing,needs_review,missing
/fr/blog/how-to-adapt-product-photos-for-different-platforms,fr,missing,needs_review,missing
/de/blog/how-to-adapt-product-photos-for-different-platforms,de,missing,needs_review,missing
/it/blog/how-to-adapt-product-photos-for-different-platforms,it,missing,needs_review,missing
/pl/blog/how-to-adapt-product-photos-for-different-platforms,pl,missing,needs_review,missing
/uk/blog/how-to-adapt-product-photos-for-different-platforms,uk,missing,needs_review,missing
/hi/blog/how-to-adapt-product-photos-for-different-platforms,hi,missing,needs_review,missing
/id/blog/how-to-adapt-product-photos-for-different-platforms,id,missing,needs_review,missing
/vi/blog/how-to-adapt-product-photos-for-different-platforms,vi,missing,needs_review,missing
/zh/blog/how-to-adapt-product-photos-for-different-platforms,zh,missing,needs_review,missing
/ru/blog/how-to-make-a-vertical-product-photo,ru,missing,draft,missing
/en/blog/how-to-make-a-vertical-product-photo,en,missing,draft,missing
/kk/blog/how-to-make-a-vertical-product-photo,kk,missing,needs_review,missing
/ky/blog/how-to-make-a-vertical-product-photo,ky,missing,needs_review,missing
/uz/blog/how-to-make-a-vertical-product-photo,uz,missing,needs_review,missing
/tg/blog/how-to-make-a-vertical-product-photo,tg,missing,needs_review,missing
/tr/blog/how-to-make-a-vertical-product-photo,tr,missing,needs_review,missing
/az/blog/how-to-make-a-vertical-product-photo,az,missing,needs_review,missing
/ar/blog/how-to-make-a-vertical-product-photo,ar,missing,needs_review,missing
/es/blog/how-to-make-a-vertical-product-photo,es,missing,needs_review,missing
/pt/blog/how-to-make-a-vertical-product-photo,pt,missing,needs_review,missing
/fr/blog/how-to-make-a-vertical-product-photo,fr,missing,needs_review,missing
/de/blog/how-to-make-a-vertical-product-photo,de,missing,needs_review,missing
/it/blog/how-to-make-a-vertical-product-photo,it,missing,needs_review,missing
/pl/blog/how-to-make-a-vertical-product-photo,pl,missing,needs_review,missing
/uk/blog/how-to-make-a-vertical-product-photo,uk,missing,needs_review,missing
/hi/blog/how-to-make-a-vertical-product-photo,hi,missing,needs_review,missing
/id/blog/how-to-make-a-vertical-product-photo,id,missing,needs_review,missing
/vi/blog/how-to-make-a-vertical-product-photo,vi,missing,needs_review,missing
/zh/blog/how-to-make-a-vertical-product-photo,zh,missing,needs_review,missing
/ru/blog/how-to-make-a-horizontal-product-photo,ru,missing,draft,missing
/en/blog/how-to-make-a-horizontal-product-photo,en,missing,draft,missing
/kk/blog/how-to-make-a-horizontal-product-photo,kk,missing,needs_review,missing
/ky/blog/how-to-make-a-horizontal-product-photo,ky,missing,needs_review,missing
/uz/blog/how-to-make-a-horizontal-product-photo,uz,missing,needs_review,missing
/tg/blog/how-to-make-a-horizontal-product-photo,tg,missing,needs_review,missing
/tr/blog/how-to-make-a-horizontal-product-photo,tr,missing,needs_review,missing
/az/blog/how-to-make-a-horizontal-product-photo,az,missing,needs_review,missing
/ar/blog/how-to-make-a-horizontal-product-photo,ar,missing,needs_review,missing
/es/blog/how-to-make-a-horizontal-product-photo,es,missing,needs_review,missing
/pt/blog/how-to-make-a-horizontal-product-photo,pt,missing,needs_review,missing
/fr/blog/how-to-make-a-horizontal-product-photo,fr,missing,needs_review,missing
/de/blog/how-to-make-a-horizontal-product-photo,de,missing,needs_review,missing
/it/blog/how-to-make-a-horizontal-product-photo,it,missing,needs_review,missing
/pl/blog/how-to-make-a-horizontal-product-photo,pl,missing,needs_review,missing
/uk/blog/how-to-make-a-horizontal-product-photo,uk,missing,needs_review,missing
/hi/blog/how-to-make-a-horizontal-product-photo,hi,missing,needs_review,missing
/id/blog/how-to-make-a-horizontal-product-photo,id,missing,needs_review,missing
/vi/blog/how-to-make-a-horizontal-product-photo,vi,missing,needs_review,missing
/zh/blog/how-to-make-a-horizontal-product-photo,zh,missing,needs_review,missing
/ru/blog/how-sellers-can-prepare-a-product-catalog-quickly,ru,missing,draft,missing
/en/blog/how-sellers-can-prepare-a-product-catalog-quickly,en,missing,draft,missing
/kk/blog/how-sellers-can-prepare-a-product-catalog-quickly,kk,missing,needs_review,missing
/ky/blog/how-sellers-can-prepare-a-product-catalog-quickly,ky,missing,needs_review,missing
/uz/blog/how-sellers-can-prepare-a-product-catalog-quickly,uz,missing,needs_review,missing
/tg/blog/how-sellers-can-prepare-a-product-catalog-quickly,tg,missing,needs_review,missing
/tr/blog/how-sellers-can-prepare-a-product-catalog-quickly,tr,missing,needs_review,missing
/az/blog/how-sellers-can-prepare-a-product-catalog-quickly,az,missing,needs_review,missing
/ar/blog/how-sellers-can-prepare-a-product-catalog-quickly,ar,missing,needs_review,missing
/es/blog/how-sellers-can-prepare-a-product-catalog-quickly,es,missing,needs_review,missing
/pt/blog/how-sellers-can-prepare-a-product-catalog-quickly,pt,missing,needs_review,missing
/fr/blog/how-sellers-can-prepare-a-product-catalog-quickly,fr,missing,needs_review,missing
/de/blog/how-sellers-can-prepare-a-product-catalog-quickly,de,missing,needs_review,missing
/it/blog/how-sellers-can-prepare-a-product-catalog-quickly,it,missing,needs_review,missing
/pl/blog/how-sellers-can-prepare-a-product-catalog-quickly,pl,missing,needs_review,missing
/uk/blog/how-sellers-can-prepare-a-product-catalog-quickly,uk,missing,needs_review,missing
/hi/blog/how-sellers-can-prepare-a-product-catalog-quickly,hi,missing,needs_review,missing
/id/blog/how-sellers-can-prepare-a-product-catalog-quickly,id,missing,needs_review,missing
/vi/blog/how-sellers-can-prepare-a-product-catalog-quickly,vi,missing,needs_review,missing
/zh/blog/how-sellers-can-prepare-a-product-catalog-quickly,zh,missing,needs_review,missing
/ru/blog/how-marketplace-managers-can-speed-up-content,ru,missing,draft,missing
/en/blog/how-marketplace-managers-can-speed-up-content,en,missing,draft,missing
/kk/blog/how-marketplace-managers-can-speed-up-content,kk,missing,needs_review,missing
/ky/blog/how-marketplace-managers-can-speed-up-content,ky,missing,needs_review,missing
/uz/blog/how-marketplace-managers-can-speed-up-content,uz,missing,needs_review,missing
/tg/blog/how-marketplace-managers-can-speed-up-content,tg,missing,needs_review,missing
/tr/blog/how-marketplace-managers-can-speed-up-content,tr,missing,needs_review,missing
/az/blog/how-marketplace-managers-can-speed-up-content,az,missing,needs_review,missing
/ar/blog/how-marketplace-managers-can-speed-up-content,ar,missing,needs_review,missing
/es/blog/how-marketplace-managers-can-speed-up-content,es,missing,needs_review,missing
/pt/blog/how-marketplace-managers-can-speed-up-content,pt,missing,needs_review,missing
/fr/blog/how-marketplace-managers-can-speed-up-content,fr,missing,needs_review,missing
/de/blog/how-marketplace-managers-can-speed-up-content,de,missing,needs_review,missing
/it/blog/how-marketplace-managers-can-speed-up-content,it,missing,needs_review,missing
/pl/blog/how-marketplace-managers-can-speed-up-content,pl,missing,needs_review,missing
/uk/blog/how-marketplace-managers-can-speed-up-content,uk,missing,needs_review,missing
/hi/blog/how-marketplace-managers-can-speed-up-content,hi,missing,needs_review,missing
/id/blog/how-marketplace-managers-can-speed-up-content,id,missing,needs_review,missing
/vi/blog/how-marketplace-managers-can-speed-up-content,vi,missing,needs_review,missing
/zh/blog/how-marketplace-managers-can-speed-up-content,zh,missing,needs_review,missing
/ru/blog/how-a-showroom-can-create-product-photos-without-a-photographer,ru,missing,draft,missing
/en/blog/how-a-showroom-can-create-product-photos-without-a-photographer,en,missing,draft,missing
/kk/blog/how-a-showroom-can-create-product-photos-without-a-photographer,kk,missing,needs_review,missing
/ky/blog/how-a-showroom-can-create-product-photos-without-a-photographer,ky,missing,needs_review,missing
/uz/blog/how-a-showroom-can-create-product-photos-without-a-photographer,uz,missing,needs_review,missing
/tg/blog/how-a-showroom-can-create-product-photos-without-a-photographer,tg,missing,needs_review,missing
/tr/blog/how-a-showroom-can-create-product-photos-without-a-photographer,tr,missing,needs_review,missing
/az/blog/how-a-showroom-can-create-product-photos-without-a-photographer,az,missing,needs_review,missing
/ar/blog/how-a-showroom-can-create-product-photos-without-a-photographer,ar,missing,needs_review,missing
/es/blog/how-a-showroom-can-create-product-photos-without-a-photographer,es,missing,needs_review,missing
/pt/blog/how-a-showroom-can-create-product-photos-without-a-photographer,pt,missing,needs_review,missing
/fr/blog/how-a-showroom-can-create-product-photos-without-a-photographer,fr,missing,needs_review,missing
/de/blog/how-a-showroom-can-create-product-photos-without-a-photographer,de,missing,needs_review,missing
/it/blog/how-a-showroom-can-create-product-photos-without-a-photographer,it,missing,needs_review,missing
/pl/blog/how-a-showroom-can-create-product-photos-without-a-photographer,pl,missing,needs_review,missing
/uk/blog/how-a-showroom-can-create-product-photos-without-a-photographer,uk,missing,needs_review,missing
/hi/blog/how-a-showroom-can-create-product-photos-without-a-photographer,hi,missing,needs_review,missing
/id/blog/how-a-showroom-can-create-product-photos-without-a-photographer,id,missing,needs_review,missing
/vi/blog/how-a-showroom-can-create-product-photos-without-a-photographer,vi,missing,needs_review,missing
/zh/blog/how-a-showroom-can-create-product-photos-without-a-photographer,zh,missing,needs_review,missing
/ru/blog/how-suppliers-can-prepare-a-catalog-for-clients,ru,missing,draft,missing
/en/blog/how-suppliers-can-prepare-a-catalog-for-clients,en,missing,draft,missing
/kk/blog/how-suppliers-can-prepare-a-catalog-for-clients,kk,missing,needs_review,missing
/ky/blog/how-suppliers-can-prepare-a-catalog-for-clients,ky,missing,needs_review,missing
/uz/blog/how-suppliers-can-prepare-a-catalog-for-clients,uz,missing,needs_review,missing
/tg/blog/how-suppliers-can-prepare-a-catalog-for-clients,tg,missing,needs_review,missing
/tr/blog/how-suppliers-can-prepare-a-catalog-for-clients,tr,missing,needs_review,missing
/az/blog/how-suppliers-can-prepare-a-catalog-for-clients,az,missing,needs_review,missing
/ar/blog/how-suppliers-can-prepare-a-catalog-for-clients,ar,missing,needs_review,missing
/es/blog/how-suppliers-can-prepare-a-catalog-for-clients,es,missing,needs_review,missing
/pt/blog/how-suppliers-can-prepare-a-catalog-for-clients,pt,missing,needs_review,missing
/fr/blog/how-suppliers-can-prepare-a-catalog-for-clients,fr,missing,needs_review,missing
/de/blog/how-suppliers-can-prepare-a-catalog-for-clients,de,missing,needs_review,missing
/it/blog/how-suppliers-can-prepare-a-catalog-for-clients,it,missing,needs_review,missing
/pl/blog/how-suppliers-can-prepare-a-catalog-for-clients,pl,missing,needs_review,missing
/uk/blog/how-suppliers-can-prepare-a-catalog-for-clients,uk,missing,needs_review,missing
/hi/blog/how-suppliers-can-prepare-a-catalog-for-clients,hi,missing,needs_review,missing
/id/blog/how-suppliers-can-prepare-a-catalog-for-clients,id,missing,needs_review,missing
/vi/blog/how-suppliers-can-prepare-a-catalog-for-clients,vi,missing,needs_review,missing
/zh/blog/how-suppliers-can-prepare-a-catalog-for-clients,zh,missing,needs_review,missing
/ru/blog/how-small-businesses-can-create-product-cards,ru,missing,draft,missing
/en/blog/how-small-businesses-can-create-product-cards,en,missing,draft,missing
/kk/blog/how-small-businesses-can-create-product-cards,kk,missing,needs_review,missing
/ky/blog/how-small-businesses-can-create-product-cards,ky,missing,needs_review,missing
/uz/blog/how-small-businesses-can-create-product-cards,uz,missing,needs_review,missing
/tg/blog/how-small-businesses-can-create-product-cards,tg,missing,needs_review,missing
/tr/blog/how-small-businesses-can-create-product-cards,tr,missing,needs_review,missing
/az/blog/how-small-businesses-can-create-product-cards,az,missing,needs_review,missing
/ar/blog/how-small-businesses-can-create-product-cards,ar,missing,needs_review,missing
/es/blog/how-small-businesses-can-create-product-cards,es,missing,needs_review,missing
/pt/blog/how-small-businesses-can-create-product-cards,pt,missing,needs_review,missing
/fr/blog/how-small-businesses-can-create-product-cards,fr,missing,needs_review,missing
/de/blog/how-small-businesses-can-create-product-cards,de,missing,needs_review,missing
/it/blog/how-small-businesses-can-create-product-cards,it,missing,needs_review,missing
/pl/blog/how-small-businesses-can-create-product-cards,pl,missing,needs_review,missing
/uk/blog/how-small-businesses-can-create-product-cards,uk,missing,needs_review,missing
/hi/blog/how-small-businesses-can-create-product-cards,hi,missing,needs_review,missing
/id/blog/how-small-businesses-can-create-product-cards,id,missing,needs_review,missing
/vi/blog/how-small-businesses-can-create-product-cards,vi,missing,needs_review,missing
/zh/blog/how-small-businesses-can-create-product-cards,zh,missing,needs_review,missing
/ru/blog/how-to-reduce-product-photoshoot-costs,ru,missing,draft,missing
/en/blog/how-to-reduce-product-photoshoot-costs,en,missing,draft,missing
/kk/blog/how-to-reduce-product-photoshoot-costs,kk,missing,needs_review,missing
/ky/blog/how-to-reduce-product-photoshoot-costs,ky,missing,needs_review,missing
/uz/blog/how-to-reduce-product-photoshoot-costs,uz,missing,needs_review,missing
/tg/blog/how-to-reduce-product-photoshoot-costs,tg,missing,needs_review,missing
/tr/blog/how-to-reduce-product-photoshoot-costs,tr,missing,needs_review,missing
/az/blog/how-to-reduce-product-photoshoot-costs,az,missing,needs_review,missing
/ar/blog/how-to-reduce-product-photoshoot-costs,ar,missing,needs_review,missing
/es/blog/how-to-reduce-product-photoshoot-costs,es,missing,needs_review,missing
/pt/blog/how-to-reduce-product-photoshoot-costs,pt,missing,needs_review,missing
/fr/blog/how-to-reduce-product-photoshoot-costs,fr,missing,needs_review,missing
/de/blog/how-to-reduce-product-photoshoot-costs,de,missing,needs_review,missing
/it/blog/how-to-reduce-product-photoshoot-costs,it,missing,needs_review,missing
/pl/blog/how-to-reduce-product-photoshoot-costs,pl,missing,needs_review,missing
/uk/blog/how-to-reduce-product-photoshoot-costs,uk,missing,needs_review,missing
/hi/blog/how-to-reduce-product-photoshoot-costs,hi,missing,needs_review,missing
/id/blog/how-to-reduce-product-photoshoot-costs,id,missing,needs_review,missing
/vi/blog/how-to-reduce-product-photoshoot-costs,vi,missing,needs_review,missing
/zh/blog/how-to-reduce-product-photoshoot-costs,zh,missing,needs_review,missing
/ru/blog/when-ai-product-photos-are-better-than-a-photoshoot,ru,missing,draft,missing
/en/blog/when-ai-product-photos-are-better-than-a-photoshoot,en,missing,draft,missing
/kk/blog/when-ai-product-photos-are-better-than-a-photoshoot,kk,missing,needs_review,missing
/ky/blog/when-ai-product-photos-are-better-than-a-photoshoot,ky,missing,needs_review,missing
/uz/blog/when-ai-product-photos-are-better-than-a-photoshoot,uz,missing,needs_review,missing
/tg/blog/when-ai-product-photos-are-better-than-a-photoshoot,tg,missing,needs_review,missing
/tr/blog/when-ai-product-photos-are-better-than-a-photoshoot,tr,missing,needs_review,missing
/az/blog/when-ai-product-photos-are-better-than-a-photoshoot,az,missing,needs_review,missing
/ar/blog/when-ai-product-photos-are-better-than-a-photoshoot,ar,missing,needs_review,missing
/es/blog/when-ai-product-photos-are-better-than-a-photoshoot,es,missing,needs_review,missing
/pt/blog/when-ai-product-photos-are-better-than-a-photoshoot,pt,missing,needs_review,missing
/fr/blog/when-ai-product-photos-are-better-than-a-photoshoot,fr,missing,needs_review,missing
/de/blog/when-ai-product-photos-are-better-than-a-photoshoot,de,missing,needs_review,missing
/it/blog/when-ai-product-photos-are-better-than-a-photoshoot,it,missing,needs_review,missing
/pl/blog/when-ai-product-photos-are-better-than-a-photoshoot,pl,missing,needs_review,missing
/uk/blog/when-ai-product-photos-are-better-than-a-photoshoot,uk,missing,needs_review,missing
/hi/blog/when-ai-product-photos-are-better-than-a-photoshoot,hi,missing,needs_review,missing
/id/blog/when-ai-product-photos-are-better-than-a-photoshoot,id,missing,needs_review,missing
/vi/blog/when-ai-product-photos-are-better-than-a-photoshoot,vi,missing,needs_review,missing
/zh/blog/when-ai-product-photos-are-better-than-a-photoshoot,zh,missing,needs_review,missing
/ru/blog/when-ai-product-photos-are-not-a-fit,ru,missing,draft,missing
/en/blog/when-ai-product-photos-are-not-a-fit,en,missing,draft,missing
/kk/blog/when-ai-product-photos-are-not-a-fit,kk,missing,needs_review,missing
/ky/blog/when-ai-product-photos-are-not-a-fit,ky,missing,needs_review,missing
/uz/blog/when-ai-product-photos-are-not-a-fit,uz,missing,needs_review,missing
/tg/blog/when-ai-product-photos-are-not-a-fit,tg,missing,needs_review,missing
/tr/blog/when-ai-product-photos-are-not-a-fit,tr,missing,needs_review,missing
/az/blog/when-ai-product-photos-are-not-a-fit,az,missing,needs_review,missing
/ar/blog/when-ai-product-photos-are-not-a-fit,ar,missing,needs_review,missing
/es/blog/when-ai-product-photos-are-not-a-fit,es,missing,needs_review,missing
/pt/blog/when-ai-product-photos-are-not-a-fit,pt,missing,needs_review,missing
/fr/blog/when-ai-product-photos-are-not-a-fit,fr,missing,needs_review,missing
/de/blog/when-ai-product-photos-are-not-a-fit,de,missing,needs_review,missing
/it/blog/when-ai-product-photos-are-not-a-fit,it,missing,needs_review,missing
/pl/blog/when-ai-product-photos-are-not-a-fit,pl,missing,needs_review,missing
/uk/blog/when-ai-product-photos-are-not-a-fit,uk,missing,needs_review,missing
/hi/blog/when-ai-product-photos-are-not-a-fit,hi,missing,needs_review,missing
/id/blog/when-ai-product-photos-are-not-a-fit,id,missing,needs_review,missing
/vi/blog/when-ai-product-photos-are-not-a-fit,vi,missing,needs_review,missing
/zh/blog/when-ai-product-photos-are-not-a-fit,zh,missing,needs_review,missing
/ru/blog/how-to-organize-a-product-content-workflow,ru,missing,draft,missing
/en/blog/how-to-organize-a-product-content-workflow,en,missing,draft,missing
/kk/blog/how-to-organize-a-product-content-workflow,kk,missing,needs_review,missing
/ky/blog/how-to-organize-a-product-content-workflow,ky,missing,needs_review,missing
/uz/blog/how-to-organize-a-product-content-workflow,uz,missing,needs_review,missing
/tg/blog/how-to-organize-a-product-content-workflow,tg,missing,needs_review,missing
/tr/blog/how-to-organize-a-product-content-workflow,tr,missing,needs_review,missing
/az/blog/how-to-organize-a-product-content-workflow,az,missing,needs_review,missing
/ar/blog/how-to-organize-a-product-content-workflow,ar,missing,needs_review,missing
/es/blog/how-to-organize-a-product-content-workflow,es,missing,needs_review,missing
/pt/blog/how-to-organize-a-product-content-workflow,pt,missing,needs_review,missing
/fr/blog/how-to-organize-a-product-content-workflow,fr,missing,needs_review,missing
/de/blog/how-to-organize-a-product-content-workflow,de,missing,needs_review,missing
/it/blog/how-to-organize-a-product-content-workflow,it,missing,needs_review,missing
/pl/blog/how-to-organize-a-product-content-workflow,pl,missing,needs_review,missing
/uk/blog/how-to-organize-a-product-content-workflow,uk,missing,needs_review,missing
/hi/blog/how-to-organize-a-product-content-workflow,hi,missing,needs_review,missing
/id/blog/how-to-organize-a-product-content-workflow,id,missing,needs_review,missing
/vi/blog/how-to-organize-a-product-content-workflow,vi,missing,needs_review,missing
/zh/blog/how-to-organize-a-product-content-workflow,zh,missing,needs_review,missing
/ru/blog/how-to-check-the-quality-of-ai-product-cards,ru,missing,draft,missing
/en/blog/how-to-check-the-quality-of-ai-product-cards,en,missing,draft,missing
/kk/blog/how-to-check-the-quality-of-ai-product-cards,kk,missing,needs_review,missing
/ky/blog/how-to-check-the-quality-of-ai-product-cards,ky,missing,needs_review,missing
/uz/blog/how-to-check-the-quality-of-ai-product-cards,uz,missing,needs_review,missing
/tg/blog/how-to-check-the-quality-of-ai-product-cards,tg,missing,needs_review,missing
/tr/blog/how-to-check-the-quality-of-ai-product-cards,tr,missing,needs_review,missing
/az/blog/how-to-check-the-quality-of-ai-product-cards,az,missing,needs_review,missing
/ar/blog/how-to-check-the-quality-of-ai-product-cards,ar,missing,needs_review,missing
/es/blog/how-to-check-the-quality-of-ai-product-cards,es,missing,needs_review,missing
/pt/blog/how-to-check-the-quality-of-ai-product-cards,pt,missing,needs_review,missing
/fr/blog/how-to-check-the-quality-of-ai-product-cards,fr,missing,needs_review,missing
/de/blog/how-to-check-the-quality-of-ai-product-cards,de,missing,needs_review,missing
/it/blog/how-to-check-the-quality-of-ai-product-cards,it,missing,needs_review,missing
/pl/blog/how-to-check-the-quality-of-ai-product-cards,pl,missing,needs_review,missing
/uk/blog/how-to-check-the-quality-of-ai-product-cards,uk,missing,needs_review,missing
/hi/blog/how-to-check-the-quality-of-ai-product-cards,hi,missing,needs_review,missing
/id/blog/how-to-check-the-quality-of-ai-product-cards,id,missing,needs_review,missing
/vi/blog/how-to-check-the-quality-of-ai-product-cards,vi,missing,needs_review,missing
/zh/blog/how-to-check-the-quality-of-ai-product-cards,zh,missing,needs_review,missing
/ru/blog/how-to-remove-the-background-from-a-product-photo,ru,missing,draft,missing
/en/blog/how-to-remove-the-background-from-a-product-photo,en,missing,draft,missing
/kk/blog/how-to-remove-the-background-from-a-product-photo,kk,missing,needs_review,missing
/ky/blog/how-to-remove-the-background-from-a-product-photo,ky,missing,needs_review,missing
/uz/blog/how-to-remove-the-background-from-a-product-photo,uz,missing,needs_review,missing
/tg/blog/how-to-remove-the-background-from-a-product-photo,tg,missing,needs_review,missing
/tr/blog/how-to-remove-the-background-from-a-product-photo,tr,missing,needs_review,missing
/az/blog/how-to-remove-the-background-from-a-product-photo,az,missing,needs_review,missing
/ar/blog/how-to-remove-the-background-from-a-product-photo,ar,missing,needs_review,missing
/es/blog/how-to-remove-the-background-from-a-product-photo,es,missing,needs_review,missing
/pt/blog/how-to-remove-the-background-from-a-product-photo,pt,missing,needs_review,missing
/fr/blog/how-to-remove-the-background-from-a-product-photo,fr,missing,needs_review,missing
/de/blog/how-to-remove-the-background-from-a-product-photo,de,missing,needs_review,missing
/it/blog/how-to-remove-the-background-from-a-product-photo,it,missing,needs_review,missing
/pl/blog/how-to-remove-the-background-from-a-product-photo,pl,missing,needs_review,missing
/uk/blog/how-to-remove-the-background-from-a-product-photo,uk,missing,needs_review,missing
/hi/blog/how-to-remove-the-background-from-a-product-photo,hi,missing,needs_review,missing
/id/blog/how-to-remove-the-background-from-a-product-photo,id,missing,needs_review,missing
/vi/blog/how-to-remove-the-background-from-a-product-photo,vi,missing,needs_review,missing
/zh/blog/how-to-remove-the-background-from-a-product-photo,zh,missing,needs_review,missing
/ru/blog/how-to-replace-a-product-background,ru,missing,draft,missing
/en/blog/how-to-replace-a-product-background,en,missing,draft,missing
/kk/blog/how-to-replace-a-product-background,kk,missing,needs_review,missing
/ky/blog/how-to-replace-a-product-background,ky,missing,needs_review,missing
/uz/blog/how-to-replace-a-product-background,uz,missing,needs_review,missing
/tg/blog/how-to-replace-a-product-background,tg,missing,needs_review,missing
/tr/blog/how-to-replace-a-product-background,tr,missing,needs_review,missing
/az/blog/how-to-replace-a-product-background,az,missing,needs_review,missing
/ar/blog/how-to-replace-a-product-background,ar,missing,needs_review,missing
/es/blog/how-to-replace-a-product-background,es,missing,needs_review,missing
/pt/blog/how-to-replace-a-product-background,pt,missing,needs_review,missing
/fr/blog/how-to-replace-a-product-background,fr,missing,needs_review,missing
/de/blog/how-to-replace-a-product-background,de,missing,needs_review,missing
/it/blog/how-to-replace-a-product-background,it,missing,needs_review,missing
/pl/blog/how-to-replace-a-product-background,pl,missing,needs_review,missing
/uk/blog/how-to-replace-a-product-background,uk,missing,needs_review,missing
/hi/blog/how-to-replace-a-product-background,hi,missing,needs_review,missing
/id/blog/how-to-replace-a-product-background,id,missing,needs_review,missing
/vi/blog/how-to-replace-a-product-background,vi,missing,needs_review,missing
/zh/blog/how-to-replace-a-product-background,zh,missing,needs_review,missing
/ru/blog/white-background-or-lifestyle-scene-what-to-choose,ru,missing,draft,missing
/en/blog/white-background-or-lifestyle-scene-what-to-choose,en,missing,draft,missing
/kk/blog/white-background-or-lifestyle-scene-what-to-choose,kk,missing,needs_review,missing
/ky/blog/white-background-or-lifestyle-scene-what-to-choose,ky,missing,needs_review,missing
/uz/blog/white-background-or-lifestyle-scene-what-to-choose,uz,missing,needs_review,missing
/tg/blog/white-background-or-lifestyle-scene-what-to-choose,tg,missing,needs_review,missing
/tr/blog/white-background-or-lifestyle-scene-what-to-choose,tr,missing,needs_review,missing
/az/blog/white-background-or-lifestyle-scene-what-to-choose,az,missing,needs_review,missing
/ar/blog/white-background-or-lifestyle-scene-what-to-choose,ar,missing,needs_review,missing
/es/blog/white-background-or-lifestyle-scene-what-to-choose,es,missing,needs_review,missing
/pt/blog/white-background-or-lifestyle-scene-what-to-choose,pt,missing,needs_review,missing
/fr/blog/white-background-or-lifestyle-scene-what-to-choose,fr,missing,needs_review,missing
/de/blog/white-background-or-lifestyle-scene-what-to-choose,de,missing,needs_review,missing
/it/blog/white-background-or-lifestyle-scene-what-to-choose,it,missing,needs_review,missing
/pl/blog/white-background-or-lifestyle-scene-what-to-choose,pl,missing,needs_review,missing
/uk/blog/white-background-or-lifestyle-scene-what-to-choose,uk,missing,needs_review,missing
/hi/blog/white-background-or-lifestyle-scene-what-to-choose,hi,missing,needs_review,missing
/id/blog/white-background-or-lifestyle-scene-what-to-choose,id,missing,needs_review,missing
/vi/blog/white-background-or-lifestyle-scene-what-to-choose,vi,missing,needs_review,missing
/zh/blog/white-background-or-lifestyle-scene-what-to-choose,zh,missing,needs_review,missing
/ru/blog/how-to-remove-unwanted-objects-from-a-product-photo,ru,missing,draft,missing
/en/blog/how-to-remove-unwanted-objects-from-a-product-photo,en,missing,draft,missing
/kk/blog/how-to-remove-unwanted-objects-from-a-product-photo,kk,missing,needs_review,missing
/ky/blog/how-to-remove-unwanted-objects-from-a-product-photo,ky,missing,needs_review,missing
/uz/blog/how-to-remove-unwanted-objects-from-a-product-photo,uz,missing,needs_review,missing
/tg/blog/how-to-remove-unwanted-objects-from-a-product-photo,tg,missing,needs_review,missing
/tr/blog/how-to-remove-unwanted-objects-from-a-product-photo,tr,missing,needs_review,missing
/az/blog/how-to-remove-unwanted-objects-from-a-product-photo,az,missing,needs_review,missing
/ar/blog/how-to-remove-unwanted-objects-from-a-product-photo,ar,missing,needs_review,missing
/es/blog/how-to-remove-unwanted-objects-from-a-product-photo,es,missing,needs_review,missing
/pt/blog/how-to-remove-unwanted-objects-from-a-product-photo,pt,missing,needs_review,missing
/fr/blog/how-to-remove-unwanted-objects-from-a-product-photo,fr,missing,needs_review,missing
/de/blog/how-to-remove-unwanted-objects-from-a-product-photo,de,missing,needs_review,missing
/it/blog/how-to-remove-unwanted-objects-from-a-product-photo,it,missing,needs_review,missing
/pl/blog/how-to-remove-unwanted-objects-from-a-product-photo,pl,missing,needs_review,missing
/uk/blog/how-to-remove-unwanted-objects-from-a-product-photo,uk,missing,needs_review,missing
/hi/blog/how-to-remove-unwanted-objects-from-a-product-photo,hi,missing,needs_review,missing
/id/blog/how-to-remove-unwanted-objects-from-a-product-photo,id,missing,needs_review,missing
/vi/blog/how-to-remove-unwanted-objects-from-a-product-photo,vi,missing,needs_review,missing
/zh/blog/how-to-remove-unwanted-objects-from-a-product-photo,zh,missing,needs_review,missing
/ru/blog/how-to-isolate-a-product-in-a-photo,ru,missing,draft,missing
/en/blog/how-to-isolate-a-product-in-a-photo,en,missing,draft,missing
/kk/blog/how-to-isolate-a-product-in-a-photo,kk,missing,needs_review,missing
/ky/blog/how-to-isolate-a-product-in-a-photo,ky,missing,needs_review,missing
/uz/blog/how-to-isolate-a-product-in-a-photo,uz,missing,needs_review,missing
/tg/blog/how-to-isolate-a-product-in-a-photo,tg,missing,needs_review,missing
/tr/blog/how-to-isolate-a-product-in-a-photo,tr,missing,needs_review,missing
/az/blog/how-to-isolate-a-product-in-a-photo,az,missing,needs_review,missing
/ar/blog/how-to-isolate-a-product-in-a-photo,ar,missing,needs_review,missing
/es/blog/how-to-isolate-a-product-in-a-photo,es,missing,needs_review,missing
/pt/blog/how-to-isolate-a-product-in-a-photo,pt,missing,needs_review,missing
/fr/blog/how-to-isolate-a-product-in-a-photo,fr,missing,needs_review,missing
/de/blog/how-to-isolate-a-product-in-a-photo,de,missing,needs_review,missing
/it/blog/how-to-isolate-a-product-in-a-photo,it,missing,needs_review,missing
/pl/blog/how-to-isolate-a-product-in-a-photo,pl,missing,needs_review,missing
/uk/blog/how-to-isolate-a-product-in-a-photo,uk,missing,needs_review,missing
/hi/blog/how-to-isolate-a-product-in-a-photo,hi,missing,needs_review,missing
/id/blog/how-to-isolate-a-product-in-a-photo,id,missing,needs_review,missing
/vi/blog/how-to-isolate-a-product-in-a-photo,vi,missing,needs_review,missing
/zh/blog/how-to-isolate-a-product-in-a-photo,zh,missing,needs_review,missing
/ru/blog/how-to-create-an-outdoor-background-for-a-product,ru,missing,draft,missing
/en/blog/how-to-create-an-outdoor-background-for-a-product,en,missing,draft,missing
/kk/blog/how-to-create-an-outdoor-background-for-a-product,kk,missing,needs_review,missing
/ky/blog/how-to-create-an-outdoor-background-for-a-product,ky,missing,needs_review,missing
/uz/blog/how-to-create-an-outdoor-background-for-a-product,uz,missing,needs_review,missing
/tg/blog/how-to-create-an-outdoor-background-for-a-product,tg,missing,needs_review,missing
/tr/blog/how-to-create-an-outdoor-background-for-a-product,tr,missing,needs_review,missing
/az/blog/how-to-create-an-outdoor-background-for-a-product,az,missing,needs_review,missing
/ar/blog/how-to-create-an-outdoor-background-for-a-product,ar,missing,needs_review,missing
/es/blog/how-to-create-an-outdoor-background-for-a-product,es,missing,needs_review,missing
/pt/blog/how-to-create-an-outdoor-background-for-a-product,pt,missing,needs_review,missing
/fr/blog/how-to-create-an-outdoor-background-for-a-product,fr,missing,needs_review,missing
/de/blog/how-to-create-an-outdoor-background-for-a-product,de,missing,needs_review,missing
/it/blog/how-to-create-an-outdoor-background-for-a-product,it,missing,needs_review,missing
/pl/blog/how-to-create-an-outdoor-background-for-a-product,pl,missing,needs_review,missing
/uk/blog/how-to-create-an-outdoor-background-for-a-product,uk,missing,needs_review,missing
/hi/blog/how-to-create-an-outdoor-background-for-a-product,hi,missing,needs_review,missing
/id/blog/how-to-create-an-outdoor-background-for-a-product,id,missing,needs_review,missing
/vi/blog/how-to-create-an-outdoor-background-for-a-product,vi,missing,needs_review,missing
/zh/blog/how-to-create-an-outdoor-background-for-a-product,zh,missing,needs_review,missing
/ru/blog/how-to-create-a-studio-background-for-a-product,ru,missing,draft,missing
/en/blog/how-to-create-a-studio-background-for-a-product,en,missing,draft,missing
/kk/blog/how-to-create-a-studio-background-for-a-product,kk,missing,needs_review,missing
/ky/blog/how-to-create-a-studio-background-for-a-product,ky,missing,needs_review,missing
/uz/blog/how-to-create-a-studio-background-for-a-product,uz,missing,needs_review,missing
/tg/blog/how-to-create-a-studio-background-for-a-product,tg,missing,needs_review,missing
/tr/blog/how-to-create-a-studio-background-for-a-product,tr,missing,needs_review,missing
/az/blog/how-to-create-a-studio-background-for-a-product,az,missing,needs_review,missing
/ar/blog/how-to-create-a-studio-background-for-a-product,ar,missing,needs_review,missing
/es/blog/how-to-create-a-studio-background-for-a-product,es,missing,needs_review,missing
/pt/blog/how-to-create-a-studio-background-for-a-product,pt,missing,needs_review,missing
/fr/blog/how-to-create-a-studio-background-for-a-product,fr,missing,needs_review,missing
/de/blog/how-to-create-a-studio-background-for-a-product,de,missing,needs_review,missing
/it/blog/how-to-create-a-studio-background-for-a-product,it,missing,needs_review,missing
/pl/blog/how-to-create-a-studio-background-for-a-product,pl,missing,needs_review,missing
/uk/blog/how-to-create-a-studio-background-for-a-product,uk,missing,needs_review,missing
/hi/blog/how-to-create-a-studio-background-for-a-product,hi,missing,needs_review,missing
/id/blog/how-to-create-a-studio-background-for-a-product,id,missing,needs_review,missing
/vi/blog/how-to-create-a-studio-background-for-a-product,vi,missing,needs_review,missing
/zh/blog/how-to-create-a-studio-background-for-a-product,zh,missing,needs_review,missing
/ru/blog/how-to-create-a-luxury-background-for-a-product,ru,missing,draft,missing
/en/blog/how-to-create-a-luxury-background-for-a-product,en,missing,draft,missing
/kk/blog/how-to-create-a-luxury-background-for-a-product,kk,missing,needs_review,missing
/ky/blog/how-to-create-a-luxury-background-for-a-product,ky,missing,needs_review,missing
/uz/blog/how-to-create-a-luxury-background-for-a-product,uz,missing,needs_review,missing
/tg/blog/how-to-create-a-luxury-background-for-a-product,tg,missing,needs_review,missing
/tr/blog/how-to-create-a-luxury-background-for-a-product,tr,missing,needs_review,missing
/az/blog/how-to-create-a-luxury-background-for-a-product,az,missing,needs_review,missing
/ar/blog/how-to-create-a-luxury-background-for-a-product,ar,missing,needs_review,missing
/es/blog/how-to-create-a-luxury-background-for-a-product,es,missing,needs_review,missing
/pt/blog/how-to-create-a-luxury-background-for-a-product,pt,missing,needs_review,missing
/fr/blog/how-to-create-a-luxury-background-for-a-product,fr,missing,needs_review,missing
/de/blog/how-to-create-a-luxury-background-for-a-product,de,missing,needs_review,missing
/it/blog/how-to-create-a-luxury-background-for-a-product,it,missing,needs_review,missing
/pl/blog/how-to-create-a-luxury-background-for-a-product,pl,missing,needs_review,missing
/uk/blog/how-to-create-a-luxury-background-for-a-product,uk,missing,needs_review,missing
/hi/blog/how-to-create-a-luxury-background-for-a-product,hi,missing,needs_review,missing
/id/blog/how-to-create-a-luxury-background-for-a-product,id,missing,needs_review,missing
/vi/blog/how-to-create-a-luxury-background-for-a-product,vi,missing,needs_review,missing
/zh/blog/how-to-create-a-luxury-background-for-a-product,zh,missing,needs_review,missing
/ru/blog/how-to-avoid-damaging-product-accuracy-when-changing-backgrounds,ru,missing,draft,missing
/en/blog/how-to-avoid-damaging-product-accuracy-when-changing-backgrounds,en,missing,draft,missing
/kk/blog/how-to-avoid-damaging-product-accuracy-when-changing-backgrounds,kk,missing,needs_review,missing
/ky/blog/how-to-avoid-damaging-product-accuracy-when-changing-backgrounds,ky,missing,needs_review,missing
/uz/blog/how-to-avoid-damaging-product-accuracy-when-changing-backgrounds,uz,missing,needs_review,missing
/tg/blog/how-to-avoid-damaging-product-accuracy-when-changing-backgrounds,tg,missing,needs_review,missing
/tr/blog/how-to-avoid-damaging-product-accuracy-when-changing-backgrounds,tr,missing,needs_review,missing
/az/blog/how-to-avoid-damaging-product-accuracy-when-changing-backgrounds,az,missing,needs_review,missing
/ar/blog/how-to-avoid-damaging-product-accuracy-when-changing-backgrounds,ar,missing,needs_review,missing
/es/blog/how-to-avoid-damaging-product-accuracy-when-changing-backgrounds,es,missing,needs_review,missing
/pt/blog/how-to-avoid-damaging-product-accuracy-when-changing-backgrounds,pt,missing,needs_review,missing
/fr/blog/how-to-avoid-damaging-product-accuracy-when-changing-backgrounds,fr,missing,needs_review,missing
/de/blog/how-to-avoid-damaging-product-accuracy-when-changing-backgrounds,de,missing,needs_review,missing
/it/blog/how-to-avoid-damaging-product-accuracy-when-changing-backgrounds,it,missing,needs_review,missing
/pl/blog/how-to-avoid-damaging-product-accuracy-when-changing-backgrounds,pl,missing,needs_review,missing
/uk/blog/how-to-avoid-damaging-product-accuracy-when-changing-backgrounds,uk,missing,needs_review,missing
/hi/blog/how-to-avoid-damaging-product-accuracy-when-changing-backgrounds,hi,missing,needs_review,missing
/id/blog/how-to-avoid-damaging-product-accuracy-when-changing-backgrounds,id,missing,needs_review,missing
/vi/blog/how-to-avoid-damaging-product-accuracy-when-changing-backgrounds,vi,missing,needs_review,missing
/zh/blog/how-to-avoid-damaging-product-accuracy-when-changing-backgrounds,zh,missing,needs_review,missing
/ru/blog/how-to-prepare-a-product-photo-with-a-bad-background,ru,missing,draft,missing
/en/blog/how-to-prepare-a-product-photo-with-a-bad-background,en,missing,draft,missing
/kk/blog/how-to-prepare-a-product-photo-with-a-bad-background,kk,missing,needs_review,missing
/ky/blog/how-to-prepare-a-product-photo-with-a-bad-background,ky,missing,needs_review,missing
/uz/blog/how-to-prepare-a-product-photo-with-a-bad-background,uz,missing,needs_review,missing
/tg/blog/how-to-prepare-a-product-photo-with-a-bad-background,tg,missing,needs_review,missing
/tr/blog/how-to-prepare-a-product-photo-with-a-bad-background,tr,missing,needs_review,missing
/az/blog/how-to-prepare-a-product-photo-with-a-bad-background,az,missing,needs_review,missing
/ar/blog/how-to-prepare-a-product-photo-with-a-bad-background,ar,missing,needs_review,missing
/es/blog/how-to-prepare-a-product-photo-with-a-bad-background,es,missing,needs_review,missing
/pt/blog/how-to-prepare-a-product-photo-with-a-bad-background,pt,missing,needs_review,missing
/fr/blog/how-to-prepare-a-product-photo-with-a-bad-background,fr,missing,needs_review,missing
/de/blog/how-to-prepare-a-product-photo-with-a-bad-background,de,missing,needs_review,missing
/it/blog/how-to-prepare-a-product-photo-with-a-bad-background,it,missing,needs_review,missing
/pl/blog/how-to-prepare-a-product-photo-with-a-bad-background,pl,missing,needs_review,missing
/uk/blog/how-to-prepare-a-product-photo-with-a-bad-background,uk,missing,needs_review,missing
/hi/blog/how-to-prepare-a-product-photo-with-a-bad-background,hi,missing,needs_review,missing
/id/blog/how-to-prepare-a-product-photo-with-a-bad-background,id,missing,needs_review,missing
/vi/blog/how-to-prepare-a-product-photo-with-a-bad-background,vi,missing,needs_review,missing
/zh/blog/how-to-prepare-a-product-photo-with-a-bad-background,zh,missing,needs_review,missing
/ru/blog/ai-product-photos-or-a-photoshoot-what-to-choose,ru,missing,draft,missing
/en/blog/ai-product-photos-or-a-photoshoot-what-to-choose,en,missing,draft,missing
/kk/blog/ai-product-photos-or-a-photoshoot-what-to-choose,kk,missing,needs_review,missing
/ky/blog/ai-product-photos-or-a-photoshoot-what-to-choose,ky,missing,needs_review,missing
/uz/blog/ai-product-photos-or-a-photoshoot-what-to-choose,uz,missing,needs_review,missing
/tg/blog/ai-product-photos-or-a-photoshoot-what-to-choose,tg,missing,needs_review,missing
/tr/blog/ai-product-photos-or-a-photoshoot-what-to-choose,tr,missing,needs_review,missing
/az/blog/ai-product-photos-or-a-photoshoot-what-to-choose,az,missing,needs_review,missing
/ar/blog/ai-product-photos-or-a-photoshoot-what-to-choose,ar,missing,needs_review,missing
/es/blog/ai-product-photos-or-a-photoshoot-what-to-choose,es,missing,needs_review,missing
/pt/blog/ai-product-photos-or-a-photoshoot-what-to-choose,pt,missing,needs_review,missing
/fr/blog/ai-product-photos-or-a-photoshoot-what-to-choose,fr,missing,needs_review,missing
/de/blog/ai-product-photos-or-a-photoshoot-what-to-choose,de,missing,needs_review,missing
/it/blog/ai-product-photos-or-a-photoshoot-what-to-choose,it,missing,needs_review,missing
/pl/blog/ai-product-photos-or-a-photoshoot-what-to-choose,pl,missing,needs_review,missing
/uk/blog/ai-product-photos-or-a-photoshoot-what-to-choose,uk,missing,needs_review,missing
/hi/blog/ai-product-photos-or-a-photoshoot-what-to-choose,hi,missing,needs_review,missing
/id/blog/ai-product-photos-or-a-photoshoot-what-to-choose,id,missing,needs_review,missing
/vi/blog/ai-product-photos-or-a-photoshoot-what-to-choose,vi,missing,needs_review,missing
/zh/blog/ai-product-photos-or-a-photoshoot-what-to-choose,zh,missing,needs_review,missing
/ru/blog/product-shot-or-clothing-on-model,ru,missing,draft,missing
/en/blog/product-shot-or-clothing-on-model,en,missing,draft,missing
/kk/blog/product-shot-or-clothing-on-model,kk,missing,needs_review,missing
/ky/blog/product-shot-or-clothing-on-model,ky,missing,needs_review,missing
/uz/blog/product-shot-or-clothing-on-model,uz,missing,needs_review,missing
/tg/blog/product-shot-or-clothing-on-model,tg,missing,needs_review,missing
/tr/blog/product-shot-or-clothing-on-model,tr,missing,needs_review,missing
/az/blog/product-shot-or-clothing-on-model,az,missing,needs_review,missing
/ar/blog/product-shot-or-clothing-on-model,ar,missing,needs_review,missing
/es/blog/product-shot-or-clothing-on-model,es,missing,needs_review,missing
/pt/blog/product-shot-or-clothing-on-model,pt,missing,needs_review,missing
/fr/blog/product-shot-or-clothing-on-model,fr,missing,needs_review,missing
/de/blog/product-shot-or-clothing-on-model,de,missing,needs_review,missing
/it/blog/product-shot-or-clothing-on-model,it,missing,needs_review,missing
/pl/blog/product-shot-or-clothing-on-model,pl,missing,needs_review,missing
/uk/blog/product-shot-or-clothing-on-model,uk,missing,needs_review,missing
/hi/blog/product-shot-or-clothing-on-model,hi,missing,needs_review,missing
/id/blog/product-shot-or-clothing-on-model,id,missing,needs_review,missing
/vi/blog/product-shot-or-clothing-on-model,vi,missing,needs_review,missing
/zh/blog/product-shot-or-clothing-on-model,zh,missing,needs_review,missing
/ru/blog/white-background-or-creative-scene,ru,missing,draft,missing
/en/blog/white-background-or-creative-scene,en,missing,draft,missing
/kk/blog/white-background-or-creative-scene,kk,missing,needs_review,missing
/ky/blog/white-background-or-creative-scene,ky,missing,needs_review,missing
/uz/blog/white-background-or-creative-scene,uz,missing,needs_review,missing
/tg/blog/white-background-or-creative-scene,tg,missing,needs_review,missing
/tr/blog/white-background-or-creative-scene,tr,missing,needs_review,missing
/az/blog/white-background-or-creative-scene,az,missing,needs_review,missing
/ar/blog/white-background-or-creative-scene,ar,missing,needs_review,missing
/es/blog/white-background-or-creative-scene,es,missing,needs_review,missing
/pt/blog/white-background-or-creative-scene,pt,missing,needs_review,missing
/fr/blog/white-background-or-creative-scene,fr,missing,needs_review,missing
/de/blog/white-background-or-creative-scene,de,missing,needs_review,missing
/it/blog/white-background-or-creative-scene,it,missing,needs_review,missing
/pl/blog/white-background-or-creative-scene,pl,missing,needs_review,missing
/uk/blog/white-background-or-creative-scene,uk,missing,needs_review,missing
/hi/blog/white-background-or-creative-scene,hi,missing,needs_review,missing
/id/blog/white-background-or-creative-scene,id,missing,needs_review,missing
/vi/blog/white-background-or-creative-scene,vi,missing,needs_review,missing
/zh/blog/white-background-or-creative-scene,zh,missing,needs_review,missing
/ru/blog/ai-model-or-real-model,ru,missing,draft,missing
/en/blog/ai-model-or-real-model,en,missing,draft,missing
/kk/blog/ai-model-or-real-model,kk,missing,needs_review,missing
/ky/blog/ai-model-or-real-model,ky,missing,needs_review,missing
/uz/blog/ai-model-or-real-model,uz,missing,needs_review,missing
/tg/blog/ai-model-or-real-model,tg,missing,needs_review,missing
/tr/blog/ai-model-or-real-model,tr,missing,needs_review,missing
/az/blog/ai-model-or-real-model,az,missing,needs_review,missing
/ar/blog/ai-model-or-real-model,ar,missing,needs_review,missing
/es/blog/ai-model-or-real-model,es,missing,needs_review,missing
/pt/blog/ai-model-or-real-model,pt,missing,needs_review,missing
/fr/blog/ai-model-or-real-model,fr,missing,needs_review,missing
/de/blog/ai-model-or-real-model,de,missing,needs_review,missing
/it/blog/ai-model-or-real-model,it,missing,needs_review,missing
/pl/blog/ai-model-or-real-model,pl,missing,needs_review,missing
/uk/blog/ai-model-or-real-model,uk,missing,needs_review,missing
/hi/blog/ai-model-or-real-model,hi,missing,needs_review,missing
/id/blog/ai-model-or-real-model,id,missing,needs_review,missing
/vi/blog/ai-model-or-real-model,vi,missing,needs_review,missing
/zh/blog/ai-model-or-real-model,zh,missing,needs_review,missing
/ru/blog/exact-product-card-or-creative-scene,ru,missing,draft,missing
/en/blog/exact-product-card-or-creative-scene,en,missing,draft,missing
/kk/blog/exact-product-card-or-creative-scene,kk,missing,needs_review,missing
/ky/blog/exact-product-card-or-creative-scene,ky,missing,needs_review,missing
/uz/blog/exact-product-card-or-creative-scene,uz,missing,needs_review,missing
/tg/blog/exact-product-card-or-creative-scene,tg,missing,needs_review,missing
/tr/blog/exact-product-card-or-creative-scene,tr,missing,needs_review,missing
/az/blog/exact-product-card-or-creative-scene,az,missing,needs_review,missing
/ar/blog/exact-product-card-or-creative-scene,ar,missing,needs_review,missing
/es/blog/exact-product-card-or-creative-scene,es,missing,needs_review,missing
/pt/blog/exact-product-card-or-creative-scene,pt,missing,needs_review,missing
/fr/blog/exact-product-card-or-creative-scene,fr,missing,needs_review,missing
/de/blog/exact-product-card-or-creative-scene,de,missing,needs_review,missing
/it/blog/exact-product-card-or-creative-scene,it,missing,needs_review,missing
/pl/blog/exact-product-card-or-creative-scene,pl,missing,needs_review,missing
/uk/blog/exact-product-card-or-creative-scene,uk,missing,needs_review,missing
/hi/blog/exact-product-card-or-creative-scene,hi,missing,needs_review,missing
/id/blog/exact-product-card-or-creative-scene,id,missing,needs_review,missing
/vi/blog/exact-product-card-or-creative-scene,vi,missing,needs_review,missing
/zh/blog/exact-product-card-or-creative-scene,zh,missing,needs_review,missing
/ru/blog/product-photo-or-product-video,ru,missing,draft,missing
/en/blog/product-photo-or-product-video,en,missing,draft,missing
/kk/blog/product-photo-or-product-video,kk,missing,needs_review,missing
/ky/blog/product-photo-or-product-video,ky,missing,needs_review,missing
/uz/blog/product-photo-or-product-video,uz,missing,needs_review,missing
/tg/blog/product-photo-or-product-video,tg,missing,needs_review,missing
/tr/blog/product-photo-or-product-video,tr,missing,needs_review,missing
/az/blog/product-photo-or-product-video,az,missing,needs_review,missing
/ar/blog/product-photo-or-product-video,ar,missing,needs_review,missing
/es/blog/product-photo-or-product-video,es,missing,needs_review,missing
/pt/blog/product-photo-or-product-video,pt,missing,needs_review,missing
/fr/blog/product-photo-or-product-video,fr,missing,needs_review,missing
/de/blog/product-photo-or-product-video,de,missing,needs_review,missing
/it/blog/product-photo-or-product-video,it,missing,needs_review,missing
/pl/blog/product-photo-or-product-video,pl,missing,needs_review,missing
/uk/blog/product-photo-or-product-video,uk,missing,needs_review,missing
/hi/blog/product-photo-or-product-video,hi,missing,needs_review,missing
/id/blog/product-photo-or-product-video,id,missing,needs_review,missing
/vi/blog/product-photo-or-product-video,vi,missing,needs_review,missing
/zh/blog/product-photo-or-product-video,zh,missing,needs_review,missing
/ru/blog/manual-product-selection-or-automatic-background-removal,ru,missing,draft,missing
/en/blog/manual-product-selection-or-automatic-background-removal,en,missing,draft,missing
/kk/blog/manual-product-selection-or-automatic-background-removal,kk,missing,needs_review,missing
/ky/blog/manual-product-selection-or-automatic-background-removal,ky,missing,needs_review,missing
/uz/blog/manual-product-selection-or-automatic-background-removal,uz,missing,needs_review,missing
/tg/blog/manual-product-selection-or-automatic-background-removal,tg,missing,needs_review,missing
/tr/blog/manual-product-selection-or-automatic-background-removal,tr,missing,needs_review,missing
/az/blog/manual-product-selection-or-automatic-background-removal,az,missing,needs_review,missing
/ar/blog/manual-product-selection-or-automatic-background-removal,ar,missing,needs_review,missing
/es/blog/manual-product-selection-or-automatic-background-removal,es,missing,needs_review,missing
/pt/blog/manual-product-selection-or-automatic-background-removal,pt,missing,needs_review,missing
/fr/blog/manual-product-selection-or-automatic-background-removal,fr,missing,needs_review,missing
/de/blog/manual-product-selection-or-automatic-background-removal,de,missing,needs_review,missing
/it/blog/manual-product-selection-or-automatic-background-removal,it,missing,needs_review,missing
/pl/blog/manual-product-selection-or-automatic-background-removal,pl,missing,needs_review,missing
/uk/blog/manual-product-selection-or-automatic-background-removal,uk,missing,needs_review,missing
/hi/blog/manual-product-selection-or-automatic-background-removal,hi,missing,needs_review,missing
/id/blog/manual-product-selection-or-automatic-background-removal,id,missing,needs_review,missing
/vi/blog/manual-product-selection-or-automatic-background-removal,vi,missing,needs_review,missing
/zh/blog/manual-product-selection-or-automatic-background-removal,zh,missing,needs_review,missing
/ru/blog/what-is-better-for-marketplaces-1-1-or-4-5,ru,missing,draft,missing
/en/blog/what-is-better-for-marketplaces-1-1-or-4-5,en,missing,draft,missing
/kk/blog/what-is-better-for-marketplaces-1-1-or-4-5,kk,missing,needs_review,missing
/ky/blog/what-is-better-for-marketplaces-1-1-or-4-5,ky,missing,needs_review,missing
/uz/blog/what-is-better-for-marketplaces-1-1-or-4-5,uz,missing,needs_review,missing
/tg/blog/what-is-better-for-marketplaces-1-1-or-4-5,tg,missing,needs_review,missing
/tr/blog/what-is-better-for-marketplaces-1-1-or-4-5,tr,missing,needs_review,missing
/az/blog/what-is-better-for-marketplaces-1-1-or-4-5,az,missing,needs_review,missing
/ar/blog/what-is-better-for-marketplaces-1-1-or-4-5,ar,missing,needs_review,missing
/es/blog/what-is-better-for-marketplaces-1-1-or-4-5,es,missing,needs_review,missing
/pt/blog/what-is-better-for-marketplaces-1-1-or-4-5,pt,missing,needs_review,missing
/fr/blog/what-is-better-for-marketplaces-1-1-or-4-5,fr,missing,needs_review,missing
/de/blog/what-is-better-for-marketplaces-1-1-or-4-5,de,missing,needs_review,missing
/it/blog/what-is-better-for-marketplaces-1-1-or-4-5,it,missing,needs_review,missing
/pl/blog/what-is-better-for-marketplaces-1-1-or-4-5,pl,missing,needs_review,missing
/uk/blog/what-is-better-for-marketplaces-1-1-or-4-5,uk,missing,needs_review,missing
/hi/blog/what-is-better-for-marketplaces-1-1-or-4-5,hi,missing,needs_review,missing
/id/blog/what-is-better-for-marketplaces-1-1-or-4-5,id,missing,needs_review,missing
/vi/blog/what-is-better-for-marketplaces-1-1-or-4-5,vi,missing,needs_review,missing
/zh/blog/what-is-better-for-marketplaces-1-1-or-4-5,zh,missing,needs_review,missing
/ru/blog/what-is-better-for-instagram-photo-or-reels,ru,missing,draft,missing
/en/blog/what-is-better-for-instagram-photo-or-reels,en,missing,draft,missing
/kk/blog/what-is-better-for-instagram-photo-or-reels,kk,missing,needs_review,missing
/ky/blog/what-is-better-for-instagram-photo-or-reels,ky,missing,needs_review,missing
/uz/blog/what-is-better-for-instagram-photo-or-reels,uz,missing,needs_review,missing
/tg/blog/what-is-better-for-instagram-photo-or-reels,tg,missing,needs_review,missing
/tr/blog/what-is-better-for-instagram-photo-or-reels,tr,missing,needs_review,missing
/az/blog/what-is-better-for-instagram-photo-or-reels,az,missing,needs_review,missing
/ar/blog/what-is-better-for-instagram-photo-or-reels,ar,missing,needs_review,missing
/es/blog/what-is-better-for-instagram-photo-or-reels,es,missing,needs_review,missing
/pt/blog/what-is-better-for-instagram-photo-or-reels,pt,missing,needs_review,missing
/fr/blog/what-is-better-for-instagram-photo-or-reels,fr,missing,needs_review,missing
/de/blog/what-is-better-for-instagram-photo-or-reels,de,missing,needs_review,missing
/it/blog/what-is-better-for-instagram-photo-or-reels,it,missing,needs_review,missing
/pl/blog/what-is-better-for-instagram-photo-or-reels,pl,missing,needs_review,missing
/uk/blog/what-is-better-for-instagram-photo-or-reels,uk,missing,needs_review,missing
/hi/blog/what-is-better-for-instagram-photo-or-reels,hi,missing,needs_review,missing
/id/blog/what-is-better-for-instagram-photo-or-reels,id,missing,needs_review,missing
/vi/blog/what-is-better-for-instagram-photo-or-reels,vi,missing,needs_review,missing
/zh/blog/what-is-better-for-instagram-photo-or-reels,zh,missing,needs_review,missing
/ru/blog/why-different-platforms-need-different-formats,ru,missing,draft,missing
/en/blog/why-different-platforms-need-different-formats,en,missing,draft,missing
/kk/blog/why-different-platforms-need-different-formats,kk,missing,needs_review,missing
/ky/blog/why-different-platforms-need-different-formats,ky,missing,needs_review,missing
/uz/blog/why-different-platforms-need-different-formats,uz,missing,needs_review,missing
/tg/blog/why-different-platforms-need-different-formats,tg,missing,needs_review,missing
/tr/blog/why-different-platforms-need-different-formats,tr,missing,needs_review,missing
/az/blog/why-different-platforms-need-different-formats,az,missing,needs_review,missing
/ar/blog/why-different-platforms-need-different-formats,ar,missing,needs_review,missing
/es/blog/why-different-platforms-need-different-formats,es,missing,needs_review,missing
/pt/blog/why-different-platforms-need-different-formats,pt,missing,needs_review,missing
/fr/blog/why-different-platforms-need-different-formats,fr,missing,needs_review,missing
/de/blog/why-different-platforms-need-different-formats,de,missing,needs_review,missing
/it/blog/why-different-platforms-need-different-formats,it,missing,needs_review,missing
/pl/blog/why-different-platforms-need-different-formats,pl,missing,needs_review,missing
/uk/blog/why-different-platforms-need-different-formats,uk,missing,needs_review,missing
/hi/blog/why-different-platforms-need-different-formats,hi,missing,needs_review,missing
/id/blog/why-different-platforms-need-different-formats,id,missing,needs_review,missing
/vi/blog/why-different-platforms-need-different-formats,vi,missing,needs_review,missing
/zh/blog/why-different-platforms-need-different-formats,zh,missing,needs_review,missing
/ru/blog/how-to-sell-products-on-different-marketplaces,ru,missing,draft,missing
/en/blog/how-to-sell-products-on-different-marketplaces,en,missing,draft,missing
/kk/blog/how-to-sell-products-on-different-marketplaces,kk,missing,needs_review,missing
/ky/blog/how-to-sell-products-on-different-marketplaces,ky,missing,needs_review,missing
/uz/blog/how-to-sell-products-on-different-marketplaces,uz,missing,needs_review,missing
/tg/blog/how-to-sell-products-on-different-marketplaces,tg,missing,needs_review,missing
/tr/blog/how-to-sell-products-on-different-marketplaces,tr,missing,needs_review,missing
/az/blog/how-to-sell-products-on-different-marketplaces,az,missing,needs_review,missing
/ar/blog/how-to-sell-products-on-different-marketplaces,ar,missing,needs_review,missing
/es/blog/how-to-sell-products-on-different-marketplaces,es,missing,needs_review,missing
/pt/blog/how-to-sell-products-on-different-marketplaces,pt,missing,needs_review,missing
/fr/blog/how-to-sell-products-on-different-marketplaces,fr,missing,needs_review,missing
/de/blog/how-to-sell-products-on-different-marketplaces,de,missing,needs_review,missing
/it/blog/how-to-sell-products-on-different-marketplaces,it,missing,needs_review,missing
/pl/blog/how-to-sell-products-on-different-marketplaces,pl,missing,needs_review,missing
/uk/blog/how-to-sell-products-on-different-marketplaces,uk,missing,needs_review,missing
/hi/blog/how-to-sell-products-on-different-marketplaces,hi,missing,needs_review,missing
/id/blog/how-to-sell-products-on-different-marketplaces,id,missing,needs_review,missing
/vi/blog/how-to-sell-products-on-different-marketplaces,vi,missing,needs_review,missing
/zh/blog/how-to-sell-products-on-different-marketplaces,zh,missing,needs_review,missing
/ru/blog/how-to-prepare-product-photos-for-international-markets,ru,missing,draft,missing
/en/blog/how-to-prepare-product-photos-for-international-markets,en,missing,draft,missing
/kk/blog/how-to-prepare-product-photos-for-international-markets,kk,missing,needs_review,missing
/ky/blog/how-to-prepare-product-photos-for-international-markets,ky,missing,needs_review,missing
/uz/blog/how-to-prepare-product-photos-for-international-markets,uz,missing,needs_review,missing
/tg/blog/how-to-prepare-product-photos-for-international-markets,tg,missing,needs_review,missing
/tr/blog/how-to-prepare-product-photos-for-international-markets,tr,missing,needs_review,missing
/az/blog/how-to-prepare-product-photos-for-international-markets,az,missing,needs_review,missing
/ar/blog/how-to-prepare-product-photos-for-international-markets,ar,missing,needs_review,missing
/es/blog/how-to-prepare-product-photos-for-international-markets,es,missing,needs_review,missing
/pt/blog/how-to-prepare-product-photos-for-international-markets,pt,missing,needs_review,missing
/fr/blog/how-to-prepare-product-photos-for-international-markets,fr,missing,needs_review,missing
/de/blog/how-to-prepare-product-photos-for-international-markets,de,missing,needs_review,missing
/it/blog/how-to-prepare-product-photos-for-international-markets,it,missing,needs_review,missing
/pl/blog/how-to-prepare-product-photos-for-international-markets,pl,missing,needs_review,missing
/uk/blog/how-to-prepare-product-photos-for-international-markets,uk,missing,needs_review,missing
/hi/blog/how-to-prepare-product-photos-for-international-markets,hi,missing,needs_review,missing
/id/blog/how-to-prepare-product-photos-for-international-markets,id,missing,needs_review,missing
/vi/blog/how-to-prepare-product-photos-for-international-markets,vi,missing,needs_review,missing
/zh/blog/how-to-prepare-product-photos-for-international-markets,zh,missing,needs_review,missing
/ru/blog/how-to-create-a-multilingual-product-catalog,ru,missing,draft,missing
/en/blog/how-to-create-a-multilingual-product-catalog,en,missing,draft,missing
/kk/blog/how-to-create-a-multilingual-product-catalog,kk,missing,needs_review,missing
/ky/blog/how-to-create-a-multilingual-product-catalog,ky,missing,needs_review,missing
/uz/blog/how-to-create-a-multilingual-product-catalog,uz,missing,needs_review,missing
/tg/blog/how-to-create-a-multilingual-product-catalog,tg,missing,needs_review,missing
/tr/blog/how-to-create-a-multilingual-product-catalog,tr,missing,needs_review,missing
/az/blog/how-to-create-a-multilingual-product-catalog,az,missing,needs_review,missing
/ar/blog/how-to-create-a-multilingual-product-catalog,ar,missing,needs_review,missing
/es/blog/how-to-create-a-multilingual-product-catalog,es,missing,needs_review,missing
/pt/blog/how-to-create-a-multilingual-product-catalog,pt,missing,needs_review,missing
/fr/blog/how-to-create-a-multilingual-product-catalog,fr,missing,needs_review,missing
/de/blog/how-to-create-a-multilingual-product-catalog,de,missing,needs_review,missing
/it/blog/how-to-create-a-multilingual-product-catalog,it,missing,needs_review,missing
/pl/blog/how-to-create-a-multilingual-product-catalog,pl,missing,needs_review,missing
/uk/blog/how-to-create-a-multilingual-product-catalog,uk,missing,needs_review,missing
/hi/blog/how-to-create-a-multilingual-product-catalog,hi,missing,needs_review,missing
/id/blog/how-to-create-a-multilingual-product-catalog,id,missing,needs_review,missing
/vi/blog/how-to-create-a-multilingual-product-catalog,vi,missing,needs_review,missing
/zh/blog/how-to-create-a-multilingual-product-catalog,zh,missing,needs_review,missing
/ru/blog/how-to-adapt-a-product-card-for-ebay,ru,missing,draft,missing
/en/blog/how-to-adapt-a-product-card-for-ebay,en,missing,draft,missing
/kk/blog/how-to-adapt-a-product-card-for-ebay,kk,missing,needs_review,missing
/ky/blog/how-to-adapt-a-product-card-for-ebay,ky,missing,needs_review,missing
/uz/blog/how-to-adapt-a-product-card-for-ebay,uz,missing,needs_review,missing
/tg/blog/how-to-adapt-a-product-card-for-ebay,tg,missing,needs_review,missing
/tr/blog/how-to-adapt-a-product-card-for-ebay,tr,missing,needs_review,missing
/az/blog/how-to-adapt-a-product-card-for-ebay,az,missing,needs_review,missing
/ar/blog/how-to-adapt-a-product-card-for-ebay,ar,missing,needs_review,missing
/es/blog/how-to-adapt-a-product-card-for-ebay,es,missing,needs_review,missing
/pt/blog/how-to-adapt-a-product-card-for-ebay,pt,missing,needs_review,missing
/fr/blog/how-to-adapt-a-product-card-for-ebay,fr,missing,needs_review,missing
/de/blog/how-to-adapt-a-product-card-for-ebay,de,missing,needs_review,missing
/it/blog/how-to-adapt-a-product-card-for-ebay,it,missing,needs_review,missing
/pl/blog/how-to-adapt-a-product-card-for-ebay,pl,missing,needs_review,missing
/uk/blog/how-to-adapt-a-product-card-for-ebay,uk,missing,needs_review,missing
/hi/blog/how-to-adapt-a-product-card-for-ebay,hi,missing,needs_review,missing
/id/blog/how-to-adapt-a-product-card-for-ebay,id,missing,needs_review,missing
/vi/blog/how-to-adapt-a-product-card-for-ebay,vi,missing,needs_review,missing
/zh/blog/how-to-adapt-a-product-card-for-ebay,zh,missing,needs_review,missing
/ru/blog/how-to-adapt-a-product-card-for-amazon,ru,missing,draft,missing
/en/blog/how-to-adapt-a-product-card-for-amazon,en,missing,draft,missing
/kk/blog/how-to-adapt-a-product-card-for-amazon,kk,missing,needs_review,missing
/ky/blog/how-to-adapt-a-product-card-for-amazon,ky,missing,needs_review,missing
/uz/blog/how-to-adapt-a-product-card-for-amazon,uz,missing,needs_review,missing
/tg/blog/how-to-adapt-a-product-card-for-amazon,tg,missing,needs_review,missing
/tr/blog/how-to-adapt-a-product-card-for-amazon,tr,missing,needs_review,missing
/az/blog/how-to-adapt-a-product-card-for-amazon,az,missing,needs_review,missing
/ar/blog/how-to-adapt-a-product-card-for-amazon,ar,missing,needs_review,missing
/es/blog/how-to-adapt-a-product-card-for-amazon,es,missing,needs_review,missing
/pt/blog/how-to-adapt-a-product-card-for-amazon,pt,missing,needs_review,missing
/fr/blog/how-to-adapt-a-product-card-for-amazon,fr,missing,needs_review,missing
/de/blog/how-to-adapt-a-product-card-for-amazon,de,missing,needs_review,missing
/it/blog/how-to-adapt-a-product-card-for-amazon,it,missing,needs_review,missing
/pl/blog/how-to-adapt-a-product-card-for-amazon,pl,missing,needs_review,missing
/uk/blog/how-to-adapt-a-product-card-for-amazon,uk,missing,needs_review,missing
/hi/blog/how-to-adapt-a-product-card-for-amazon,hi,missing,needs_review,missing
/id/blog/how-to-adapt-a-product-card-for-amazon,id,missing,needs_review,missing
/vi/blog/how-to-adapt-a-product-card-for-amazon,vi,missing,needs_review,missing
/zh/blog/how-to-adapt-a-product-card-for-amazon,zh,missing,needs_review,missing
/ru/blog/how-to-adapt-product-photos-for-etsy,ru,missing,draft,missing
/en/blog/how-to-adapt-product-photos-for-etsy,en,missing,draft,missing
/kk/blog/how-to-adapt-product-photos-for-etsy,kk,missing,needs_review,missing
/ky/blog/how-to-adapt-product-photos-for-etsy,ky,missing,needs_review,missing
/uz/blog/how-to-adapt-product-photos-for-etsy,uz,missing,needs_review,missing
/tg/blog/how-to-adapt-product-photos-for-etsy,tg,missing,needs_review,missing
/tr/blog/how-to-adapt-product-photos-for-etsy,tr,missing,needs_review,missing
/az/blog/how-to-adapt-product-photos-for-etsy,az,missing,needs_review,missing
/ar/blog/how-to-adapt-product-photos-for-etsy,ar,missing,needs_review,missing
/es/blog/how-to-adapt-product-photos-for-etsy,es,missing,needs_review,missing
/pt/blog/how-to-adapt-product-photos-for-etsy,pt,missing,needs_review,missing
/fr/blog/how-to-adapt-product-photos-for-etsy,fr,missing,needs_review,missing
/de/blog/how-to-adapt-product-photos-for-etsy,de,missing,needs_review,missing
/it/blog/how-to-adapt-product-photos-for-etsy,it,missing,needs_review,missing
/pl/blog/how-to-adapt-product-photos-for-etsy,pl,missing,needs_review,missing
/uk/blog/how-to-adapt-product-photos-for-etsy,uk,missing,needs_review,missing
/hi/blog/how-to-adapt-product-photos-for-etsy,hi,missing,needs_review,missing
/id/blog/how-to-adapt-product-photos-for-etsy,id,missing,needs_review,missing
/vi/blog/how-to-adapt-product-photos-for-etsy,vi,missing,needs_review,missing
/zh/blog/how-to-adapt-product-photos-for-etsy,zh,missing,needs_review,missing
/ru/blog/how-to-prepare-visuals-for-shopify,ru,missing,draft,missing
/en/blog/how-to-prepare-visuals-for-shopify,en,missing,draft,missing
/kk/blog/how-to-prepare-visuals-for-shopify,kk,missing,needs_review,missing
/ky/blog/how-to-prepare-visuals-for-shopify,ky,missing,needs_review,missing
/uz/blog/how-to-prepare-visuals-for-shopify,uz,missing,needs_review,missing
/tg/blog/how-to-prepare-visuals-for-shopify,tg,missing,needs_review,missing
/tr/blog/how-to-prepare-visuals-for-shopify,tr,missing,needs_review,missing
/az/blog/how-to-prepare-visuals-for-shopify,az,missing,needs_review,missing
/ar/blog/how-to-prepare-visuals-for-shopify,ar,missing,needs_review,missing
/es/blog/how-to-prepare-visuals-for-shopify,es,missing,needs_review,missing
/pt/blog/how-to-prepare-visuals-for-shopify,pt,missing,needs_review,missing
/fr/blog/how-to-prepare-visuals-for-shopify,fr,missing,needs_review,missing
/de/blog/how-to-prepare-visuals-for-shopify,de,missing,needs_review,missing
/it/blog/how-to-prepare-visuals-for-shopify,it,missing,needs_review,missing
/pl/blog/how-to-prepare-visuals-for-shopify,pl,missing,needs_review,missing
/uk/blog/how-to-prepare-visuals-for-shopify,uk,missing,needs_review,missing
/hi/blog/how-to-prepare-visuals-for-shopify,hi,missing,needs_review,missing
/id/blog/how-to-prepare-visuals-for-shopify,id,missing,needs_review,missing
/vi/blog/how-to-prepare-visuals-for-shopify,vi,missing,needs_review,missing
/zh/blog/how-to-prepare-visuals-for-shopify,zh,missing,needs_review,missing
/ru/blog/how-to-make-photos-for-a-local-marketplace,ru,missing,draft,missing
/en/blog/how-to-make-photos-for-a-local-marketplace,en,missing,draft,missing
/kk/blog/how-to-make-photos-for-a-local-marketplace,kk,missing,needs_review,missing
/ky/blog/how-to-make-photos-for-a-local-marketplace,ky,missing,needs_review,missing
/uz/blog/how-to-make-photos-for-a-local-marketplace,uz,missing,needs_review,missing
/tg/blog/how-to-make-photos-for-a-local-marketplace,tg,missing,needs_review,missing
/tr/blog/how-to-make-photos-for-a-local-marketplace,tr,missing,needs_review,missing
/az/blog/how-to-make-photos-for-a-local-marketplace,az,missing,needs_review,missing
/ar/blog/how-to-make-photos-for-a-local-marketplace,ar,missing,needs_review,missing
/es/blog/how-to-make-photos-for-a-local-marketplace,es,missing,needs_review,missing
/pt/blog/how-to-make-photos-for-a-local-marketplace,pt,missing,needs_review,missing
/fr/blog/how-to-make-photos-for-a-local-marketplace,fr,missing,needs_review,missing
/de/blog/how-to-make-photos-for-a-local-marketplace,de,missing,needs_review,missing
/it/blog/how-to-make-photos-for-a-local-marketplace,it,missing,needs_review,missing
/pl/blog/how-to-make-photos-for-a-local-marketplace,pl,missing,needs_review,missing
/uk/blog/how-to-make-photos-for-a-local-marketplace,uk,missing,needs_review,missing
/hi/blog/how-to-make-photos-for-a-local-marketplace,hi,missing,needs_review,missing
/id/blog/how-to-make-photos-for-a-local-marketplace,id,missing,needs_review,missing
/vi/blog/how-to-make-photos-for-a-local-marketplace,vi,missing,needs_review,missing
/zh/blog/how-to-make-photos-for-a-local-marketplace,zh,missing,needs_review,missing
/ru/blog/how-ai-helps-suppliers-from-the-cis,ru,missing,draft,missing
/en/blog/how-ai-helps-suppliers-from-the-cis,en,missing,draft,missing
/kk/blog/how-ai-helps-suppliers-from-the-cis,kk,missing,needs_review,missing
/ky/blog/how-ai-helps-suppliers-from-the-cis,ky,missing,needs_review,missing
/uz/blog/how-ai-helps-suppliers-from-the-cis,uz,missing,needs_review,missing
/tg/blog/how-ai-helps-suppliers-from-the-cis,tg,missing,needs_review,missing
/tr/blog/how-ai-helps-suppliers-from-the-cis,tr,missing,needs_review,missing
/az/blog/how-ai-helps-suppliers-from-the-cis,az,missing,needs_review,missing
/ar/blog/how-ai-helps-suppliers-from-the-cis,ar,missing,needs_review,missing
/es/blog/how-ai-helps-suppliers-from-the-cis,es,missing,needs_review,missing
/pt/blog/how-ai-helps-suppliers-from-the-cis,pt,missing,needs_review,missing
/fr/blog/how-ai-helps-suppliers-from-the-cis,fr,missing,needs_review,missing
/de/blog/how-ai-helps-suppliers-from-the-cis,de,missing,needs_review,missing
/it/blog/how-ai-helps-suppliers-from-the-cis,it,missing,needs_review,missing
/pl/blog/how-ai-helps-suppliers-from-the-cis,pl,missing,needs_review,missing
/uk/blog/how-ai-helps-suppliers-from-the-cis,uk,missing,needs_review,missing
/hi/blog/how-ai-helps-suppliers-from-the-cis,hi,missing,needs_review,missing
/id/blog/how-ai-helps-suppliers-from-the-cis,id,missing,needs_review,missing
/vi/blog/how-ai-helps-suppliers-from-the-cis,vi,missing,needs_review,missing
/zh/blog/how-ai-helps-suppliers-from-the-cis,zh,missing,needs_review,missing
/ru/blog/how-to-create-product-content-for-international-clients,ru,missing,draft,missing
/en/blog/how-to-create-product-content-for-international-clients,en,missing,draft,missing
/kk/blog/how-to-create-product-content-for-international-clients,kk,missing,needs_review,missing
/ky/blog/how-to-create-product-content-for-international-clients,ky,missing,needs_review,missing
/uz/blog/how-to-create-product-content-for-international-clients,uz,missing,needs_review,missing
/tg/blog/how-to-create-product-content-for-international-clients,tg,missing,needs_review,missing
/tr/blog/how-to-create-product-content-for-international-clients,tr,missing,needs_review,missing
/az/blog/how-to-create-product-content-for-international-clients,az,missing,needs_review,missing
/ar/blog/how-to-create-product-content-for-international-clients,ar,missing,needs_review,missing
/es/blog/how-to-create-product-content-for-international-clients,es,missing,needs_review,missing
/pt/blog/how-to-create-product-content-for-international-clients,pt,missing,needs_review,missing
/fr/blog/how-to-create-product-content-for-international-clients,fr,missing,needs_review,missing
/de/blog/how-to-create-product-content-for-international-clients,de,missing,needs_review,missing
/it/blog/how-to-create-product-content-for-international-clients,it,missing,needs_review,missing
/pl/blog/how-to-create-product-content-for-international-clients,pl,missing,needs_review,missing
/uk/blog/how-to-create-product-content-for-international-clients,uk,missing,needs_review,missing
/hi/blog/how-to-create-product-content-for-international-clients,hi,missing,needs_review,missing
/id/blog/how-to-create-product-content-for-international-clients,id,missing,needs_review,missing
/vi/blog/how-to-create-product-content-for-international-clients,vi,missing,needs_review,missing
/zh/blog/how-to-create-product-content-for-international-clients,zh,missing,needs_review,missing
/ru/blog/how-to-write-a-prompt-for-product-photography,ru,missing,draft,missing
/en/blog/how-to-write-a-prompt-for-product-photography,en,missing,draft,missing
/kk/blog/how-to-write-a-prompt-for-product-photography,kk,missing,needs_review,missing
/ky/blog/how-to-write-a-prompt-for-product-photography,ky,missing,needs_review,missing
/uz/blog/how-to-write-a-prompt-for-product-photography,uz,missing,needs_review,missing
/tg/blog/how-to-write-a-prompt-for-product-photography,tg,missing,needs_review,missing
/tr/blog/how-to-write-a-prompt-for-product-photography,tr,missing,needs_review,missing
/az/blog/how-to-write-a-prompt-for-product-photography,az,missing,needs_review,missing
/ar/blog/how-to-write-a-prompt-for-product-photography,ar,missing,needs_review,missing
/es/blog/how-to-write-a-prompt-for-product-photography,es,missing,needs_review,missing
/pt/blog/how-to-write-a-prompt-for-product-photography,pt,missing,needs_review,missing
/fr/blog/how-to-write-a-prompt-for-product-photography,fr,missing,needs_review,missing
/de/blog/how-to-write-a-prompt-for-product-photography,de,missing,needs_review,missing
/it/blog/how-to-write-a-prompt-for-product-photography,it,missing,needs_review,missing
/pl/blog/how-to-write-a-prompt-for-product-photography,pl,missing,needs_review,missing
/uk/blog/how-to-write-a-prompt-for-product-photography,uk,missing,needs_review,missing
/hi/blog/how-to-write-a-prompt-for-product-photography,hi,missing,needs_review,missing
/id/blog/how-to-write-a-prompt-for-product-photography,id,missing,needs_review,missing
/vi/blog/how-to-write-a-prompt-for-product-photography,vi,missing,needs_review,missing
/zh/blog/how-to-write-a-prompt-for-product-photography,zh,missing,needs_review,missing
/ru/blog/how-to-improve-a-prompt-for-ai-video,ru,missing,draft,missing
/en/blog/how-to-improve-a-prompt-for-ai-video,en,missing,draft,missing
/kk/blog/how-to-improve-a-prompt-for-ai-video,kk,missing,needs_review,missing
/ky/blog/how-to-improve-a-prompt-for-ai-video,ky,missing,needs_review,missing
/uz/blog/how-to-improve-a-prompt-for-ai-video,uz,missing,needs_review,missing
/tg/blog/how-to-improve-a-prompt-for-ai-video,tg,missing,needs_review,missing
/tr/blog/how-to-improve-a-prompt-for-ai-video,tr,missing,needs_review,missing
/az/blog/how-to-improve-a-prompt-for-ai-video,az,missing,needs_review,missing
/ar/blog/how-to-improve-a-prompt-for-ai-video,ar,missing,needs_review,missing
/es/blog/how-to-improve-a-prompt-for-ai-video,es,missing,needs_review,missing
/pt/blog/how-to-improve-a-prompt-for-ai-video,pt,missing,needs_review,missing
/fr/blog/how-to-improve-a-prompt-for-ai-video,fr,missing,needs_review,missing
/de/blog/how-to-improve-a-prompt-for-ai-video,de,missing,needs_review,missing
/it/blog/how-to-improve-a-prompt-for-ai-video,it,missing,needs_review,missing
/pl/blog/how-to-improve-a-prompt-for-ai-video,pl,missing,needs_review,missing
/uk/blog/how-to-improve-a-prompt-for-ai-video,uk,missing,needs_review,missing
/hi/blog/how-to-improve-a-prompt-for-ai-video,hi,missing,needs_review,missing
/id/blog/how-to-improve-a-prompt-for-ai-video,id,missing,needs_review,missing
/vi/blog/how-to-improve-a-prompt-for-ai-video,vi,missing,needs_review,missing
/zh/blog/how-to-improve-a-prompt-for-ai-video,zh,missing,needs_review,missing
/ru/blog/how-to-describe-a-model-for-clothing-photos,ru,missing,draft,missing
/en/blog/how-to-describe-a-model-for-clothing-photos,en,missing,draft,missing
/kk/blog/how-to-describe-a-model-for-clothing-photos,kk,missing,needs_review,missing
/ky/blog/how-to-describe-a-model-for-clothing-photos,ky,missing,needs_review,missing
/uz/blog/how-to-describe-a-model-for-clothing-photos,uz,missing,needs_review,missing
/tg/blog/how-to-describe-a-model-for-clothing-photos,tg,missing,needs_review,missing
/tr/blog/how-to-describe-a-model-for-clothing-photos,tr,missing,needs_review,missing
/az/blog/how-to-describe-a-model-for-clothing-photos,az,missing,needs_review,missing
/ar/blog/how-to-describe-a-model-for-clothing-photos,ar,missing,needs_review,missing
/es/blog/how-to-describe-a-model-for-clothing-photos,es,missing,needs_review,missing
/pt/blog/how-to-describe-a-model-for-clothing-photos,pt,missing,needs_review,missing
/fr/blog/how-to-describe-a-model-for-clothing-photos,fr,missing,needs_review,missing
/de/blog/how-to-describe-a-model-for-clothing-photos,de,missing,needs_review,missing
/it/blog/how-to-describe-a-model-for-clothing-photos,it,missing,needs_review,missing
/pl/blog/how-to-describe-a-model-for-clothing-photos,pl,missing,needs_review,missing
/uk/blog/how-to-describe-a-model-for-clothing-photos,uk,missing,needs_review,missing
/hi/blog/how-to-describe-a-model-for-clothing-photos,hi,missing,needs_review,missing
/id/blog/how-to-describe-a-model-for-clothing-photos,id,missing,needs_review,missing
/vi/blog/how-to-describe-a-model-for-clothing-photos,vi,missing,needs_review,missing
/zh/blog/how-to-describe-a-model-for-clothing-photos,zh,missing,needs_review,missing
/ru/blog/how-to-create-an-ai-background-without-changing-the-product,ru,missing,draft,missing
/en/blog/how-to-create-an-ai-background-without-changing-the-product,en,missing,draft,missing
/kk/blog/how-to-create-an-ai-background-without-changing-the-product,kk,missing,needs_review,missing
/ky/blog/how-to-create-an-ai-background-without-changing-the-product,ky,missing,needs_review,missing
/uz/blog/how-to-create-an-ai-background-without-changing-the-product,uz,missing,needs_review,missing
/tg/blog/how-to-create-an-ai-background-without-changing-the-product,tg,missing,needs_review,missing
/tr/blog/how-to-create-an-ai-background-without-changing-the-product,tr,missing,needs_review,missing
/az/blog/how-to-create-an-ai-background-without-changing-the-product,az,missing,needs_review,missing
/ar/blog/how-to-create-an-ai-background-without-changing-the-product,ar,missing,needs_review,missing
/es/blog/how-to-create-an-ai-background-without-changing-the-product,es,missing,needs_review,missing
/pt/blog/how-to-create-an-ai-background-without-changing-the-product,pt,missing,needs_review,missing
/fr/blog/how-to-create-an-ai-background-without-changing-the-product,fr,missing,needs_review,missing
/de/blog/how-to-create-an-ai-background-without-changing-the-product,de,missing,needs_review,missing
/it/blog/how-to-create-an-ai-background-without-changing-the-product,it,missing,needs_review,missing
/pl/blog/how-to-create-an-ai-background-without-changing-the-product,pl,missing,needs_review,missing
/uk/blog/how-to-create-an-ai-background-without-changing-the-product,uk,missing,needs_review,missing
/hi/blog/how-to-create-an-ai-background-without-changing-the-product,hi,missing,needs_review,missing
/id/blog/how-to-create-an-ai-background-without-changing-the-product,id,missing,needs_review,missing
/vi/blog/how-to-create-an-ai-background-without-changing-the-product,vi,missing,needs_review,missing
/zh/blog/how-to-create-an-ai-background-without-changing-the-product,zh,missing,needs_review,missing
/ru/blog/how-to-make-ai-preserve-the-product,ru,missing,draft,missing
/en/blog/how-to-make-ai-preserve-the-product,en,missing,draft,missing
/kk/blog/how-to-make-ai-preserve-the-product,kk,missing,needs_review,missing
/ky/blog/how-to-make-ai-preserve-the-product,ky,missing,needs_review,missing
/uz/blog/how-to-make-ai-preserve-the-product,uz,missing,needs_review,missing
/tg/blog/how-to-make-ai-preserve-the-product,tg,missing,needs_review,missing
/tr/blog/how-to-make-ai-preserve-the-product,tr,missing,needs_review,missing
/az/blog/how-to-make-ai-preserve-the-product,az,missing,needs_review,missing
/ar/blog/how-to-make-ai-preserve-the-product,ar,missing,needs_review,missing
/es/blog/how-to-make-ai-preserve-the-product,es,missing,needs_review,missing
/pt/blog/how-to-make-ai-preserve-the-product,pt,missing,needs_review,missing
/fr/blog/how-to-make-ai-preserve-the-product,fr,missing,needs_review,missing
/de/blog/how-to-make-ai-preserve-the-product,de,missing,needs_review,missing
/it/blog/how-to-make-ai-preserve-the-product,it,missing,needs_review,missing
/pl/blog/how-to-make-ai-preserve-the-product,pl,missing,needs_review,missing
/uk/blog/how-to-make-ai-preserve-the-product,uk,missing,needs_review,missing
/hi/blog/how-to-make-ai-preserve-the-product,hi,missing,needs_review,missing
/id/blog/how-to-make-ai-preserve-the-product,id,missing,needs_review,missing
/vi/blog/how-to-make-ai-preserve-the-product,vi,missing,needs_review,missing
/zh/blog/how-to-make-ai-preserve-the-product,zh,missing,needs_review,missing
/ru/blog/how-to-check-that-ai-did-not-change-the-product,ru,missing,draft,missing
/en/blog/how-to-check-that-ai-did-not-change-the-product,en,missing,draft,missing
/kk/blog/how-to-check-that-ai-did-not-change-the-product,kk,missing,needs_review,missing
/ky/blog/how-to-check-that-ai-did-not-change-the-product,ky,missing,needs_review,missing
/uz/blog/how-to-check-that-ai-did-not-change-the-product,uz,missing,needs_review,missing
/tg/blog/how-to-check-that-ai-did-not-change-the-product,tg,missing,needs_review,missing
/tr/blog/how-to-check-that-ai-did-not-change-the-product,tr,missing,needs_review,missing
/az/blog/how-to-check-that-ai-did-not-change-the-product,az,missing,needs_review,missing
/ar/blog/how-to-check-that-ai-did-not-change-the-product,ar,missing,needs_review,missing
/es/blog/how-to-check-that-ai-did-not-change-the-product,es,missing,needs_review,missing
/pt/blog/how-to-check-that-ai-did-not-change-the-product,pt,missing,needs_review,missing
/fr/blog/how-to-check-that-ai-did-not-change-the-product,fr,missing,needs_review,missing
/de/blog/how-to-check-that-ai-did-not-change-the-product,de,missing,needs_review,missing
/it/blog/how-to-check-that-ai-did-not-change-the-product,it,missing,needs_review,missing
/pl/blog/how-to-check-that-ai-did-not-change-the-product,pl,missing,needs_review,missing
/uk/blog/how-to-check-that-ai-did-not-change-the-product,uk,missing,needs_review,missing
/hi/blog/how-to-check-that-ai-did-not-change-the-product,hi,missing,needs_review,missing
/id/blog/how-to-check-that-ai-did-not-change-the-product,id,missing,needs_review,missing
/vi/blog/how-to-check-that-ai-did-not-change-the-product,vi,missing,needs_review,missing
/zh/blog/how-to-check-that-ai-did-not-change-the-product,zh,missing,needs_review,missing
/ru/blog/how-to-use-vitrina-ai-studio-for-a-store-content-plan,ru,missing,draft,missing
/en/blog/how-to-use-vitrina-ai-studio-for-a-store-content-plan,en,missing,draft,missing
/kk/blog/how-to-use-vitrina-ai-studio-for-a-store-content-plan,kk,missing,needs_review,missing
/ky/blog/how-to-use-vitrina-ai-studio-for-a-store-content-plan,ky,missing,needs_review,missing
/uz/blog/how-to-use-vitrina-ai-studio-for-a-store-content-plan,uz,missing,needs_review,missing
/tg/blog/how-to-use-vitrina-ai-studio-for-a-store-content-plan,tg,missing,needs_review,missing
/tr/blog/how-to-use-vitrina-ai-studio-for-a-store-content-plan,tr,missing,needs_review,missing
/az/blog/how-to-use-vitrina-ai-studio-for-a-store-content-plan,az,missing,needs_review,missing
/ar/blog/how-to-use-vitrina-ai-studio-for-a-store-content-plan,ar,missing,needs_review,missing
/es/blog/how-to-use-vitrina-ai-studio-for-a-store-content-plan,es,missing,needs_review,missing
/pt/blog/how-to-use-vitrina-ai-studio-for-a-store-content-plan,pt,missing,needs_review,missing
/fr/blog/how-to-use-vitrina-ai-studio-for-a-store-content-plan,fr,missing,needs_review,missing
/de/blog/how-to-use-vitrina-ai-studio-for-a-store-content-plan,de,missing,needs_review,missing
/it/blog/how-to-use-vitrina-ai-studio-for-a-store-content-plan,it,missing,needs_review,missing
/pl/blog/how-to-use-vitrina-ai-studio-for-a-store-content-plan,pl,missing,needs_review,missing
/uk/blog/how-to-use-vitrina-ai-studio-for-a-store-content-plan,uk,missing,needs_review,missing
/hi/blog/how-to-use-vitrina-ai-studio-for-a-store-content-plan,hi,missing,needs_review,missing
/id/blog/how-to-use-vitrina-ai-studio-for-a-store-content-plan,id,missing,needs_review,missing
/vi/blog/how-to-use-vitrina-ai-studio-for-a-store-content-plan,vi,missing,needs_review,missing
/zh/blog/how-to-use-vitrina-ai-studio-for-a-store-content-plan,zh,missing,needs_review,missing