slug,locale,topic_cluster,primary_keyword,secondary_keywords,target_intent,title,h1,word_count,translation_status,needs_generation,needs_translation,needs_seo_rewrite,target_pages_to_link,priority
ai-foto-tovarov-dlya-marketpleysov,ru,AI product photography basics,ai фото товаров для маркетплейсов,фото товара для маркетплейса; сделать карточку товара; фото товара на белом фоне,informational,AI-фото товаров для маркетплейсов: что это и где помогает продавцу,AI-фото товаров для маркетплейсов: что это и где помогает продавцу,237,published,no,no,yes,exact-product-card,P0
what-is-ai-product-photography,en,AI product photography basics,AI product photos for marketplaces,product photo for marketplace; marketplace product photography; white background product photo,informational,AI product photos for marketplaces: what they are and where they help,AI product photos for marketplaces: what they are and where they help,247,published,no,no,yes,exact-product-card,P0
what-is-ai-product-photography,kk,AI product photography basics,,,informational,,,0,needs_review,no,yes,yes,exact-product-card,P0
what-is-ai-product-photography,ky,AI product photography basics,,,informational,,,0,needs_review,no,yes,yes,exact-product-card,P0
what-is-ai-product-photography,uz,AI product photography basics,,,informational,,,0,needs_review,no,yes,yes,exact-product-card,P0
what-is-ai-product-photography,tg,AI product photography basics,,,informational,,,0,needs_review,no,yes,yes,exact-product-card,P0
what-is-ai-product-photography,tr,AI product photography basics,,,informational,,,0,needs_review,no,yes,yes,exact-product-card,P0
what-is-ai-product-photography,az,AI product photography basics,,,informational,,,0,needs_review,no,yes,yes,exact-product-card,P0
what-is-ai-product-photography,ar,AI product photography basics,,,informational,,,0,needs_review,no,yes,yes,exact-product-card,P0
what-is-ai-product-photography,es,AI product photography basics,,,informational,,,0,needs_review,no,yes,yes,exact-product-card,P0
what-is-ai-product-photography,pt,AI product photography basics,,,informational,,,0,needs_review,no,yes,yes,exact-product-card,P0
what-is-ai-product-photography,fr,AI product photography basics,,,informational,,,0,needs_review,no,yes,yes,exact-product-card,P0
what-is-ai-product-photography,de,AI product photography basics,,,informational,,,0,needs_review,no,yes,yes,exact-product-card,P0
what-is-ai-product-photography,it,AI product photography basics,,,informational,,,0,needs_review,no,yes,yes,exact-product-card,P0
what-is-ai-product-photography,pl,AI product photography basics,,,informational,,,0,needs_review,no,yes,yes,exact-product-card,P0
what-is-ai-product-photography,uk,AI product photography basics,,,informational,,,0,needs_review,no,yes,yes,exact-product-card,P0
what-is-ai-product-photography,hi,AI product photography basics,,,informational,,,0,needs_review,no,yes,yes,exact-product-card,P0
what-is-ai-product-photography,id,AI product photography basics,,,informational,,,0,needs_review,no,yes,yes,exact-product-card,P0
what-is-ai-product-photography,vi,AI product photography basics,,,informational,,,0,needs_review,no,yes,yes,exact-product-card,P0
what-is-ai-product-photography,zh,AI product photography basics,,,informational,,,0,needs_review,no,yes,yes,exact-product-card,P0
kak-sdelat-foto-tovara-dlya-marketpleysa,ru,AI product photography basics,как сделать фото товара для маркетплейса,товарное фото; карточка товара; AI для маркетплейса,how-to,Как сделать фото товара для маркетплейса: базовый workflow,Как сделать фото товара для маркетплейса: базовый workflow,163,published,no,no,yes,exact-product-card;marketplace-white-background,P1
how-to-create-product-photos-for-a-marketplace,en,AI product photography basics,how to create product photos for a marketplace,product photography; marketplace listing image; AI ecommerce photo,how-to,How to create product photos for a marketplace: a practical workflow,How to create product photos for a marketplace: a practical workflow,181,published,no,no,yes,exact-product-card;marketplace-white-background,P1
how-to-create-product-photos-for-a-marketplace,kk,AI product photography basics,,,how-to,,,0,needs_review,no,yes,yes,exact-product-card;marketplace-white-background,P1
how-to-create-product-photos-for-a-marketplace,ky,AI product photography basics,,,how-to,,,0,needs_review,no,yes,yes,exact-product-card;marketplace-white-background,P1
how-to-create-product-photos-for-a-marketplace,uz,AI product photography basics,,,how-to,,,0,needs_review,no,yes,yes,exact-product-card;marketplace-white-background,P1
how-to-create-product-photos-for-a-marketplace,tg,AI product photography basics,,,how-to,,,0,needs_review,no,yes,yes,exact-product-card;marketplace-white-background,P1
how-to-create-product-photos-for-a-marketplace,tr,AI product photography basics,,,how-to,,,0,needs_review,no,yes,yes,exact-product-card;marketplace-white-background,P1
how-to-create-product-photos-for-a-marketplace,az,AI product photography basics,,,how-to,,,0,needs_review,no,yes,yes,exact-product-card;marketplace-white-background,P1
how-to-create-product-photos-for-a-marketplace,ar,AI product photography basics,,,how-to,,,0,needs_review,no,yes,yes,exact-product-card;marketplace-white-background,P1
how-to-create-product-photos-for-a-marketplace,es,AI product photography basics,,,how-to,,,0,needs_review,no,yes,yes,exact-product-card;marketplace-white-background,P1
how-to-create-product-photos-for-a-marketplace,pt,AI product photography basics,,,how-to,,,0,needs_review,no,yes,yes,exact-product-card;marketplace-white-background,P1
how-to-create-product-photos-for-a-marketplace,fr,AI product photography basics,,,how-to,,,0,needs_review,no,yes,yes,exact-product-card;marketplace-white-background,P1
how-to-create-product-photos-for-a-marketplace,de,AI product photography basics,,,how-to,,,0,needs_review,no,yes,yes,exact-product-card;marketplace-white-background,P1
how-to-create-product-photos-for-a-marketplace,it,AI product photography basics,,,how-to,,,0,needs_review,no,yes,yes,exact-product-card;marketplace-white-background,P1
how-to-create-product-photos-for-a-marketplace,pl,AI product photography basics,,,how-to,,,0,needs_review,no,yes,yes,exact-product-card;marketplace-white-background,P1
how-to-create-product-photos-for-a-marketplace,uk,AI product photography basics,,,how-to,,,0,needs_review,no,yes,yes,exact-product-card;marketplace-white-background,P1
how-to-create-product-photos-for-a-marketplace,hi,AI product photography basics,,,how-to,,,0,needs_review,no,yes,yes,exact-product-card;marketplace-white-background,P1
how-to-create-product-photos-for-a-marketplace,id,AI product photography basics,,,how-to,,,0,needs_review,no,yes,yes,exact-product-card;marketplace-white-background,P1
how-to-create-product-photos-for-a-marketplace,vi,AI product photography basics,,,how-to,,,0,needs_review,no,yes,yes,exact-product-card;marketplace-white-background,P1
how-to-create-product-photos-for-a-marketplace,zh,AI product photography basics,,,how-to,,,0,needs_review,no,yes,yes,exact-product-card;marketplace-white-background,P1
kak-sdelat-belyy-fon-dlya-tovara,ru,AI product photography basics,как сделать белый фон для товара,удалить фон товара; фото товара на белом фоне; карточка товара белый фон,how-to,Как сделать белый фон для товара и не потерять детали,Как сделать белый фон для товара и не потерять детали,150,published,no,no,yes,marketplace-white-background,P0
how-to-make-a-white-background-for-a-product,en,AI product photography basics,how to make a white background for a product,remove product background; white background product photo; product card white background,how-to,How to make a white background for a product without losing detail,How to make a white background for a product without losing detail,163,published,no,no,yes,marketplace-white-background,P0
how-to-make-a-white-background-for-a-product,kk,AI product photography basics,,,how-to,,,0,needs_review,no,yes,yes,marketplace-white-background,P0
how-to-make-a-white-background-for-a-product,ky,AI product photography basics,,,how-to,,,0,needs_review,no,yes,yes,marketplace-white-background,P0
how-to-make-a-white-background-for-a-product,uz,AI product photography basics,,,how-to,,,0,needs_review,no,yes,yes,marketplace-white-background,P0
how-to-make-a-white-background-for-a-product,tg,AI product photography basics,,,how-to,,,0,needs_review,no,yes,yes,marketplace-white-background,P0
how-to-make-a-white-background-for-a-product,tr,AI product photography basics,,,how-to,,,0,needs_review,no,yes,yes,marketplace-white-background,P0
how-to-make-a-white-background-for-a-product,az,AI product photography basics,,,how-to,,,0,needs_review,no,yes,yes,marketplace-white-background,P0
how-to-make-a-white-background-for-a-product,ar,AI product photography basics,,,how-to,,,0,needs_review,no,yes,yes,marketplace-white-background,P0
how-to-make-a-white-background-for-a-product,es,AI product photography basics,,,how-to,,,0,needs_review,no,yes,yes,marketplace-white-background,P0
how-to-make-a-white-background-for-a-product,pt,AI product photography basics,,,how-to,,,0,needs_review,no,yes,yes,marketplace-white-background,P0
how-to-make-a-white-background-for-a-product,fr,AI product photography basics,,,how-to,,,0,needs_review,no,yes,yes,marketplace-white-background,P0
how-to-make-a-white-background-for-a-product,de,AI product photography basics,,,how-to,,,0,needs_review,no,yes,yes,marketplace-white-background,P0
how-to-make-a-white-background-for-a-product,it,AI product photography basics,,,how-to,,,0,needs_review,no,yes,yes,marketplace-white-background,P0
how-to-make-a-white-background-for-a-product,pl,AI product photography basics,,,how-to,,,0,needs_review,no,yes,yes,marketplace-white-background,P0
how-to-make-a-white-background-for-a-product,uk,AI product photography basics,,,how-to,,,0,needs_review,no,yes,yes,marketplace-white-background,P0
how-to-make-a-white-background-for-a-product,hi,AI product photography basics,,,how-to,,,0,needs_review,no,yes,yes,marketplace-white-background,P0
how-to-make-a-white-background-for-a-product,id,AI product photography basics,,,how-to,,,0,needs_review,no,yes,yes,marketplace-white-background,P0
how-to-make-a-white-background-for-a-product,vi,AI product photography basics,,,how-to,,,0,needs_review,no,yes,yes,marketplace-white-background,P0
how-to-make-a-white-background-for-a-product,zh,AI product photography basics,,,how-to,,,0,needs_review,no,yes,yes,marketplace-white-background,P0
how-to-improve-product-photos-without-a-photographer,ru,AI product photography basics,как улучшить фото товара без фотографа,товарное фото; карточка товара; AI для маркетплейса,how-to,Как улучшить фото товара без фотографа,Как улучшить фото товара без фотографа,0,draft,yes,no,yes,product-photo-cleanup,P1
how-to-improve-product-photos-without-a-photographer,en,AI product photography basics,how to improve product photos without a photographer,product photography; marketplace listing image; AI ecommerce photo,how-to,How to improve product photos without a photographer,How to improve product photos without a photographer,0,draft,yes,no,yes,product-photo-cleanup,P1
how-to-improve-product-photos-without-a-photographer,kk,AI product photography basics,,,how-to,,,0,needs_review,no,yes,yes,product-photo-cleanup,P1
how-to-improve-product-photos-without-a-photographer,ky,AI product photography basics,,,how-to,,,0,needs_review,no,yes,yes,product-photo-cleanup,P1
how-to-improve-product-photos-without-a-photographer,uz,AI product photography basics,,,how-to,,,0,needs_review,no,yes,yes,product-photo-cleanup,P1
how-to-improve-product-photos-without-a-photographer,tg,AI product photography basics,,,how-to,,,0,needs_review,no,yes,yes,product-photo-cleanup,P1
how-to-improve-product-photos-without-a-photographer,tr,AI product photography basics,,,how-to,,,0,needs_review,no,yes,yes,product-photo-cleanup,P1
how-to-improve-product-photos-without-a-photographer,az,AI product photography basics,,,how-to,,,0,needs_review,no,yes,yes,product-photo-cleanup,P1
how-to-improve-product-photos-without-a-photographer,ar,AI product photography basics,,,how-to,,,0,needs_review,no,yes,yes,product-photo-cleanup,P1
how-to-improve-product-photos-without-a-photographer,es,AI product photography basics,,,how-to,,,0,needs_review,no,yes,yes,product-photo-cleanup,P1
how-to-improve-product-photos-without-a-photographer,pt,AI product photography basics,,,how-to,,,0,needs_review,no,yes,yes,product-photo-cleanup,P1
how-to-improve-product-photos-without-a-photographer,fr,AI product photography basics,,,how-to,,,0,needs_review,no,yes,yes,product-photo-cleanup,P1
how-to-improve-product-photos-without-a-photographer,de,AI product photography basics,,,how-to,,,0,needs_review,no,yes,yes,product-photo-cleanup,P1
how-to-improve-product-photos-without-a-photographer,it,AI product photography basics,,,how-to,,,0,needs_review,no,yes,yes,product-photo-cleanup,P1
how-to-improve-product-photos-without-a-photographer,pl,AI product photography basics,,,how-to,,,0,needs_review,no,yes,yes,product-photo-cleanup,P1
how-to-improve-product-photos-without-a-photographer,uk,AI product photography basics,,,how-to,,,0,needs_review,no,yes,yes,product-photo-cleanup,P1
how-to-improve-product-photos-without-a-photographer,hi,AI product photography basics,,,how-to,,,0,needs_review,no,yes,yes,product-photo-cleanup,P1
how-to-improve-product-photos-without-a-photographer,id,AI product photography basics,,,how-to,,,0,needs_review,no,yes,yes,product-photo-cleanup,P1
how-to-improve-product-photos-without-a-photographer,vi,AI product photography basics,,,how-to,,,0,needs_review,no,yes,yes,product-photo-cleanup,P1
how-to-improve-product-photos-without-a-photographer,zh,AI product photography basics,,,how-to,,,0,needs_review,no,yes,yes,product-photo-cleanup,P1
how-to-make-a-product-card-from-a-regular-photo,ru,AI product photography basics,как сделать карточку товара из обычного фото,товарное фото; карточка товара; AI для маркетплейса,how-to,Как сделать карточку товара из обычного фото,Как сделать карточку товара из обычного фото,0,draft,yes,no,yes,exact-product-card,P1
how-to-make-a-product-card-from-a-regular-photo,en,AI product photography basics,how to make a product card from a regular photo,product photography; marketplace listing image; AI ecommerce photo,how-to,How to make a product card from a regular photo,How to make a product card from a regular photo,0,draft,yes,no,yes,exact-product-card,P1
how-to-make-a-product-card-from-a-regular-photo,kk,AI product photography basics,,,how-to,,,0,needs_review,no,yes,yes,exact-product-card,P1
how-to-make-a-product-card-from-a-regular-photo,ky,AI product photography basics,,,how-to,,,0,needs_review,no,yes,yes,exact-product-card,P1
how-to-make-a-product-card-from-a-regular-photo,uz,AI product photography basics,,,how-to,,,0,needs_review,no,yes,yes,exact-product-card,P1
how-to-make-a-product-card-from-a-regular-photo,tg,AI product photography basics,,,how-to,,,0,needs_review,no,yes,yes,exact-product-card,P1
how-to-make-a-product-card-from-a-regular-photo,tr,AI product photography basics,,,how-to,,,0,needs_review,no,yes,yes,exact-product-card,P1
how-to-make-a-product-card-from-a-regular-photo,az,AI product photography basics,,,how-to,,,0,needs_review,no,yes,yes,exact-product-card,P1
how-to-make-a-product-card-from-a-regular-photo,ar,AI product photography basics,,,how-to,,,0,needs_review,no,yes,yes,exact-product-card,P1
how-to-make-a-product-card-from-a-regular-photo,es,AI product photography basics,,,how-to,,,0,needs_review,no,yes,yes,exact-product-card,P1
how-to-make-a-product-card-from-a-regular-photo,pt,AI product photography basics,,,how-to,,,0,needs_review,no,yes,yes,exact-product-card,P1
how-to-make-a-product-card-from-a-regular-photo,fr,AI product photography basics,,,how-to,,,0,needs_review,no,yes,yes,exact-product-card,P1
how-to-make-a-product-card-from-a-regular-photo,de,AI product photography basics,,,how-to,,,0,needs_review,no,yes,yes,exact-product-card,P1
how-to-make-a-product-card-from-a-regular-photo,it,AI product photography basics,,,how-to,,,0,needs_review,no,yes,yes,exact-product-card,P1
how-to-make-a-product-card-from-a-regular-photo,pl,AI product photography basics,,,how-to,,,0,needs_review,no,yes,yes,exact-product-card,P1
how-to-make-a-product-card-from-a-regular-photo,uk,AI product photography basics,,,how-to,,,0,needs_review,no,yes,yes,exact-product-card,P1
how-to-make-a-product-card-from-a-regular-photo,hi,AI product photography basics,,,how-to,,,0,needs_review,no,yes,yes,exact-product-card,P1
how-to-make-a-product-card-from-a-regular-photo,id,AI product photography basics,,,how-to,,,0,needs_review,no,yes,yes,exact-product-card,P1
how-to-make-a-product-card-from-a-regular-photo,vi,AI product photography basics,,,how-to,,,0,needs_review,no,yes,yes,exact-product-card,P1
how-to-make-a-product-card-from-a-regular-photo,zh,AI product photography basics,,,how-to,,,0,needs_review,no,yes,yes,exact-product-card,P1
how-ai-helps-marketplace-sellers,ru,AI product photography basics,как ai помогает продавцам маркетплейсов,товарное фото; карточка товара; AI для маркетплейса,informational,Как AI помогает продавцам маркетплейсов,Как AI помогает продавцам маркетплейсов,0,draft,yes,no,yes,ecommerce-catalog-photos,P1
how-ai-helps-marketplace-sellers,en,AI product photography basics,how ai helps marketplace sellers,product photography; marketplace listing image; AI ecommerce photo,informational,How AI helps marketplace sellers,How AI helps marketplace sellers,0,draft,yes,no,yes,ecommerce-catalog-photos,P1
how-ai-helps-marketplace-sellers,kk,AI product photography basics,,,informational,,,0,needs_review,no,yes,yes,ecommerce-catalog-photos,P1
how-ai-helps-marketplace-sellers,ky,AI product photography basics,,,informational,,,0,needs_review,no,yes,yes,ecommerce-catalog-photos,P1
how-ai-helps-marketplace-sellers,uz,AI product photography basics,,,informational,,,0,needs_review,no,yes,yes,ecommerce-catalog-photos,P1
how-ai-helps-marketplace-sellers,tg,AI product photography basics,,,informational,,,0,needs_review,no,yes,yes,ecommerce-catalog-photos,P1
how-ai-helps-marketplace-sellers,tr,AI product photography basics,,,informational,,,0,needs_review,no,yes,yes,ecommerce-catalog-photos,P1
how-ai-helps-marketplace-sellers,az,AI product photography basics,,,informational,,,0,needs_review,no,yes,yes,ecommerce-catalog-photos,P1
how-ai-helps-marketplace-sellers,ar,AI product photography basics,,,informational,,,0,needs_review,no,yes,yes,ecommerce-catalog-photos,P1
how-ai-helps-marketplace-sellers,es,AI product photography basics,,,informational,,,0,needs_review,no,yes,yes,ecommerce-catalog-photos,P1
how-ai-helps-marketplace-sellers,pt,AI product photography basics,,,informational,,,0,needs_review,no,yes,yes,ecommerce-catalog-photos,P1
how-ai-helps-marketplace-sellers,fr,AI product photography basics,,,informational,,,0,needs_review,no,yes,yes,ecommerce-catalog-photos,P1
how-ai-helps-marketplace-sellers,de,AI product photography basics,,,informational,,,0,needs_review,no,yes,yes,ecommerce-catalog-photos,P1
how-ai-helps-marketplace-sellers,it,AI product photography basics,,,informational,,,0,needs_review,no,yes,yes,ecommerce-catalog-photos,P1
how-ai-helps-marketplace-sellers,pl,AI product photography basics,,,informational,,,0,needs_review,no,yes,yes,ecommerce-catalog-photos,P1
how-ai-helps-marketplace-sellers,uk,AI product photography basics,,,informational,,,0,needs_review,no,yes,yes,ecommerce-catalog-photos,P1
how-ai-helps-marketplace-sellers,hi,AI product photography basics,,,informational,,,0,needs_review,no,yes,yes,ecommerce-catalog-photos,P1
how-ai-helps-marketplace-sellers,id,AI product photography basics,,,informational,,,0,needs_review,no,yes,yes,ecommerce-catalog-photos,P1
how-ai-helps-marketplace-sellers,vi,AI product photography basics,,,informational,,,0,needs_review,no,yes,yes,ecommerce-catalog-photos,P1
how-ai-helps-marketplace-sellers,zh,AI product photography basics,,,informational,,,0,needs_review,no,yes,yes,ecommerce-catalog-photos,P1
product-photo-mistakes-that-hurt-sales,ru,AI product photography basics,"ошибки в товарных фото, которые снижают продажи",товарное фото; карточка товара; AI для маркетплейса,informational,"Ошибки в товарных фото, которые снижают продажи","Ошибки в товарных фото, которые снижают продажи",0,draft,yes,no,yes,exact-product-card,P1
product-photo-mistakes-that-hurt-sales,en,AI product photography basics,product photo mistakes that hurt sales,product photography; marketplace listing image; AI ecommerce photo,informational,Product photo mistakes that hurt sales,Product photo mistakes that hurt sales,0,draft,yes,no,yes,exact-product-card,P1
product-photo-mistakes-that-hurt-sales,kk,AI product photography basics,,,informational,,,0,needs_review,no,yes,yes,exact-product-card,P1
product-photo-mistakes-that-hurt-sales,ky,AI product photography basics,,,informational,,,0,needs_review,no,yes,yes,exact-product-card,P1
product-photo-mistakes-that-hurt-sales,uz,AI product photography basics,,,informational,,,0,needs_review,no,yes,yes,exact-product-card,P1
product-photo-mistakes-that-hurt-sales,tg,AI product photography basics,,,informational,,,0,needs_review,no,yes,yes,exact-product-card,P1
product-photo-mistakes-that-hurt-sales,tr,AI product photography basics,,,informational,,,0,needs_review,no,yes,yes,exact-product-card,P1
product-photo-mistakes-that-hurt-sales,az,AI product photography basics,,,informational,,,0,needs_review,no,yes,yes,exact-product-card,P1
product-photo-mistakes-that-hurt-sales,ar,AI product photography basics,,,informational,,,0,needs_review,no,yes,yes,exact-product-card,P1
product-photo-mistakes-that-hurt-sales,es,AI product photography basics,,,informational,,,0,needs_review,no,yes,yes,exact-product-card,P1
product-photo-mistakes-that-hurt-sales,pt,AI product photography basics,,,informational,,,0,needs_review,no,yes,yes,exact-product-card,P1
product-photo-mistakes-that-hurt-sales,fr,AI product photography basics,,,informational,,,0,needs_review,no,yes,yes,exact-product-card,P1
product-photo-mistakes-that-hurt-sales,de,AI product photography basics,,,informational,,,0,needs_review,no,yes,yes,exact-product-card,P1
product-photo-mistakes-that-hurt-sales,it,AI product photography basics,,,informational,,,0,needs_review,no,yes,yes,exact-product-card,P1
product-photo-mistakes-that-hurt-sales,pl,AI product photography basics,,,informational,,,0,needs_review,no,yes,yes,exact-product-card,P1
product-photo-mistakes-that-hurt-sales,uk,AI product photography basics,,,informational,,,0,needs_review,no,yes,yes,exact-product-card,P1
product-photo-mistakes-that-hurt-sales,hi,AI product photography basics,,,informational,,,0,needs_review,no,yes,yes,exact-product-card,P1
product-photo-mistakes-that-hurt-sales,id,AI product photography basics,,,informational,,,0,needs_review,no,yes,yes,exact-product-card,P1
product-photo-mistakes-that-hurt-sales,vi,AI product photography basics,,,informational,,,0,needs_review,no,yes,yes,exact-product-card,P1
product-photo-mistakes-that-hurt-sales,zh,AI product photography basics,,,informational,,,0,needs_review,no,yes,yes,exact-product-card,P1
kak-proverit-ai-foto-pered-publikatsiey,ru,AI product photography basics,как проверить ai-фото перед публикацией,товарное фото; карточка товара; AI для маркетплейса,how-to,Как проверить AI-фото перед публикацией,Как проверить AI-фото перед публикацией,139,published,no,no,yes,exact-product-card,P1
how-to-review-ai-product-photos-before-publishing,en,AI product photography basics,how to review ai product photos before publishing,product photography; marketplace listing image; AI ecommerce photo,how-to,How to review AI product photos before publishing,How to review AI product photos before publishing,146,published,no,no,yes,exact-product-card,P1
how-to-review-ai-product-photos-before-publishing,kk,AI product photography basics,,,how-to,,,0,needs_review,no,yes,yes,exact-product-card,P1
how-to-review-ai-product-photos-before-publishing,ky,AI product photography basics,,,how-to,,,0,needs_review,no,yes,yes,exact-product-card,P1
how-to-review-ai-product-photos-before-publishing,uz,AI product photography basics,,,how-to,,,0,needs_review,no,yes,yes,exact-product-card,P1
how-to-review-ai-product-photos-before-publishing,tg,AI product photography basics,,,how-to,,,0,needs_review,no,yes,yes,exact-product-card,P1
how-to-review-ai-product-photos-before-publishing,tr,AI product photography basics,,,how-to,,,0,needs_review,no,yes,yes,exact-product-card,P1
how-to-review-ai-product-photos-before-publishing,az,AI product photography basics,,,how-to,,,0,needs_review,no,yes,yes,exact-product-card,P1
how-to-review-ai-product-photos-before-publishing,ar,AI product photography basics,,,how-to,,,0,needs_review,no,yes,yes,exact-product-card,P1
how-to-review-ai-product-photos-before-publishing,es,AI product photography basics,,,how-to,,,0,needs_review,no,yes,yes,exact-product-card,P1
how-to-review-ai-product-photos-before-publishing,pt,AI product photography basics,,,how-to,,,0,needs_review,no,yes,yes,exact-product-card,P1
how-to-review-ai-product-photos-before-publishing,fr,AI product photography basics,,,how-to,,,0,needs_review,no,yes,yes,exact-product-card,P1
how-to-review-ai-product-photos-before-publishing,de,AI product photography basics,,,how-to,,,0,needs_review,no,yes,yes,exact-product-card,P1
how-to-review-ai-product-photos-before-publishing,it,AI product photography basics,,,how-to,,,0,needs_review,no,yes,yes,exact-product-card,P1
how-to-review-ai-product-photos-before-publishing,pl,AI product photography basics,,,how-to,,,0,needs_review,no,yes,yes,exact-product-card,P1
how-to-review-ai-product-photos-before-publishing,uk,AI product photography basics,,,how-to,,,0,needs_review,no,yes,yes,exact-product-card,P1
how-to-review-ai-product-photos-before-publishing,hi,AI product photography basics,,,how-to,,,0,needs_review,no,yes,yes,exact-product-card,P1
how-to-review-ai-product-photos-before-publishing,id,AI product photography basics,,,how-to,,,0,needs_review,no,yes,yes,exact-product-card,P1
how-to-review-ai-product-photos-before-publishing,vi,AI product photography basics,,,how-to,,,0,needs_review,no,yes,yes,exact-product-card,P1
how-to-review-ai-product-photos-before-publishing,zh,AI product photography basics,,,how-to,,,0,needs_review,no,yes,yes,exact-product-card,P1
why-ai-can-change-a-product-and-how-to-reduce-it,ru,AI product photography basics,почему ai может менять товар и как этого избежать,товарное фото; карточка товара; AI для маркетплейса,informational,Почему AI может менять товар и как этого избежать,Почему AI может менять товар и как этого избежать,0,draft,yes,no,yes,exact-product-card,P1
why-ai-can-change-a-product-and-how-to-reduce-it,en,AI product photography basics,why ai can change a product and how to reduce it,product photography; marketplace listing image; AI ecommerce photo,informational,Why AI can change a product and how to reduce it,Why AI can change a product and how to reduce it,0,draft,yes,no,yes,exact-product-card,P1
why-ai-can-change-a-product-and-how-to-reduce-it,kk,AI product photography basics,,,informational,,,0,needs_review,no,yes,yes,exact-product-card,P1
why-ai-can-change-a-product-and-how-to-reduce-it,ky,AI product photography basics,,,informational,,,0,needs_review,no,yes,yes,exact-product-card,P1
why-ai-can-change-a-product-and-how-to-reduce-it,uz,AI product photography basics,,,informational,,,0,needs_review,no,yes,yes,exact-product-card,P1
why-ai-can-change-a-product-and-how-to-reduce-it,tg,AI product photography basics,,,informational,,,0,needs_review,no,yes,yes,exact-product-card,P1
why-ai-can-change-a-product-and-how-to-reduce-it,tr,AI product photography basics,,,informational,,,0,needs_review,no,yes,yes,exact-product-card,P1
why-ai-can-change-a-product-and-how-to-reduce-it,az,AI product photography basics,,,informational,,,0,needs_review,no,yes,yes,exact-product-card,P1
why-ai-can-change-a-product-and-how-to-reduce-it,ar,AI product photography basics,,,informational,,,0,needs_review,no,yes,yes,exact-product-card,P1
why-ai-can-change-a-product-and-how-to-reduce-it,es,AI product photography basics,,,informational,,,0,needs_review,no,yes,yes,exact-product-card,P1
why-ai-can-change-a-product-and-how-to-reduce-it,pt,AI product photography basics,,,informational,,,0,needs_review,no,yes,yes,exact-product-card,P1
why-ai-can-change-a-product-and-how-to-reduce-it,fr,AI product photography basics,,,informational,,,0,needs_review,no,yes,yes,exact-product-card,P1
why-ai-can-change-a-product-and-how-to-reduce-it,de,AI product photography basics,,,informational,,,0,needs_review,no,yes,yes,exact-product-card,P1
why-ai-can-change-a-product-and-how-to-reduce-it,it,AI product photography basics,,,informational,,,0,needs_review,no,yes,yes,exact-product-card,P1
why-ai-can-change-a-product-and-how-to-reduce-it,pl,AI product photography basics,,,informational,,,0,needs_review,no,yes,yes,exact-product-card,P1
why-ai-can-change-a-product-and-how-to-reduce-it,uk,AI product photography basics,,,informational,,,0,needs_review,no,yes,yes,exact-product-card,P1
why-ai-can-change-a-product-and-how-to-reduce-it,hi,AI product photography basics,,,informational,,,0,needs_review,no,yes,yes,exact-product-card,P1
why-ai-can-change-a-product-and-how-to-reduce-it,id,AI product photography basics,,,informational,,,0,needs_review,no,yes,yes,exact-product-card,P1
why-ai-can-change-a-product-and-how-to-reduce-it,vi,AI product photography basics,,,informational,,,0,needs_review,no,yes,yes,exact-product-card,P1
why-ai-can-change-a-product-and-how-to-reduce-it,zh,AI product photography basics,,,informational,,,0,needs_review,no,yes,yes,exact-product-card,P1
how-to-preserve-product-color-and-shape-in-ai-photos,ru,AI product photography basics,как сохранить цвет и форму товара в ai-фото,товарное фото; карточка товара; AI для маркетплейса,how-to,Как сохранить цвет и форму товара в AI-фото,Как сохранить цвет и форму товара в AI-фото,0,draft,yes,no,yes,exact-product-card,P1
how-to-preserve-product-color-and-shape-in-ai-photos,en,AI product photography basics,how to preserve product color and shape in ai photos,product photography; marketplace listing image; AI ecommerce photo,how-to,How to preserve product color and shape in AI photos,How to preserve product color and shape in AI photos,0,draft,yes,no,yes,exact-product-card,P1
how-to-preserve-product-color-and-shape-in-ai-photos,kk,AI product photography basics,,,how-to,,,0,needs_review,no,yes,yes,exact-product-card,P1
how-to-preserve-product-color-and-shape-in-ai-photos,ky,AI product photography basics,,,how-to,,,0,needs_review,no,yes,yes,exact-product-card,P1
how-to-preserve-product-color-and-shape-in-ai-photos,uz,AI product photography basics,,,how-to,,,0,needs_review,no,yes,yes,exact-product-card,P1
how-to-preserve-product-color-and-shape-in-ai-photos,tg,AI product photography basics,,,how-to,,,0,needs_review,no,yes,yes,exact-product-card,P1
how-to-preserve-product-color-and-shape-in-ai-photos,tr,AI product photography basics,,,how-to,,,0,needs_review,no,yes,yes,exact-product-card,P1
how-to-preserve-product-color-and-shape-in-ai-photos,az,AI product photography basics,,,how-to,,,0,needs_review,no,yes,yes,exact-product-card,P1
how-to-preserve-product-color-and-shape-in-ai-photos,ar,AI product photography basics,,,how-to,,,0,needs_review,no,yes,yes,exact-product-card,P1
how-to-preserve-product-color-and-shape-in-ai-photos,es,AI product photography basics,,,how-to,,,0,needs_review,no,yes,yes,exact-product-card,P1
how-to-preserve-product-color-and-shape-in-ai-photos,pt,AI product photography basics,,,how-to,,,0,needs_review,no,yes,yes,exact-product-card,P1
how-to-preserve-product-color-and-shape-in-ai-photos,fr,AI product photography basics,,,how-to,,,0,needs_review,no,yes,yes,exact-product-card,P1
how-to-preserve-product-color-and-shape-in-ai-photos,de,AI product photography basics,,,how-to,,,0,needs_review,no,yes,yes,exact-product-card,P1
how-to-preserve-product-color-and-shape-in-ai-photos,it,AI product photography basics,,,how-to,,,0,needs_review,no,yes,yes,exact-product-card,P1
how-to-preserve-product-color-and-shape-in-ai-photos,pl,AI product photography basics,,,how-to,,,0,needs_review,no,yes,yes,exact-product-card,P1
how-to-preserve-product-color-and-shape-in-ai-photos,uk,AI product photography basics,,,how-to,,,0,needs_review,no,yes,yes,exact-product-card,P1
how-to-preserve-product-color-and-shape-in-ai-photos,hi,AI product photography basics,,,how-to,,,0,needs_review,no,yes,yes,exact-product-card,P1
how-to-preserve-product-color-and-shape-in-ai-photos,id,AI product photography basics,,,how-to,,,0,needs_review,no,yes,yes,exact-product-card,P1
how-to-preserve-product-color-and-shape-in-ai-photos,vi,AI product photography basics,,,how-to,,,0,needs_review,no,yes,yes,exact-product-card,P1
how-to-preserve-product-color-and-shape-in-ai-photos,zh,AI product photography basics,,,how-to,,,0,needs_review,no,yes,yes,exact-product-card,P1
kak-sdelat-foto-odezhdy-na-modeli,ru,clothing / fashion,одежда на ai модели,фото одежды на модели; перенести одежду на модель; ai примерка одежды,how-to,Как сделать фото одежды на модели с помощью AI,Как сделать фото одежды на модели с помощью AI,149,published,no,no,yes,clothing-on-model,P0
how-to-create-clothing-photos-on-a-model,en,clothing / fashion,clothing on AI model,AI model clothing photos; put clothes on AI model; AI fashion model photos,how-to,How to create clothing photos on an AI model,How to create clothing photos on an AI model,172,published,no,no,yes,clothing-on-model,P0
how-to-create-clothing-photos-on-a-model,kk,clothing / fashion,,,how-to,,,0,needs_review,no,yes,yes,clothing-on-model,P0
how-to-create-clothing-photos-on-a-model,ky,clothing / fashion,,,how-to,,,0,needs_review,no,yes,yes,clothing-on-model,P0
how-to-create-clothing-photos-on-a-model,uz,clothing / fashion,,,how-to,,,0,needs_review,no,yes,yes,clothing-on-model,P0
how-to-create-clothing-photos-on-a-model,tg,clothing / fashion,,,how-to,,,0,needs_review,no,yes,yes,clothing-on-model,P0
how-to-create-clothing-photos-on-a-model,tr,clothing / fashion,,,how-to,,,0,needs_review,no,yes,yes,clothing-on-model,P0
how-to-create-clothing-photos-on-a-model,az,clothing / fashion,,,how-to,,,0,needs_review,no,yes,yes,clothing-on-model,P0
how-to-create-clothing-photos-on-a-model,ar,clothing / fashion,,,how-to,,,0,needs_review,no,yes,yes,clothing-on-model,P0
how-to-create-clothing-photos-on-a-model,es,clothing / fashion,,,how-to,,,0,needs_review,no,yes,yes,clothing-on-model,P0
how-to-create-clothing-photos-on-a-model,pt,clothing / fashion,,,how-to,,,0,needs_review,no,yes,yes,clothing-on-model,P0
how-to-create-clothing-photos-on-a-model,fr,clothing / fashion,,,how-to,,,0,needs_review,no,yes,yes,clothing-on-model,P0
how-to-create-clothing-photos-on-a-model,de,clothing / fashion,,,how-to,,,0,needs_review,no,yes,yes,clothing-on-model,P0
how-to-create-clothing-photos-on-a-model,it,clothing / fashion,,,how-to,,,0,needs_review,no,yes,yes,clothing-on-model,P0
how-to-create-clothing-photos-on-a-model,pl,clothing / fashion,,,how-to,,,0,needs_review,no,yes,yes,clothing-on-model,P0
how-to-create-clothing-photos-on-a-model,uk,clothing / fashion,,,how-to,,,0,needs_review,no,yes,yes,clothing-on-model,P0
how-to-create-clothing-photos-on-a-model,hi,clothing / fashion,,,how-to,,,0,needs_review,no,yes,yes,clothing-on-model,P0
how-to-create-clothing-photos-on-a-model,id,clothing / fashion,,,how-to,,,0,needs_review,no,yes,yes,clothing-on-model,P0
how-to-create-clothing-photos-on-a-model,vi,clothing / fashion,,,how-to,,,0,needs_review,no,yes,yes,clothing-on-model,P0
how-to-create-clothing-photos-on-a-model,zh,clothing / fashion,,,how-to,,,0,needs_review,no,yes,yes,clothing-on-model,P0
how-to-place-clothing-on-an-ai-model,ru,clothing / fashion,как перенести одежду на ai-модель,товарное фото; карточка товара; AI для маркетплейса,how-to,Как перенести одежду на AI-модель,Как перенести одежду на AI-модель,0,draft,yes,no,yes,clothing-on-model,P1
how-to-place-clothing-on-an-ai-model,en,clothing / fashion,how to place clothing on an ai model,product photography; marketplace listing image; AI ecommerce photo,how-to,How to place clothing on an AI model,How to place clothing on an AI model,0,draft,yes,no,yes,clothing-on-model,P1
how-to-place-clothing-on-an-ai-model,kk,clothing / fashion,,,how-to,,,0,needs_review,no,yes,yes,clothing-on-model,P1
how-to-place-clothing-on-an-ai-model,ky,clothing / fashion,,,how-to,,,0,needs_review,no,yes,yes,clothing-on-model,P1
how-to-place-clothing-on-an-ai-model,uz,clothing / fashion,,,how-to,,,0,needs_review,no,yes,yes,clothing-on-model,P1
how-to-place-clothing-on-an-ai-model,tg,clothing / fashion,,,how-to,,,0,needs_review,no,yes,yes,clothing-on-model,P1
how-to-place-clothing-on-an-ai-model,tr,clothing / fashion,,,how-to,,,0,needs_review,no,yes,yes,clothing-on-model,P1
how-to-place-clothing-on-an-ai-model,az,clothing / fashion,,,how-to,,,0,needs_review,no,yes,yes,clothing-on-model,P1
how-to-place-clothing-on-an-ai-model,ar,clothing / fashion,,,how-to,,,0,needs_review,no,yes,yes,clothing-on-model,P1
how-to-place-clothing-on-an-ai-model,es,clothing / fashion,,,how-to,,,0,needs_review,no,yes,yes,clothing-on-model,P1
how-to-place-clothing-on-an-ai-model,pt,clothing / fashion,,,how-to,,,0,needs_review,no,yes,yes,clothing-on-model,P1
how-to-place-clothing-on-an-ai-model,fr,clothing / fashion,,,how-to,,,0,needs_review,no,yes,yes,clothing-on-model,P1
how-to-place-clothing-on-an-ai-model,de,clothing / fashion,,,how-to,,,0,needs_review,no,yes,yes,clothing-on-model,P1
how-to-place-clothing-on-an-ai-model,it,clothing / fashion,,,how-to,,,0,needs_review,no,yes,yes,clothing-on-model,P1
how-to-place-clothing-on-an-ai-model,pl,clothing / fashion,,,how-to,,,0,needs_review,no,yes,yes,clothing-on-model,P1
how-to-place-clothing-on-an-ai-model,uk,clothing / fashion,,,how-to,,,0,needs_review,no,yes,yes,clothing-on-model,P1
how-to-place-clothing-on-an-ai-model,hi,clothing / fashion,,,how-to,,,0,needs_review,no,yes,yes,clothing-on-model,P1
how-to-place-clothing-on-an-ai-model,id,clothing / fashion,,,how-to,,,0,needs_review,no,yes,yes,clothing-on-model,P1
how-to-place-clothing-on-an-ai-model,vi,clothing / fashion,,,how-to,,,0,needs_review,no,yes,yes,clothing-on-model,P1
how-to-place-clothing-on-an-ai-model,zh,clothing / fashion,,,how-to,,,0,needs_review,no,yes,yes,clothing-on-model,P1
dress-photos-on-an-ai-model,ru,clothing / fashion,фото платья на ai-модели,товарное фото; карточка товара; AI для маркетплейса,commercial,Фото платья на AI-модели,Фото платья на AI-модели,0,draft,yes,no,yes,clothing-on-model,P1
dress-photos-on-an-ai-model,en,clothing / fashion,dress photos on an ai model,product photography; marketplace listing image; AI ecommerce photo,commercial,Dress photos on an AI model,Dress photos on an AI model,0,draft,yes,no,yes,clothing-on-model,P1
dress-photos-on-an-ai-model,kk,clothing / fashion,,,commercial,,,0,needs_review,no,yes,yes,clothing-on-model,P1
dress-photos-on-an-ai-model,ky,clothing / fashion,,,commercial,,,0,needs_review,no,yes,yes,clothing-on-model,P1
dress-photos-on-an-ai-model,uz,clothing / fashion,,,commercial,,,0,needs_review,no,yes,yes,clothing-on-model,P1
dress-photos-on-an-ai-model,tg,clothing / fashion,,,commercial,,,0,needs_review,no,yes,yes,clothing-on-model,P1
dress-photos-on-an-ai-model,tr,clothing / fashion,,,commercial,,,0,needs_review,no,yes,yes,clothing-on-model,P1
dress-photos-on-an-ai-model,az,clothing / fashion,,,commercial,,,0,needs_review,no,yes,yes,clothing-on-model,P1
dress-photos-on-an-ai-model,ar,clothing / fashion,,,commercial,,,0,needs_review,no,yes,yes,clothing-on-model,P1
dress-photos-on-an-ai-model,es,clothing / fashion,,,commercial,,,0,needs_review,no,yes,yes,clothing-on-model,P1
dress-photos-on-an-ai-model,pt,clothing / fashion,,,commercial,,,0,needs_review,no,yes,yes,clothing-on-model,P1
dress-photos-on-an-ai-model,fr,clothing / fashion,,,commercial,,,0,needs_review,no,yes,yes,clothing-on-model,P1
dress-photos-on-an-ai-model,de,clothing / fashion,,,commercial,,,0,needs_review,no,yes,yes,clothing-on-model,P1
dress-photos-on-an-ai-model,it,clothing / fashion,,,commercial,,,0,needs_review,no,yes,yes,clothing-on-model,P1
dress-photos-on-an-ai-model,pl,clothing / fashion,,,commercial,,,0,needs_review,no,yes,yes,clothing-on-model,P1
dress-photos-on-an-ai-model,uk,clothing / fashion,,,commercial,,,0,needs_review,no,yes,yes,clothing-on-model,P1
dress-photos-on-an-ai-model,hi,clothing / fashion,,,commercial,,,0,needs_review,no,yes,yes,clothing-on-model,P1
dress-photos-on-an-ai-model,id,clothing / fashion,,,commercial,,,0,needs_review,no,yes,yes,clothing-on-model,P1
dress-photos-on-an-ai-model,vi,clothing / fashion,,,commercial,,,0,needs_review,no,yes,yes,clothing-on-model,P1
dress-photos-on-an-ai-model,zh,clothing / fashion,,,commercial,,,0,needs_review,no,yes,yes,clothing-on-model,P1
t-shirt-photos-on-an-ai-model,ru,clothing / fashion,фото футболки на ai-модели,товарное фото; карточка товара; AI для маркетплейса,commercial,Фото футболки на AI-модели,Фото футболки на AI-модели,0,draft,yes,no,yes,clothing-on-model,P1
t-shirt-photos-on-an-ai-model,en,clothing / fashion,t-shirt photos on an ai model,product photography; marketplace listing image; AI ecommerce photo,commercial,T-shirt photos on an AI model,T-shirt photos on an AI model,0,draft,yes,no,yes,clothing-on-model,P1
t-shirt-photos-on-an-ai-model,kk,clothing / fashion,,,commercial,,,0,needs_review,no,yes,yes,clothing-on-model,P1
t-shirt-photos-on-an-ai-model,ky,clothing / fashion,,,commercial,,,0,needs_review,no,yes,yes,clothing-on-model,P1
t-shirt-photos-on-an-ai-model,uz,clothing / fashion,,,commercial,,,0,needs_review,no,yes,yes,clothing-on-model,P1
t-shirt-photos-on-an-ai-model,tg,clothing / fashion,,,commercial,,,0,needs_review,no,yes,yes,clothing-on-model,P1
t-shirt-photos-on-an-ai-model,tr,clothing / fashion,,,commercial,,,0,needs_review,no,yes,yes,clothing-on-model,P1
t-shirt-photos-on-an-ai-model,az,clothing / fashion,,,commercial,,,0,needs_review,no,yes,yes,clothing-on-model,P1
t-shirt-photos-on-an-ai-model,ar,clothing / fashion,,,commercial,,,0,needs_review,no,yes,yes,clothing-on-model,P1
t-shirt-photos-on-an-ai-model,es,clothing / fashion,,,commercial,,,0,needs_review,no,yes,yes,clothing-on-model,P1
t-shirt-photos-on-an-ai-model,pt,clothing / fashion,,,commercial,,,0,needs_review,no,yes,yes,clothing-on-model,P1
t-shirt-photos-on-an-ai-model,fr,clothing / fashion,,,commercial,,,0,needs_review,no,yes,yes,clothing-on-model,P1
t-shirt-photos-on-an-ai-model,de,clothing / fashion,,,commercial,,,0,needs_review,no,yes,yes,clothing-on-model,P1
t-shirt-photos-on-an-ai-model,it,clothing / fashion,,,commercial,,,0,needs_review,no,yes,yes,clothing-on-model,P1
t-shirt-photos-on-an-ai-model,pl,clothing / fashion,,,commercial,,,0,needs_review,no,yes,yes,clothing-on-model,P1
t-shirt-photos-on-an-ai-model,uk,clothing / fashion,,,commercial,,,0,needs_review,no,yes,yes,clothing-on-model,P1
t-shirt-photos-on-an-ai-model,hi,clothing / fashion,,,commercial,,,0,needs_review,no,yes,yes,clothing-on-model,P1
t-shirt-photos-on-an-ai-model,id,clothing / fashion,,,commercial,,,0,needs_review,no,yes,yes,clothing-on-model,P1
t-shirt-photos-on-an-ai-model,vi,clothing / fashion,,,commercial,,,0,needs_review,no,yes,yes,clothing-on-model,P1
t-shirt-photos-on-an-ai-model,zh,clothing / fashion,,,commercial,,,0,needs_review,no,yes,yes,clothing-on-model,P1
suit-photos-on-an-ai-model,ru,clothing / fashion,фото костюма на ai-модели,товарное фото; карточка товара; AI для маркетплейса,commercial,Фото костюма на AI-модели,Фото костюма на AI-модели,0,draft,yes,no,yes,clothing-on-model,P1
suit-photos-on-an-ai-model,en,clothing / fashion,suit photos on an ai model,product photography; marketplace listing image; AI ecommerce photo,commercial,Suit photos on an AI model,Suit photos on an AI model,0,draft,yes,no,yes,clothing-on-model,P1
suit-photos-on-an-ai-model,kk,clothing / fashion,,,commercial,,,0,needs_review,no,yes,yes,clothing-on-model,P1
suit-photos-on-an-ai-model,ky,clothing / fashion,,,commercial,,,0,needs_review,no,yes,yes,clothing-on-model,P1
suit-photos-on-an-ai-model,uz,clothing / fashion,,,commercial,,,0,needs_review,no,yes,yes,clothing-on-model,P1
suit-photos-on-an-ai-model,tg,clothing / fashion,,,commercial,,,0,needs_review,no,yes,yes,clothing-on-model,P1
suit-photos-on-an-ai-model,tr,clothing / fashion,,,commercial,,,0,needs_review,no,yes,yes,clothing-on-model,P1
suit-photos-on-an-ai-model,az,clothing / fashion,,,commercial,,,0,needs_review,no,yes,yes,clothing-on-model,P1
suit-photos-on-an-ai-model,ar,clothing / fashion,,,commercial,,,0,needs_review,no,yes,yes,clothing-on-model,P1
suit-photos-on-an-ai-model,es,clothing / fashion,,,commercial,,,0,needs_review,no,yes,yes,clothing-on-model,P1
suit-photos-on-an-ai-model,pt,clothing / fashion,,,commercial,,,0,needs_review,no,yes,yes,clothing-on-model,P1
suit-photos-on-an-ai-model,fr,clothing / fashion,,,commercial,,,0,needs_review,no,yes,yes,clothing-on-model,P1
suit-photos-on-an-ai-model,de,clothing / fashion,,,commercial,,,0,needs_review,no,yes,yes,clothing-on-model,P1
suit-photos-on-an-ai-model,it,clothing / fashion,,,commercial,,,0,needs_review,no,yes,yes,clothing-on-model,P1
suit-photos-on-an-ai-model,pl,clothing / fashion,,,commercial,,,0,needs_review,no,yes,yes,clothing-on-model,P1
suit-photos-on-an-ai-model,uk,clothing / fashion,,,commercial,,,0,needs_review,no,yes,yes,clothing-on-model,P1
suit-photos-on-an-ai-model,hi,clothing / fashion,,,commercial,,,0,needs_review,no,yes,yes,clothing-on-model,P1
suit-photos-on-an-ai-model,id,clothing / fashion,,,commercial,,,0,needs_review,no,yes,yes,clothing-on-model,P1
suit-photos-on-an-ai-model,vi,clothing / fashion,,,commercial,,,0,needs_review,no,yes,yes,clothing-on-model,P1
suit-photos-on-an-ai-model,zh,clothing / fashion,,,commercial,,,0,needs_review,no,yes,yes,clothing-on-model,P1
foto-belya-na-ai-modeli,ru,clothing / fashion,фото белья на модели,белье на ai модели; каталог белья фото; ai модель для белья,commercial,Фото белья на AI-модели: как делать безопасно и коммерчески,Фото белья на AI-модели: как делать безопасно и коммерчески,145,published,no,no,yes,lingerie-on-ai-model,P0
lingerie-photos-on-an-ai-model,en,clothing / fashion,lingerie photos on model,lingerie on AI model; AI lingerie catalog photos; adult catalog lingerie photos,commercial,Lingerie photos on an AI model: safe commercial workflow,Lingerie photos on an AI model: safe commercial workflow,150,published,no,no,yes,lingerie-on-ai-model,P0
lingerie-photos-on-an-ai-model,kk,clothing / fashion,,,commercial,,,0,needs_review,no,yes,yes,lingerie-on-ai-model,P0
lingerie-photos-on-an-ai-model,ky,clothing / fashion,,,commercial,,,0,needs_review,no,yes,yes,lingerie-on-ai-model,P0
lingerie-photos-on-an-ai-model,uz,clothing / fashion,,,commercial,,,0,needs_review,no,yes,yes,lingerie-on-ai-model,P0
lingerie-photos-on-an-ai-model,tg,clothing / fashion,,,commercial,,,0,needs_review,no,yes,yes,lingerie-on-ai-model,P0
lingerie-photos-on-an-ai-model,tr,clothing / fashion,,,commercial,,,0,needs_review,no,yes,yes,lingerie-on-ai-model,P0
lingerie-photos-on-an-ai-model,az,clothing / fashion,,,commercial,,,0,needs_review,no,yes,yes,lingerie-on-ai-model,P0
lingerie-photos-on-an-ai-model,ar,clothing / fashion,,,commercial,,,0,needs_review,no,yes,yes,lingerie-on-ai-model,P0
lingerie-photos-on-an-ai-model,es,clothing / fashion,,,commercial,,,0,needs_review,no,yes,yes,lingerie-on-ai-model,P0
lingerie-photos-on-an-ai-model,pt,clothing / fashion,,,commercial,,,0,needs_review,no,yes,yes,lingerie-on-ai-model,P0
lingerie-photos-on-an-ai-model,fr,clothing / fashion,,,commercial,,,0,needs_review,no,yes,yes,lingerie-on-ai-model,P0
lingerie-photos-on-an-ai-model,de,clothing / fashion,,,commercial,,,0,needs_review,no,yes,yes,lingerie-on-ai-model,P0
lingerie-photos-on-an-ai-model,it,clothing / fashion,,,commercial,,,0,needs_review,no,yes,yes,lingerie-on-ai-model,P0
lingerie-photos-on-an-ai-model,pl,clothing / fashion,,,commercial,,,0,needs_review,no,yes,yes,lingerie-on-ai-model,P0
lingerie-photos-on-an-ai-model,uk,clothing / fashion,,,commercial,,,0,needs_review,no,yes,yes,lingerie-on-ai-model,P0
lingerie-photos-on-an-ai-model,hi,clothing / fashion,,,commercial,,,0,needs_review,no,yes,yes,lingerie-on-ai-model,P0
lingerie-photos-on-an-ai-model,id,clothing / fashion,,,commercial,,,0,needs_review,no,yes,yes,lingerie-on-ai-model,P0
lingerie-photos-on-an-ai-model,vi,clothing / fashion,,,commercial,,,0,needs_review,no,yes,yes,lingerie-on-ai-model,P0
lingerie-photos-on-an-ai-model,zh,clothing / fashion,,,commercial,,,0,needs_review,no,yes,yes,lingerie-on-ai-model,P0
plus-size-model-photos-for-clothing,ru,clothing / fashion,фото plus-size модели для одежды,товарное фото; карточка товара; AI для маркетплейса,commercial,Фото plus-size модели для одежды,Фото plus-size модели для одежды,0,draft,yes,no,yes,plus-size-model-photos,P1
plus-size-model-photos-for-clothing,en,clothing / fashion,plus-size model photos for clothing,product photography; marketplace listing image; AI ecommerce photo,commercial,Plus-size model photos for clothing,Plus-size model photos for clothing,0,draft,yes,no,yes,plus-size-model-photos,P1
plus-size-model-photos-for-clothing,kk,clothing / fashion,,,commercial,,,0,needs_review,no,yes,yes,plus-size-model-photos,P1
plus-size-model-photos-for-clothing,ky,clothing / fashion,,,commercial,,,0,needs_review,no,yes,yes,plus-size-model-photos,P1
plus-size-model-photos-for-clothing,uz,clothing / fashion,,,commercial,,,0,needs_review,no,yes,yes,plus-size-model-photos,P1
plus-size-model-photos-for-clothing,tg,clothing / fashion,,,commercial,,,0,needs_review,no,yes,yes,plus-size-model-photos,P1
plus-size-model-photos-for-clothing,tr,clothing / fashion,,,commercial,,,0,needs_review,no,yes,yes,plus-size-model-photos,P1
plus-size-model-photos-for-clothing,az,clothing / fashion,,,commercial,,,0,needs_review,no,yes,yes,plus-size-model-photos,P1
plus-size-model-photos-for-clothing,ar,clothing / fashion,,,commercial,,,0,needs_review,no,yes,yes,plus-size-model-photos,P1
plus-size-model-photos-for-clothing,es,clothing / fashion,,,commercial,,,0,needs_review,no,yes,yes,plus-size-model-photos,P1
plus-size-model-photos-for-clothing,pt,clothing / fashion,,,commercial,,,0,needs_review,no,yes,yes,plus-size-model-photos,P1
plus-size-model-photos-for-clothing,fr,clothing / fashion,,,commercial,,,0,needs_review,no,yes,yes,plus-size-model-photos,P1
plus-size-model-photos-for-clothing,de,clothing / fashion,,,commercial,,,0,needs_review,no,yes,yes,plus-size-model-photos,P1
plus-size-model-photos-for-clothing,it,clothing / fashion,,,commercial,,,0,needs_review,no,yes,yes,plus-size-model-photos,P1
plus-size-model-photos-for-clothing,pl,clothing / fashion,,,commercial,,,0,needs_review,no,yes,yes,plus-size-model-photos,P1
plus-size-model-photos-for-clothing,uk,clothing / fashion,,,commercial,,,0,needs_review,no,yes,yes,plus-size-model-photos,P1
plus-size-model-photos-for-clothing,hi,clothing / fashion,,,commercial,,,0,needs_review,no,yes,yes,plus-size-model-photos,P1
plus-size-model-photos-for-clothing,id,clothing / fashion,,,commercial,,,0,needs_review,no,yes,yes,plus-size-model-photos,P1
plus-size-model-photos-for-clothing,vi,clothing / fashion,,,commercial,,,0,needs_review,no,yes,yes,plus-size-model-photos,P1
plus-size-model-photos-for-clothing,zh,clothing / fashion,,,commercial,,,0,needs_review,no,yes,yes,plus-size-model-photos,P1
how-to-choose-an-ai-model-pose,ru,clothing / fashion,как выбрать позу ai-модели,товарное фото; карточка товара; AI для маркетплейса,how-to,Как выбрать позу AI-модели,Как выбрать позу AI-модели,0,draft,yes,no,yes,clothing-on-model,P1
how-to-choose-an-ai-model-pose,en,clothing / fashion,how to choose an ai model pose,product photography; marketplace listing image; AI ecommerce photo,how-to,How to choose an AI model pose,How to choose an AI model pose,0,draft,yes,no,yes,clothing-on-model,P1
how-to-choose-an-ai-model-pose,kk,clothing / fashion,,,how-to,,,0,needs_review,no,yes,yes,clothing-on-model,P1
how-to-choose-an-ai-model-pose,ky,clothing / fashion,,,how-to,,,0,needs_review,no,yes,yes,clothing-on-model,P1
how-to-choose-an-ai-model-pose,uz,clothing / fashion,,,how-to,,,0,needs_review,no,yes,yes,clothing-on-model,P1
how-to-choose-an-ai-model-pose,tg,clothing / fashion,,,how-to,,,0,needs_review,no,yes,yes,clothing-on-model,P1
how-to-choose-an-ai-model-pose,tr,clothing / fashion,,,how-to,,,0,needs_review,no,yes,yes,clothing-on-model,P1
how-to-choose-an-ai-model-pose,az,clothing / fashion,,,how-to,,,0,needs_review,no,yes,yes,clothing-on-model,P1
how-to-choose-an-ai-model-pose,ar,clothing / fashion,,,how-to,,,0,needs_review,no,yes,yes,clothing-on-model,P1
how-to-choose-an-ai-model-pose,es,clothing / fashion,,,how-to,,,0,needs_review,no,yes,yes,clothing-on-model,P1
how-to-choose-an-ai-model-pose,pt,clothing / fashion,,,how-to,,,0,needs_review,no,yes,yes,clothing-on-model,P1
how-to-choose-an-ai-model-pose,fr,clothing / fashion,,,how-to,,,0,needs_review,no,yes,yes,clothing-on-model,P1
how-to-choose-an-ai-model-pose,de,clothing / fashion,,,how-to,,,0,needs_review,no,yes,yes,clothing-on-model,P1
how-to-choose-an-ai-model-pose,it,clothing / fashion,,,how-to,,,0,needs_review,no,yes,yes,clothing-on-model,P1
how-to-choose-an-ai-model-pose,pl,clothing / fashion,,,how-to,,,0,needs_review,no,yes,yes,clothing-on-model,P1
how-to-choose-an-ai-model-pose,uk,clothing / fashion,,,how-to,,,0,needs_review,no,yes,yes,clothing-on-model,P1
how-to-choose-an-ai-model-pose,hi,clothing / fashion,,,how-to,,,0,needs_review,no,yes,yes,clothing-on-model,P1
how-to-choose-an-ai-model-pose,id,clothing / fashion,,,how-to,,,0,needs_review,no,yes,yes,clothing-on-model,P1
how-to-choose-an-ai-model-pose,vi,clothing / fashion,,,how-to,,,0,needs_review,no,yes,yes,clothing-on-model,P1
how-to-choose-an-ai-model-pose,zh,clothing / fashion,,,how-to,,,0,needs_review,no,yes,yes,clothing-on-model,P1
how-to-create-a-clothing-catalog-without-a-photoshoot,ru,clothing / fashion,как сделать каталог одежды без фотосессии,товарное фото; карточка товара; AI для маркетплейса,how-to,Как сделать каталог одежды без фотосессии,Как сделать каталог одежды без фотосессии,0,draft,yes,no,yes,ecommerce-catalog-photos;clothing-on-model,P1
how-to-create-a-clothing-catalog-without-a-photoshoot,en,clothing / fashion,how to create a clothing catalog without a photoshoot,product photography; marketplace listing image; AI ecommerce photo,how-to,How to create a clothing catalog without a photoshoot,How to create a clothing catalog without a photoshoot,0,draft,yes,no,yes,ecommerce-catalog-photos;clothing-on-model,P1
how-to-create-a-clothing-catalog-without-a-photoshoot,kk,clothing / fashion,,,how-to,,,0,needs_review,no,yes,yes,ecommerce-catalog-photos;clothing-on-model,P1
how-to-create-a-clothing-catalog-without-a-photoshoot,ky,clothing / fashion,,,how-to,,,0,needs_review,no,yes,yes,ecommerce-catalog-photos;clothing-on-model,P1
how-to-create-a-clothing-catalog-without-a-photoshoot,uz,clothing / fashion,,,how-to,,,0,needs_review,no,yes,yes,ecommerce-catalog-photos;clothing-on-model,P1
how-to-create-a-clothing-catalog-without-a-photoshoot,tg,clothing / fashion,,,how-to,,,0,needs_review,no,yes,yes,ecommerce-catalog-photos;clothing-on-model,P1
how-to-create-a-clothing-catalog-without-a-photoshoot,tr,clothing / fashion,,,how-to,,,0,needs_review,no,yes,yes,ecommerce-catalog-photos;clothing-on-model,P1
how-to-create-a-clothing-catalog-without-a-photoshoot,az,clothing / fashion,,,how-to,,,0,needs_review,no,yes,yes,ecommerce-catalog-photos;clothing-on-model,P1
how-to-create-a-clothing-catalog-without-a-photoshoot,ar,clothing / fashion,,,how-to,,,0,needs_review,no,yes,yes,ecommerce-catalog-photos;clothing-on-model,P1
how-to-create-a-clothing-catalog-without-a-photoshoot,es,clothing / fashion,,,how-to,,,0,needs_review,no,yes,yes,ecommerce-catalog-photos;clothing-on-model,P1
how-to-create-a-clothing-catalog-without-a-photoshoot,pt,clothing / fashion,,,how-to,,,0,needs_review,no,yes,yes,ecommerce-catalog-photos;clothing-on-model,P1
how-to-create-a-clothing-catalog-without-a-photoshoot,fr,clothing / fashion,,,how-to,,,0,needs_review,no,yes,yes,ecommerce-catalog-photos;clothing-on-model,P1
how-to-create-a-clothing-catalog-without-a-photoshoot,de,clothing / fashion,,,how-to,,,0,needs_review,no,yes,yes,ecommerce-catalog-photos;clothing-on-model,P1
how-to-create-a-clothing-catalog-without-a-photoshoot,it,clothing / fashion,,,how-to,,,0,needs_review,no,yes,yes,ecommerce-catalog-photos;clothing-on-model,P1
how-to-create-a-clothing-catalog-without-a-photoshoot,pl,clothing / fashion,,,how-to,,,0,needs_review,no,yes,yes,ecommerce-catalog-photos;clothing-on-model,P1
how-to-create-a-clothing-catalog-without-a-photoshoot,uk,clothing / fashion,,,how-to,,,0,needs_review,no,yes,yes,ecommerce-catalog-photos;clothing-on-model,P1
how-to-create-a-clothing-catalog-without-a-photoshoot,hi,clothing / fashion,,,how-to,,,0,needs_review,no,yes,yes,ecommerce-catalog-photos;clothing-on-model,P1
how-to-create-a-clothing-catalog-without-a-photoshoot,id,clothing / fashion,,,how-to,,,0,needs_review,no,yes,yes,ecommerce-catalog-photos;clothing-on-model,P1
how-to-create-a-clothing-catalog-without-a-photoshoot,vi,clothing / fashion,,,how-to,,,0,needs_review,no,yes,yes,ecommerce-catalog-photos;clothing-on-model,P1
how-to-create-a-clothing-catalog-without-a-photoshoot,zh,clothing / fashion,,,how-to,,,0,needs_review,no,yes,yes,ecommerce-catalog-photos;clothing-on-model,P1
how-to-prepare-clothing-photos-for-ai-try-on,ru,clothing / fashion,как подготовить фото одежды для ai-примерки,товарное фото; карточка товара; AI для маркетплейса,how-to,Как подготовить фото одежды для AI-примерки,Как подготовить фото одежды для AI-примерки,0,draft,yes,no,yes,clothing-on-model,P1
how-to-prepare-clothing-photos-for-ai-try-on,en,clothing / fashion,how to prepare clothing photos for ai try-on,product photography; marketplace listing image; AI ecommerce photo,how-to,How to prepare clothing photos for AI try-on,How to prepare clothing photos for AI try-on,0,draft,yes,no,yes,clothing-on-model,P1
how-to-prepare-clothing-photos-for-ai-try-on,kk,clothing / fashion,,,how-to,,,0,needs_review,no,yes,yes,clothing-on-model,P1
how-to-prepare-clothing-photos-for-ai-try-on,ky,clothing / fashion,,,how-to,,,0,needs_review,no,yes,yes,clothing-on-model,P1
how-to-prepare-clothing-photos-for-ai-try-on,uz,clothing / fashion,,,how-to,,,0,needs_review,no,yes,yes,clothing-on-model,P1
how-to-prepare-clothing-photos-for-ai-try-on,tg,clothing / fashion,,,how-to,,,0,needs_review,no,yes,yes,clothing-on-model,P1
how-to-prepare-clothing-photos-for-ai-try-on,tr,clothing / fashion,,,how-to,,,0,needs_review,no,yes,yes,clothing-on-model,P1
how-to-prepare-clothing-photos-for-ai-try-on,az,clothing / fashion,,,how-to,,,0,needs_review,no,yes,yes,clothing-on-model,P1
how-to-prepare-clothing-photos-for-ai-try-on,ar,clothing / fashion,,,how-to,,,0,needs_review,no,yes,yes,clothing-on-model,P1
how-to-prepare-clothing-photos-for-ai-try-on,es,clothing / fashion,,,how-to,,,0,needs_review,no,yes,yes,clothing-on-model,P1
how-to-prepare-clothing-photos-for-ai-try-on,pt,clothing / fashion,,,how-to,,,0,needs_review,no,yes,yes,clothing-on-model,P1
how-to-prepare-clothing-photos-for-ai-try-on,fr,clothing / fashion,,,how-to,,,0,needs_review,no,yes,yes,clothing-on-model,P1
how-to-prepare-clothing-photos-for-ai-try-on,de,clothing / fashion,,,how-to,,,0,needs_review,no,yes,yes,clothing-on-model,P1
how-to-prepare-clothing-photos-for-ai-try-on,it,clothing / fashion,,,how-to,,,0,needs_review,no,yes,yes,clothing-on-model,P1
how-to-prepare-clothing-photos-for-ai-try-on,pl,clothing / fashion,,,how-to,,,0,needs_review,no,yes,yes,clothing-on-model,P1
how-to-prepare-clothing-photos-for-ai-try-on,uk,clothing / fashion,,,how-to,,,0,needs_review,no,yes,yes,clothing-on-model,P1
how-to-prepare-clothing-photos-for-ai-try-on,hi,clothing / fashion,,,how-to,,,0,needs_review,no,yes,yes,clothing-on-model,P1
how-to-prepare-clothing-photos-for-ai-try-on,id,clothing / fashion,,,how-to,,,0,needs_review,no,yes,yes,clothing-on-model,P1
how-to-prepare-clothing-photos-for-ai-try-on,vi,clothing / fashion,,,how-to,,,0,needs_review,no,yes,yes,clothing-on-model,P1
how-to-prepare-clothing-photos-for-ai-try-on,zh,clothing / fashion,,,how-to,,,0,needs_review,no,yes,yes,clothing-on-model,P1
foto-bizhuterii-dlya-marketpleysa,ru,accessories / jewelry,фото бижутерии для маркетплейса,фото серег для карточки товара; фото украшений на белом фоне; карточка товара бижутерия,how-to,Как сделать фото бижутерии для маркетплейса,Как сделать фото бижутерии для маркетплейса,155,published,no,no,yes,jewelry-product-photos,P0
how-to-create-jewelry-product-photos-for-a-marketplace,en,accessories / jewelry,jewelry product photos for marketplace,jewelry product photography; earring listing photos; white background jewelry photos,how-to,How to create jewelry product photos for a marketplace,How to create jewelry product photos for a marketplace,163,published,no,no,yes,jewelry-product-photos,P0
how-to-create-jewelry-product-photos-for-a-marketplace,kk,accessories / jewelry,,,how-to,,,0,needs_review,no,yes,yes,jewelry-product-photos,P0
how-to-create-jewelry-product-photos-for-a-marketplace,ky,accessories / jewelry,,,how-to,,,0,needs_review,no,yes,yes,jewelry-product-photos,P0
how-to-create-jewelry-product-photos-for-a-marketplace,uz,accessories / jewelry,,,how-to,,,0,needs_review,no,yes,yes,jewelry-product-photos,P0
how-to-create-jewelry-product-photos-for-a-marketplace,tg,accessories / jewelry,,,how-to,,,0,needs_review,no,yes,yes,jewelry-product-photos,P0
how-to-create-jewelry-product-photos-for-a-marketplace,tr,accessories / jewelry,,,how-to,,,0,needs_review,no,yes,yes,jewelry-product-photos,P0
how-to-create-jewelry-product-photos-for-a-marketplace,az,accessories / jewelry,,,how-to,,,0,needs_review,no,yes,yes,jewelry-product-photos,P0
how-to-create-jewelry-product-photos-for-a-marketplace,ar,accessories / jewelry,,,how-to,,,0,needs_review,no,yes,yes,jewelry-product-photos,P0
how-to-create-jewelry-product-photos-for-a-marketplace,es,accessories / jewelry,,,how-to,,,0,needs_review,no,yes,yes,jewelry-product-photos,P0
how-to-create-jewelry-product-photos-for-a-marketplace,pt,accessories / jewelry,,,how-to,,,0,needs_review,no,yes,yes,jewelry-product-photos,P0
how-to-create-jewelry-product-photos-for-a-marketplace,fr,accessories / jewelry,,,how-to,,,0,needs_review,no,yes,yes,jewelry-product-photos,P0
how-to-create-jewelry-product-photos-for-a-marketplace,de,accessories / jewelry,,,how-to,,,0,needs_review,no,yes,yes,jewelry-product-photos,P0
how-to-create-jewelry-product-photos-for-a-marketplace,it,accessories / jewelry,,,how-to,,,0,needs_review,no,yes,yes,jewelry-product-photos,P0
how-to-create-jewelry-product-photos-for-a-marketplace,pl,accessories / jewelry,,,how-to,,,0,needs_review,no,yes,yes,jewelry-product-photos,P0
how-to-create-jewelry-product-photos-for-a-marketplace,uk,accessories / jewelry,,,how-to,,,0,needs_review,no,yes,yes,jewelry-product-photos,P0
how-to-create-jewelry-product-photos-for-a-marketplace,hi,accessories / jewelry,,,how-to,,,0,needs_review,no,yes,yes,jewelry-product-photos,P0
how-to-create-jewelry-product-photos-for-a-marketplace,id,accessories / jewelry,,,how-to,,,0,needs_review,no,yes,yes,jewelry-product-photos,P0
how-to-create-jewelry-product-photos-for-a-marketplace,vi,accessories / jewelry,,,how-to,,,0,needs_review,no,yes,yes,jewelry-product-photos,P0
how-to-create-jewelry-product-photos-for-a-marketplace,zh,accessories / jewelry,,,how-to,,,0,needs_review,no,yes,yes,jewelry-product-photos,P0
how-to-photograph-earrings-for-a-product-card,ru,accessories / jewelry,как сфотографировать серьги для карточки товара,товарное фото; карточка товара; AI для маркетплейса,how-to,Как сфотографировать серьги для карточки товара,Как сфотографировать серьги для карточки товара,0,draft,yes,no,yes,jewelry-product-photos,P1
how-to-photograph-earrings-for-a-product-card,en,accessories / jewelry,how to photograph earrings for a product card,product photography; marketplace listing image; AI ecommerce photo,how-to,How to photograph earrings for a product card,How to photograph earrings for a product card,0,draft,yes,no,yes,jewelry-product-photos,P1
how-to-photograph-earrings-for-a-product-card,kk,accessories / jewelry,,,how-to,,,0,needs_review,no,yes,yes,jewelry-product-photos,P1
how-to-photograph-earrings-for-a-product-card,ky,accessories / jewelry,,,how-to,,,0,needs_review,no,yes,yes,jewelry-product-photos,P1
how-to-photograph-earrings-for-a-product-card,uz,accessories / jewelry,,,how-to,,,0,needs_review,no,yes,yes,jewelry-product-photos,P1
how-to-photograph-earrings-for-a-product-card,tg,accessories / jewelry,,,how-to,,,0,needs_review,no,yes,yes,jewelry-product-photos,P1
how-to-photograph-earrings-for-a-product-card,tr,accessories / jewelry,,,how-to,,,0,needs_review,no,yes,yes,jewelry-product-photos,P1
how-to-photograph-earrings-for-a-product-card,az,accessories / jewelry,,,how-to,,,0,needs_review,no,yes,yes,jewelry-product-photos,P1
how-to-photograph-earrings-for-a-product-card,ar,accessories / jewelry,,,how-to,,,0,needs_review,no,yes,yes,jewelry-product-photos,P1
how-to-photograph-earrings-for-a-product-card,es,accessories / jewelry,,,how-to,,,0,needs_review,no,yes,yes,jewelry-product-photos,P1
how-to-photograph-earrings-for-a-product-card,pt,accessories / jewelry,,,how-to,,,0,needs_review,no,yes,yes,jewelry-product-photos,P1
how-to-photograph-earrings-for-a-product-card,fr,accessories / jewelry,,,how-to,,,0,needs_review,no,yes,yes,jewelry-product-photos,P1
how-to-photograph-earrings-for-a-product-card,de,accessories / jewelry,,,how-to,,,0,needs_review,no,yes,yes,jewelry-product-photos,P1
how-to-photograph-earrings-for-a-product-card,it,accessories / jewelry,,,how-to,,,0,needs_review,no,yes,yes,jewelry-product-photos,P1
how-to-photograph-earrings-for-a-product-card,pl,accessories / jewelry,,,how-to,,,0,needs_review,no,yes,yes,jewelry-product-photos,P1
how-to-photograph-earrings-for-a-product-card,uk,accessories / jewelry,,,how-to,,,0,needs_review,no,yes,yes,jewelry-product-photos,P1
how-to-photograph-earrings-for-a-product-card,hi,accessories / jewelry,,,how-to,,,0,needs_review,no,yes,yes,jewelry-product-photos,P1
how-to-photograph-earrings-for-a-product-card,id,accessories / jewelry,,,how-to,,,0,needs_review,no,yes,yes,jewelry-product-photos,P1
how-to-photograph-earrings-for-a-product-card,vi,accessories / jewelry,,,how-to,,,0,needs_review,no,yes,yes,jewelry-product-photos,P1
how-to-photograph-earrings-for-a-product-card,zh,accessories / jewelry,,,how-to,,,0,needs_review,no,yes,yes,jewelry-product-photos,P1
how-to-make-ring-photos-on-a-white-background,ru,accessories / jewelry,как сделать фото кольца на белом фоне,товарное фото; карточка товара; AI для маркетплейса,how-to,Как сделать фото кольца на белом фоне,Как сделать фото кольца на белом фоне,0,draft,yes,no,yes,jewelry-product-photos;marketplace-white-background,P1
how-to-make-ring-photos-on-a-white-background,en,accessories / jewelry,how to make ring photos on a white background,product photography; marketplace listing image; AI ecommerce photo,how-to,How to make ring photos on a white background,How to make ring photos on a white background,0,draft,yes,no,yes,jewelry-product-photos;marketplace-white-background,P1
how-to-make-ring-photos-on-a-white-background,kk,accessories / jewelry,,,how-to,,,0,needs_review,no,yes,yes,jewelry-product-photos;marketplace-white-background,P1
how-to-make-ring-photos-on-a-white-background,ky,accessories / jewelry,,,how-to,,,0,needs_review,no,yes,yes,jewelry-product-photos;marketplace-white-background,P1
how-to-make-ring-photos-on-a-white-background,uz,accessories / jewelry,,,how-to,,,0,needs_review,no,yes,yes,jewelry-product-photos;marketplace-white-background,P1
how-to-make-ring-photos-on-a-white-background,tg,accessories / jewelry,,,how-to,,,0,needs_review,no,yes,yes,jewelry-product-photos;marketplace-white-background,P1
how-to-make-ring-photos-on-a-white-background,tr,accessories / jewelry,,,how-to,,,0,needs_review,no,yes,yes,jewelry-product-photos;marketplace-white-background,P1
how-to-make-ring-photos-on-a-white-background,az,accessories / jewelry,,,how-to,,,0,needs_review,no,yes,yes,jewelry-product-photos;marketplace-white-background,P1
how-to-make-ring-photos-on-a-white-background,ar,accessories / jewelry,,,how-to,,,0,needs_review,no,yes,yes,jewelry-product-photos;marketplace-white-background,P1
how-to-make-ring-photos-on-a-white-background,es,accessories / jewelry,,,how-to,,,0,needs_review,no,yes,yes,jewelry-product-photos;marketplace-white-background,P1
how-to-make-ring-photos-on-a-white-background,pt,accessories / jewelry,,,how-to,,,0,needs_review,no,yes,yes,jewelry-product-photos;marketplace-white-background,P1
how-to-make-ring-photos-on-a-white-background,fr,accessories / jewelry,,,how-to,,,0,needs_review,no,yes,yes,jewelry-product-photos;marketplace-white-background,P1
how-to-make-ring-photos-on-a-white-background,de,accessories / jewelry,,,how-to,,,0,needs_review,no,yes,yes,jewelry-product-photos;marketplace-white-background,P1
how-to-make-ring-photos-on-a-white-background,it,accessories / jewelry,,,how-to,,,0,needs_review,no,yes,yes,jewelry-product-photos;marketplace-white-background,P1
how-to-make-ring-photos-on-a-white-background,pl,accessories / jewelry,,,how-to,,,0,needs_review,no,yes,yes,jewelry-product-photos;marketplace-white-background,P1
how-to-make-ring-photos-on-a-white-background,uk,accessories / jewelry,,,how-to,,,0,needs_review,no,yes,yes,jewelry-product-photos;marketplace-white-background,P1
how-to-make-ring-photos-on-a-white-background,hi,accessories / jewelry,,,how-to,,,0,needs_review,no,yes,yes,jewelry-product-photos;marketplace-white-background,P1
how-to-make-ring-photos-on-a-white-background,id,accessories / jewelry,,,how-to,,,0,needs_review,no,yes,yes,jewelry-product-photos;marketplace-white-background,P1
how-to-make-ring-photos-on-a-white-background,vi,accessories / jewelry,,,how-to,,,0,needs_review,no,yes,yes,jewelry-product-photos;marketplace-white-background,P1
how-to-make-ring-photos-on-a-white-background,zh,accessories / jewelry,,,how-to,,,0,needs_review,no,yes,yes,jewelry-product-photos;marketplace-white-background,P1
how-to-make-bracelet-photos-for-a-catalog,ru,accessories / jewelry,как сделать фото браслета для каталога,товарное фото; карточка товара; AI для маркетплейса,how-to,Как сделать фото браслета для каталога,Как сделать фото браслета для каталога,0,draft,yes,no,yes,jewelry-product-photos,P1
how-to-make-bracelet-photos-for-a-catalog,en,accessories / jewelry,how to make bracelet photos for a catalog,product photography; marketplace listing image; AI ecommerce photo,how-to,How to make bracelet photos for a catalog,How to make bracelet photos for a catalog,0,draft,yes,no,yes,jewelry-product-photos,P1
how-to-make-bracelet-photos-for-a-catalog,kk,accessories / jewelry,,,how-to,,,0,needs_review,no,yes,yes,jewelry-product-photos,P1
how-to-make-bracelet-photos-for-a-catalog,ky,accessories / jewelry,,,how-to,,,0,needs_review,no,yes,yes,jewelry-product-photos,P1
how-to-make-bracelet-photos-for-a-catalog,uz,accessories / jewelry,,,how-to,,,0,needs_review,no,yes,yes,jewelry-product-photos,P1
how-to-make-bracelet-photos-for-a-catalog,tg,accessories / jewelry,,,how-to,,,0,needs_review,no,yes,yes,jewelry-product-photos,P1
how-to-make-bracelet-photos-for-a-catalog,tr,accessories / jewelry,,,how-to,,,0,needs_review,no,yes,yes,jewelry-product-photos,P1
how-to-make-bracelet-photos-for-a-catalog,az,accessories / jewelry,,,how-to,,,0,needs_review,no,yes,yes,jewelry-product-photos,P1
how-to-make-bracelet-photos-for-a-catalog,ar,accessories / jewelry,,,how-to,,,0,needs_review,no,yes,yes,jewelry-product-photos,P1
how-to-make-bracelet-photos-for-a-catalog,es,accessories / jewelry,,,how-to,,,0,needs_review,no,yes,yes,jewelry-product-photos,P1
how-to-make-bracelet-photos-for-a-catalog,pt,accessories / jewelry,,,how-to,,,0,needs_review,no,yes,yes,jewelry-product-photos,P1
how-to-make-bracelet-photos-for-a-catalog,fr,accessories / jewelry,,,how-to,,,0,needs_review,no,yes,yes,jewelry-product-photos,P1
how-to-make-bracelet-photos-for-a-catalog,de,accessories / jewelry,,,how-to,,,0,needs_review,no,yes,yes,jewelry-product-photos,P1
how-to-make-bracelet-photos-for-a-catalog,it,accessories / jewelry,,,how-to,,,0,needs_review,no,yes,yes,jewelry-product-photos,P1
how-to-make-bracelet-photos-for-a-catalog,pl,accessories / jewelry,,,how-to,,,0,needs_review,no,yes,yes,jewelry-product-photos,P1
how-to-make-bracelet-photos-for-a-catalog,uk,accessories / jewelry,,,how-to,,,0,needs_review,no,yes,yes,jewelry-product-photos,P1
how-to-make-bracelet-photos-for-a-catalog,hi,accessories / jewelry,,,how-to,,,0,needs_review,no,yes,yes,jewelry-product-photos,P1
how-to-make-bracelet-photos-for-a-catalog,id,accessories / jewelry,,,how-to,,,0,needs_review,no,yes,yes,jewelry-product-photos,P1
how-to-make-bracelet-photos-for-a-catalog,vi,accessories / jewelry,,,how-to,,,0,needs_review,no,yes,yes,jewelry-product-photos,P1
how-to-make-bracelet-photos-for-a-catalog,zh,accessories / jewelry,,,how-to,,,0,needs_review,no,yes,yes,jewelry-product-photos,P1
how-to-remove-distracting-backgrounds-from-accessories,ru,accessories / jewelry,как убрать лишний фон у аксессуаров,товарное фото; карточка товара; AI для маркетплейса,how-to,Как убрать лишний фон у аксессуаров,Как убрать лишний фон у аксессуаров,0,draft,yes,no,yes,product-photo-cleanup,P1
how-to-remove-distracting-backgrounds-from-accessories,en,accessories / jewelry,how to remove distracting backgrounds from accessories,product photography; marketplace listing image; AI ecommerce photo,how-to,How to remove distracting backgrounds from accessories,How to remove distracting backgrounds from accessories,0,draft,yes,no,yes,product-photo-cleanup,P1
how-to-remove-distracting-backgrounds-from-accessories,kk,accessories / jewelry,,,how-to,,,0,needs_review,no,yes,yes,product-photo-cleanup,P1
how-to-remove-distracting-backgrounds-from-accessories,ky,accessories / jewelry,,,how-to,,,0,needs_review,no,yes,yes,product-photo-cleanup,P1
how-to-remove-distracting-backgrounds-from-accessories,uz,accessories / jewelry,,,how-to,,,0,needs_review,no,yes,yes,product-photo-cleanup,P1
how-to-remove-distracting-backgrounds-from-accessories,tg,accessories / jewelry,,,how-to,,,0,needs_review,no,yes,yes,product-photo-cleanup,P1
how-to-remove-distracting-backgrounds-from-accessories,tr,accessories / jewelry,,,how-to,,,0,needs_review,no,yes,yes,product-photo-cleanup,P1
how-to-remove-distracting-backgrounds-from-accessories,az,accessories / jewelry,,,how-to,,,0,needs_review,no,yes,yes,product-photo-cleanup,P1
how-to-remove-distracting-backgrounds-from-accessories,ar,accessories / jewelry,,,how-to,,,0,needs_review,no,yes,yes,product-photo-cleanup,P1
how-to-remove-distracting-backgrounds-from-accessories,es,accessories / jewelry,,,how-to,,,0,needs_review,no,yes,yes,product-photo-cleanup,P1
how-to-remove-distracting-backgrounds-from-accessories,pt,accessories / jewelry,,,how-to,,,0,needs_review,no,yes,yes,product-photo-cleanup,P1
how-to-remove-distracting-backgrounds-from-accessories,fr,accessories / jewelry,,,how-to,,,0,needs_review,no,yes,yes,product-photo-cleanup,P1
how-to-remove-distracting-backgrounds-from-accessories,de,accessories / jewelry,,,how-to,,,0,needs_review,no,yes,yes,product-photo-cleanup,P1
how-to-remove-distracting-backgrounds-from-accessories,it,accessories / jewelry,,,how-to,,,0,needs_review,no,yes,yes,product-photo-cleanup,P1
how-to-remove-distracting-backgrounds-from-accessories,pl,accessories / jewelry,,,how-to,,,0,needs_review,no,yes,yes,product-photo-cleanup,P1
how-to-remove-distracting-backgrounds-from-accessories,uk,accessories / jewelry,,,how-to,,,0,needs_review,no,yes,yes,product-photo-cleanup,P1
how-to-remove-distracting-backgrounds-from-accessories,hi,accessories / jewelry,,,how-to,,,0,needs_review,no,yes,yes,product-photo-cleanup,P1
how-to-remove-distracting-backgrounds-from-accessories,id,accessories / jewelry,,,how-to,,,0,needs_review,no,yes,yes,product-photo-cleanup,P1
how-to-remove-distracting-backgrounds-from-accessories,vi,accessories / jewelry,,,how-to,,,0,needs_review,no,yes,yes,product-photo-cleanup,P1
how-to-remove-distracting-backgrounds-from-accessories,zh,accessories / jewelry,,,how-to,,,0,needs_review,no,yes,yes,product-photo-cleanup,P1
why-ai-changes-jewelry-and-how-to-control-it,ru,accessories / jewelry,почему ai меняет украшения и как это контролировать,товарное фото; карточка товара; AI для маркетплейса,informational,Почему AI меняет украшения и как это контролировать,Почему AI меняет украшения и как это контролировать,0,draft,yes,no,yes,jewelry-product-photos,P1
why-ai-changes-jewelry-and-how-to-control-it,en,accessories / jewelry,why ai changes jewelry and how to control it,product photography; marketplace listing image; AI ecommerce photo,informational,Why AI changes jewelry and how to control it,Why AI changes jewelry and how to control it,0,draft,yes,no,yes,jewelry-product-photos,P1
why-ai-changes-jewelry-and-how-to-control-it,kk,accessories / jewelry,,,informational,,,0,needs_review,no,yes,yes,jewelry-product-photos,P1
why-ai-changes-jewelry-and-how-to-control-it,ky,accessories / jewelry,,,informational,,,0,needs_review,no,yes,yes,jewelry-product-photos,P1
why-ai-changes-jewelry-and-how-to-control-it,uz,accessories / jewelry,,,informational,,,0,needs_review,no,yes,yes,jewelry-product-photos,P1
why-ai-changes-jewelry-and-how-to-control-it,tg,accessories / jewelry,,,informational,,,0,needs_review,no,yes,yes,jewelry-product-photos,P1
why-ai-changes-jewelry-and-how-to-control-it,tr,accessories / jewelry,,,informational,,,0,needs_review,no,yes,yes,jewelry-product-photos,P1
why-ai-changes-jewelry-and-how-to-control-it,az,accessories / jewelry,,,informational,,,0,needs_review,no,yes,yes,jewelry-product-photos,P1
why-ai-changes-jewelry-and-how-to-control-it,ar,accessories / jewelry,,,informational,,,0,needs_review,no,yes,yes,jewelry-product-photos,P1
why-ai-changes-jewelry-and-how-to-control-it,es,accessories / jewelry,,,informational,,,0,needs_review,no,yes,yes,jewelry-product-photos,P1
why-ai-changes-jewelry-and-how-to-control-it,pt,accessories / jewelry,,,informational,,,0,needs_review,no,yes,yes,jewelry-product-photos,P1
why-ai-changes-jewelry-and-how-to-control-it,fr,accessories / jewelry,,,informational,,,0,needs_review,no,yes,yes,jewelry-product-photos,P1
why-ai-changes-jewelry-and-how-to-control-it,de,accessories / jewelry,,,informational,,,0,needs_review,no,yes,yes,jewelry-product-photos,P1
why-ai-changes-jewelry-and-how-to-control-it,it,accessories / jewelry,,,informational,,,0,needs_review,no,yes,yes,jewelry-product-photos,P1
why-ai-changes-jewelry-and-how-to-control-it,pl,accessories / jewelry,,,informational,,,0,needs_review,no,yes,yes,jewelry-product-photos,P1
why-ai-changes-jewelry-and-how-to-control-it,uk,accessories / jewelry,,,informational,,,0,needs_review,no,yes,yes,jewelry-product-photos,P1
why-ai-changes-jewelry-and-how-to-control-it,hi,accessories / jewelry,,,informational,,,0,needs_review,no,yes,yes,jewelry-product-photos,P1
why-ai-changes-jewelry-and-how-to-control-it,id,accessories / jewelry,,,informational,,,0,needs_review,no,yes,yes,jewelry-product-photos,P1
why-ai-changes-jewelry-and-how-to-control-it,vi,accessories / jewelry,,,informational,,,0,needs_review,no,yes,yes,jewelry-product-photos,P1
why-ai-changes-jewelry-and-how-to-control-it,zh,accessories / jewelry,,,informational,,,0,needs_review,no,yes,yes,jewelry-product-photos,P1
how-to-make-an-exact-product-card-for-jewelry,ru,accessories / jewelry,как сделать точную карточку товара для бижутерии,товарное фото; карточка товара; AI для маркетплейса,how-to,Как сделать точную карточку товара для бижутерии,Как сделать точную карточку товара для бижутерии,0,draft,yes,no,yes,exact-product-card;jewelry-product-photos,P1
how-to-make-an-exact-product-card-for-jewelry,en,accessories / jewelry,how to make an exact product card for jewelry,product photography; marketplace listing image; AI ecommerce photo,how-to,How to make an exact product card for jewelry,How to make an exact product card for jewelry,0,draft,yes,no,yes,exact-product-card;jewelry-product-photos,P1
how-to-make-an-exact-product-card-for-jewelry,kk,accessories / jewelry,,,how-to,,,0,needs_review,no,yes,yes,exact-product-card;jewelry-product-photos,P1
how-to-make-an-exact-product-card-for-jewelry,ky,accessories / jewelry,,,how-to,,,0,needs_review,no,yes,yes,exact-product-card;jewelry-product-photos,P1
how-to-make-an-exact-product-card-for-jewelry,uz,accessories / jewelry,,,how-to,,,0,needs_review,no,yes,yes,exact-product-card;jewelry-product-photos,P1
how-to-make-an-exact-product-card-for-jewelry,tg,accessories / jewelry,,,how-to,,,0,needs_review,no,yes,yes,exact-product-card;jewelry-product-photos,P1
how-to-make-an-exact-product-card-for-jewelry,tr,accessories / jewelry,,,how-to,,,0,needs_review,no,yes,yes,exact-product-card;jewelry-product-photos,P1
how-to-make-an-exact-product-card-for-jewelry,az,accessories / jewelry,,,how-to,,,0,needs_review,no,yes,yes,exact-product-card;jewelry-product-photos,P1
how-to-make-an-exact-product-card-for-jewelry,ar,accessories / jewelry,,,how-to,,,0,needs_review,no,yes,yes,exact-product-card;jewelry-product-photos,P1
how-to-make-an-exact-product-card-for-jewelry,es,accessories / jewelry,,,how-to,,,0,needs_review,no,yes,yes,exact-product-card;jewelry-product-photos,P1
how-to-make-an-exact-product-card-for-jewelry,pt,accessories / jewelry,,,how-to,,,0,needs_review,no,yes,yes,exact-product-card;jewelry-product-photos,P1
how-to-make-an-exact-product-card-for-jewelry,fr,accessories / jewelry,,,how-to,,,0,needs_review,no,yes,yes,exact-product-card;jewelry-product-photos,P1
how-to-make-an-exact-product-card-for-jewelry,de,accessories / jewelry,,,how-to,,,0,needs_review,no,yes,yes,exact-product-card;jewelry-product-photos,P1
how-to-make-an-exact-product-card-for-jewelry,it,accessories / jewelry,,,how-to,,,0,needs_review,no,yes,yes,exact-product-card;jewelry-product-photos,P1
how-to-make-an-exact-product-card-for-jewelry,pl,accessories / jewelry,,,how-to,,,0,needs_review,no,yes,yes,exact-product-card;jewelry-product-photos,P1
how-to-make-an-exact-product-card-for-jewelry,uk,accessories / jewelry,,,how-to,,,0,needs_review,no,yes,yes,exact-product-card;jewelry-product-photos,P1
how-to-make-an-exact-product-card-for-jewelry,hi,accessories / jewelry,,,how-to,,,0,needs_review,no,yes,yes,exact-product-card;jewelry-product-photos,P1
how-to-make-an-exact-product-card-for-jewelry,id,accessories / jewelry,,,how-to,,,0,needs_review,no,yes,yes,exact-product-card;jewelry-product-photos,P1
how-to-make-an-exact-product-card-for-jewelry,vi,accessories / jewelry,,,how-to,,,0,needs_review,no,yes,yes,exact-product-card;jewelry-product-photos,P1
how-to-make-an-exact-product-card-for-jewelry,zh,accessories / jewelry,,,how-to,,,0,needs_review,no,yes,yes,exact-product-card;jewelry-product-photos,P1
how-to-create-lifestyle-jewelry-photos,ru,accessories / jewelry,как сделать lifestyle-фото украшений,товарное фото; карточка товара; AI для маркетплейса,how-to,Как сделать lifestyle-фото украшений,Как сделать lifestyle-фото украшений,0,draft,yes,no,yes,creative-product-scene;jewelry-product-photos,P1
how-to-create-lifestyle-jewelry-photos,en,accessories / jewelry,how to create lifestyle jewelry photos,product photography; marketplace listing image; AI ecommerce photo,how-to,How to create lifestyle jewelry photos,How to create lifestyle jewelry photos,0,draft,yes,no,yes,creative-product-scene;jewelry-product-photos,P1
how-to-create-lifestyle-jewelry-photos,kk,accessories / jewelry,,,how-to,,,0,needs_review,no,yes,yes,creative-product-scene;jewelry-product-photos,P1
how-to-create-lifestyle-jewelry-photos,ky,accessories / jewelry,,,how-to,,,0,needs_review,no,yes,yes,creative-product-scene;jewelry-product-photos,P1
how-to-create-lifestyle-jewelry-photos,uz,accessories / jewelry,,,how-to,,,0,needs_review,no,yes,yes,creative-product-scene;jewelry-product-photos,P1
how-to-create-lifestyle-jewelry-photos,tg,accessories / jewelry,,,how-to,,,0,needs_review,no,yes,yes,creative-product-scene;jewelry-product-photos,P1
how-to-create-lifestyle-jewelry-photos,tr,accessories / jewelry,,,how-to,,,0,needs_review,no,yes,yes,creative-product-scene;jewelry-product-photos,P1
how-to-create-lifestyle-jewelry-photos,az,accessories / jewelry,,,how-to,,,0,needs_review,no,yes,yes,creative-product-scene;jewelry-product-photos,P1
how-to-create-lifestyle-jewelry-photos,ar,accessories / jewelry,,,how-to,,,0,needs_review,no,yes,yes,creative-product-scene;jewelry-product-photos,P1
how-to-create-lifestyle-jewelry-photos,es,accessories / jewelry,,,how-to,,,0,needs_review,no,yes,yes,creative-product-scene;jewelry-product-photos,P1
how-to-create-lifestyle-jewelry-photos,pt,accessories / jewelry,,,how-to,,,0,needs_review,no,yes,yes,creative-product-scene;jewelry-product-photos,P1
how-to-create-lifestyle-jewelry-photos,fr,accessories / jewelry,,,how-to,,,0,needs_review,no,yes,yes,creative-product-scene;jewelry-product-photos,P1
how-to-create-lifestyle-jewelry-photos,de,accessories / jewelry,,,how-to,,,0,needs_review,no,yes,yes,creative-product-scene;jewelry-product-photos,P1
how-to-create-lifestyle-jewelry-photos,it,accessories / jewelry,,,how-to,,,0,needs_review,no,yes,yes,creative-product-scene;jewelry-product-photos,P1
how-to-create-lifestyle-jewelry-photos,pl,accessories / jewelry,,,how-to,,,0,needs_review,no,yes,yes,creative-product-scene;jewelry-product-photos,P1
how-to-create-lifestyle-jewelry-photos,uk,accessories / jewelry,,,how-to,,,0,needs_review,no,yes,yes,creative-product-scene;jewelry-product-photos,P1
how-to-create-lifestyle-jewelry-photos,hi,accessories / jewelry,,,how-to,,,0,needs_review,no,yes,yes,creative-product-scene;jewelry-product-photos,P1
how-to-create-lifestyle-jewelry-photos,id,accessories / jewelry,,,how-to,,,0,needs_review,no,yes,yes,creative-product-scene;jewelry-product-photos,P1
how-to-create-lifestyle-jewelry-photos,vi,accessories / jewelry,,,how-to,,,0,needs_review,no,yes,yes,creative-product-scene;jewelry-product-photos,P1
how-to-create-lifestyle-jewelry-photos,zh,accessories / jewelry,,,how-to,,,0,needs_review,no,yes,yes,creative-product-scene;jewelry-product-photos,P1
how-to-prepare-bag-photos-for-a-marketplace,ru,accessories / jewelry,как подготовить фото сумки для маркетплейса,товарное фото; карточка товара; AI для маркетплейса,how-to,Как подготовить фото сумки для маркетплейса,Как подготовить фото сумки для маркетплейса,0,draft,yes,no,yes,bags-product-photos,P0
how-to-prepare-bag-photos-for-a-marketplace,en,accessories / jewelry,how to prepare bag photos for a marketplace,product photography; marketplace listing image; AI ecommerce photo,how-to,How to prepare bag photos for a marketplace,How to prepare bag photos for a marketplace,0,draft,yes,no,yes,bags-product-photos,P0
how-to-prepare-bag-photos-for-a-marketplace,kk,accessories / jewelry,,,how-to,,,0,needs_review,no,yes,yes,bags-product-photos,P0
how-to-prepare-bag-photos-for-a-marketplace,ky,accessories / jewelry,,,how-to,,,0,needs_review,no,yes,yes,bags-product-photos,P0
how-to-prepare-bag-photos-for-a-marketplace,uz,accessories / jewelry,,,how-to,,,0,needs_review,no,yes,yes,bags-product-photos,P0
how-to-prepare-bag-photos-for-a-marketplace,tg,accessories / jewelry,,,how-to,,,0,needs_review,no,yes,yes,bags-product-photos,P0
how-to-prepare-bag-photos-for-a-marketplace,tr,accessories / jewelry,,,how-to,,,0,needs_review,no,yes,yes,bags-product-photos,P0
how-to-prepare-bag-photos-for-a-marketplace,az,accessories / jewelry,,,how-to,,,0,needs_review,no,yes,yes,bags-product-photos,P0
how-to-prepare-bag-photos-for-a-marketplace,ar,accessories / jewelry,,,how-to,,,0,needs_review,no,yes,yes,bags-product-photos,P0
how-to-prepare-bag-photos-for-a-marketplace,es,accessories / jewelry,,,how-to,,,0,needs_review,no,yes,yes,bags-product-photos,P0
how-to-prepare-bag-photos-for-a-marketplace,pt,accessories / jewelry,,,how-to,,,0,needs_review,no,yes,yes,bags-product-photos,P0
how-to-prepare-bag-photos-for-a-marketplace,fr,accessories / jewelry,,,how-to,,,0,needs_review,no,yes,yes,bags-product-photos,P0
how-to-prepare-bag-photos-for-a-marketplace,de,accessories / jewelry,,,how-to,,,0,needs_review,no,yes,yes,bags-product-photos,P0
how-to-prepare-bag-photos-for-a-marketplace,it,accessories / jewelry,,,how-to,,,0,needs_review,no,yes,yes,bags-product-photos,P0
how-to-prepare-bag-photos-for-a-marketplace,pl,accessories / jewelry,,,how-to,,,0,needs_review,no,yes,yes,bags-product-photos,P0
how-to-prepare-bag-photos-for-a-marketplace,uk,accessories / jewelry,,,how-to,,,0,needs_review,no,yes,yes,bags-product-photos,P0
how-to-prepare-bag-photos-for-a-marketplace,hi,accessories / jewelry,,,how-to,,,0,needs_review,no,yes,yes,bags-product-photos,P0
how-to-prepare-bag-photos-for-a-marketplace,id,accessories / jewelry,,,how-to,,,0,needs_review,no,yes,yes,bags-product-photos,P0
how-to-prepare-bag-photos-for-a-marketplace,vi,accessories / jewelry,,,how-to,,,0,needs_review,no,yes,yes,bags-product-photos,P0
how-to-prepare-bag-photos-for-a-marketplace,zh,accessories / jewelry,,,how-to,,,0,needs_review,no,yes,yes,bags-product-photos,P0
how-to-create-shoe-photos-for-a-product-card,ru,accessories / jewelry,как сделать фото обуви для карточки товара,товарное фото; карточка товара; AI для маркетплейса,how-to,Как сделать фото обуви для карточки товара,Как сделать фото обуви для карточки товара,0,draft,yes,no,yes,shoes-product-photos,P0
how-to-create-shoe-photos-for-a-product-card,en,accessories / jewelry,how to create shoe photos for a product card,product photography; marketplace listing image; AI ecommerce photo,how-to,How to create shoe photos for a product card,How to create shoe photos for a product card,0,draft,yes,no,yes,shoes-product-photos,P0
how-to-create-shoe-photos-for-a-product-card,kk,accessories / jewelry,,,how-to,,,0,needs_review,no,yes,yes,shoes-product-photos,P0
how-to-create-shoe-photos-for-a-product-card,ky,accessories / jewelry,,,how-to,,,0,needs_review,no,yes,yes,shoes-product-photos,P0
how-to-create-shoe-photos-for-a-product-card,uz,accessories / jewelry,,,how-to,,,0,needs_review,no,yes,yes,shoes-product-photos,P0
how-to-create-shoe-photos-for-a-product-card,tg,accessories / jewelry,,,how-to,,,0,needs_review,no,yes,yes,shoes-product-photos,P0
how-to-create-shoe-photos-for-a-product-card,tr,accessories / jewelry,,,how-to,,,0,needs_review,no,yes,yes,shoes-product-photos,P0
how-to-create-shoe-photos-for-a-product-card,az,accessories / jewelry,,,how-to,,,0,needs_review,no,yes,yes,shoes-product-photos,P0
how-to-create-shoe-photos-for-a-product-card,ar,accessories / jewelry,,,how-to,,,0,needs_review,no,yes,yes,shoes-product-photos,P0
how-to-create-shoe-photos-for-a-product-card,es,accessories / jewelry,,,how-to,,,0,needs_review,no,yes,yes,shoes-product-photos,P0
how-to-create-shoe-photos-for-a-product-card,pt,accessories / jewelry,,,how-to,,,0,needs_review,no,yes,yes,shoes-product-photos,P0
how-to-create-shoe-photos-for-a-product-card,fr,accessories / jewelry,,,how-to,,,0,needs_review,no,yes,yes,shoes-product-photos,P0
how-to-create-shoe-photos-for-a-product-card,de,accessories / jewelry,,,how-to,,,0,needs_review,no,yes,yes,shoes-product-photos,P0
how-to-create-shoe-photos-for-a-product-card,it,accessories / jewelry,,,how-to,,,0,needs_review,no,yes,yes,shoes-product-photos,P0
how-to-create-shoe-photos-for-a-product-card,pl,accessories / jewelry,,,how-to,,,0,needs_review,no,yes,yes,shoes-product-photos,P0
how-to-create-shoe-photos-for-a-product-card,uk,accessories / jewelry,,,how-to,,,0,needs_review,no,yes,yes,shoes-product-photos,P0
how-to-create-shoe-photos-for-a-product-card,hi,accessories / jewelry,,,how-to,,,0,needs_review,no,yes,yes,shoes-product-photos,P0
how-to-create-shoe-photos-for-a-product-card,id,accessories / jewelry,,,how-to,,,0,needs_review,no,yes,yes,shoes-product-photos,P0
how-to-create-shoe-photos-for-a-product-card,vi,accessories / jewelry,,,how-to,,,0,needs_review,no,yes,yes,shoes-product-photos,P0
how-to-create-shoe-photos-for-a-product-card,zh,accessories / jewelry,,,how-to,,,0,needs_review,no,yes,yes,shoes-product-photos,P0
foto-tovarov-dlya-kaspi,ru,marketplaces,фото товара для kaspi,карточка товара kaspi; фото для kaspi магазина; подготовить фото товара kaspi,platform,Фото товара для Kaspi: как подготовить карточку без обещаний модерации,Фото товара для Kaspi: как подготовить карточку без обещаний модерации,143,published,no,no,yes,exact-product-card,P0
product-photos-for-kaspi,en,marketplaces,product photos for Kaspi,Kaspi product card photos; marketplace product photo Kaspi; product image for Kaspi,platform,Product photos for Kaspi: preparing a card without moderation promises,Product photos for Kaspi: preparing a card without moderation promises,158,published,no,no,yes,exact-product-card,P0
product-photos-for-kaspi,kk,marketplaces,,,platform,,,0,needs_review,no,yes,yes,exact-product-card,P0
product-photos-for-kaspi,ky,marketplaces,,,platform,,,0,needs_review,no,yes,yes,exact-product-card,P0
product-photos-for-kaspi,uz,marketplaces,,,platform,,,0,needs_review,no,yes,yes,exact-product-card,P0
product-photos-for-kaspi,tg,marketplaces,,,platform,,,0,needs_review,no,yes,yes,exact-product-card,P0
product-photos-for-kaspi,tr,marketplaces,,,platform,,,0,needs_review,no,yes,yes,exact-product-card,P0
product-photos-for-kaspi,az,marketplaces,,,platform,,,0,needs_review,no,yes,yes,exact-product-card,P0
product-photos-for-kaspi,ar,marketplaces,,,platform,,,0,needs_review,no,yes,yes,exact-product-card,P0
product-photos-for-kaspi,es,marketplaces,,,platform,,,0,needs_review,no,yes,yes,exact-product-card,P0
product-photos-for-kaspi,pt,marketplaces,,,platform,,,0,needs_review,no,yes,yes,exact-product-card,P0
product-photos-for-kaspi,fr,marketplaces,,,platform,,,0,needs_review,no,yes,yes,exact-product-card,P0
product-photos-for-kaspi,de,marketplaces,,,platform,,,0,needs_review,no,yes,yes,exact-product-card,P0
product-photos-for-kaspi,it,marketplaces,,,platform,,,0,needs_review,no,yes,yes,exact-product-card,P0
product-photos-for-kaspi,pl,marketplaces,,,platform,,,0,needs_review,no,yes,yes,exact-product-card,P0
product-photos-for-kaspi,uk,marketplaces,,,platform,,,0,needs_review,no,yes,yes,exact-product-card,P0
product-photos-for-kaspi,hi,marketplaces,,,platform,,,0,needs_review,no,yes,yes,exact-product-card,P0
product-photos-for-kaspi,id,marketplaces,,,platform,,,0,needs_review,no,yes,yes,exact-product-card,P0
product-photos-for-kaspi,vi,marketplaces,,,platform,,,0,needs_review,no,yes,yes,exact-product-card,P0
product-photos-for-kaspi,zh,marketplaces,,,platform,,,0,needs_review,no,yes,yes,exact-product-card,P0
product-photos-for-wildberries,ru,marketplaces,фото товаров для wildberries,товарное фото; карточка товара; AI для маркетплейса,platform,Фото товаров для Wildberries,Фото товаров для Wildberries,0,draft,yes,no,yes,clothing-on-model;marketplace-white-background,P0
product-photos-for-wildberries,en,marketplaces,product photos for wildberries,product photography; marketplace listing image; AI ecommerce photo,platform,Product photos for Wildberries,Product photos for Wildberries,0,draft,yes,no,yes,clothing-on-model;marketplace-white-background,P0
product-photos-for-wildberries,kk,marketplaces,,,platform,,,0,needs_review,no,yes,yes,clothing-on-model;marketplace-white-background,P0
product-photos-for-wildberries,ky,marketplaces,,,platform,,,0,needs_review,no,yes,yes,clothing-on-model;marketplace-white-background,P0
product-photos-for-wildberries,uz,marketplaces,,,platform,,,0,needs_review,no,yes,yes,clothing-on-model;marketplace-white-background,P0
product-photos-for-wildberries,tg,marketplaces,,,platform,,,0,needs_review,no,yes,yes,clothing-on-model;marketplace-white-background,P0
product-photos-for-wildberries,tr,marketplaces,,,platform,,,0,needs_review,no,yes,yes,clothing-on-model;marketplace-white-background,P0
product-photos-for-wildberries,az,marketplaces,,,platform,,,0,needs_review,no,yes,yes,clothing-on-model;marketplace-white-background,P0
product-photos-for-wildberries,ar,marketplaces,,,platform,,,0,needs_review,no,yes,yes,clothing-on-model;marketplace-white-background,P0
product-photos-for-wildberries,es,marketplaces,,,platform,,,0,needs_review,no,yes,yes,clothing-on-model;marketplace-white-background,P0
product-photos-for-wildberries,pt,marketplaces,,,platform,,,0,needs_review,no,yes,yes,clothing-on-model;marketplace-white-background,P0
product-photos-for-wildberries,fr,marketplaces,,,platform,,,0,needs_review,no,yes,yes,clothing-on-model;marketplace-white-background,P0
product-photos-for-wildberries,de,marketplaces,,,platform,,,0,needs_review,no,yes,yes,clothing-on-model;marketplace-white-background,P0
product-photos-for-wildberries,it,marketplaces,,,platform,,,0,needs_review,no,yes,yes,clothing-on-model;marketplace-white-background,P0
product-photos-for-wildberries,pl,marketplaces,,,platform,,,0,needs_review,no,yes,yes,clothing-on-model;marketplace-white-background,P0
product-photos-for-wildberries,uk,marketplaces,,,platform,,,0,needs_review,no,yes,yes,clothing-on-model;marketplace-white-background,P0
product-photos-for-wildberries,hi,marketplaces,,,platform,,,0,needs_review,no,yes,yes,clothing-on-model;marketplace-white-background,P0
product-photos-for-wildberries,id,marketplaces,,,platform,,,0,needs_review,no,yes,yes,clothing-on-model;marketplace-white-background,P0
product-photos-for-wildberries,vi,marketplaces,,,platform,,,0,needs_review,no,yes,yes,clothing-on-model;marketplace-white-background,P0
product-photos-for-wildberries,zh,marketplaces,,,platform,,,0,needs_review,no,yes,yes,clothing-on-model;marketplace-white-background,P0
product-photos-for-ozon,ru,marketplaces,фото товаров для ozon,товарное фото; карточка товара; AI для маркетплейса,platform,Фото товаров для Ozon,Фото товаров для Ozon,0,draft,yes,no,yes,exact-product-card;product-video-from-photo,P0
product-photos-for-ozon,en,marketplaces,product photos for ozon,product photography; marketplace listing image; AI ecommerce photo,platform,Product photos for Ozon,Product photos for Ozon,0,draft,yes,no,yes,exact-product-card;product-video-from-photo,P0
product-photos-for-ozon,kk,marketplaces,,,platform,,,0,needs_review,no,yes,yes,exact-product-card;product-video-from-photo,P0
product-photos-for-ozon,ky,marketplaces,,,platform,,,0,needs_review,no,yes,yes,exact-product-card;product-video-from-photo,P0
product-photos-for-ozon,uz,marketplaces,,,platform,,,0,needs_review,no,yes,yes,exact-product-card;product-video-from-photo,P0
product-photos-for-ozon,tg,marketplaces,,,platform,,,0,needs_review,no,yes,yes,exact-product-card;product-video-from-photo,P0
product-photos-for-ozon,tr,marketplaces,,,platform,,,0,needs_review,no,yes,yes,exact-product-card;product-video-from-photo,P0
product-photos-for-ozon,az,marketplaces,,,platform,,,0,needs_review,no,yes,yes,exact-product-card;product-video-from-photo,P0
product-photos-for-ozon,ar,marketplaces,,,platform,,,0,needs_review,no,yes,yes,exact-product-card;product-video-from-photo,P0
product-photos-for-ozon,es,marketplaces,,,platform,,,0,needs_review,no,yes,yes,exact-product-card;product-video-from-photo,P0
product-photos-for-ozon,pt,marketplaces,,,platform,,,0,needs_review,no,yes,yes,exact-product-card;product-video-from-photo,P0
product-photos-for-ozon,fr,marketplaces,,,platform,,,0,needs_review,no,yes,yes,exact-product-card;product-video-from-photo,P0
product-photos-for-ozon,de,marketplaces,,,platform,,,0,needs_review,no,yes,yes,exact-product-card;product-video-from-photo,P0
product-photos-for-ozon,it,marketplaces,,,platform,,,0,needs_review,no,yes,yes,exact-product-card;product-video-from-photo,P0
product-photos-for-ozon,pl,marketplaces,,,platform,,,0,needs_review,no,yes,yes,exact-product-card;product-video-from-photo,P0
product-photos-for-ozon,uk,marketplaces,,,platform,,,0,needs_review,no,yes,yes,exact-product-card;product-video-from-photo,P0
product-photos-for-ozon,hi,marketplaces,,,platform,,,0,needs_review,no,yes,yes,exact-product-card;product-video-from-photo,P0
product-photos-for-ozon,id,marketplaces,,,platform,,,0,needs_review,no,yes,yes,exact-product-card;product-video-from-photo,P0
product-photos-for-ozon,vi,marketplaces,,,platform,,,0,needs_review,no,yes,yes,exact-product-card;product-video-from-photo,P0
product-photos-for-ozon,zh,marketplaces,,,platform,,,0,needs_review,no,yes,yes,exact-product-card;product-video-from-photo,P0
product-photos-for-ebay,ru,marketplaces,фото товаров для ebay,товарное фото; карточка товара; AI для маркетплейса,platform,Фото товаров для eBay,Фото товаров для eBay,0,draft,yes,no,yes,marketplace-white-background,P0
product-photos-for-ebay,en,marketplaces,product photos for ebay,product photography; marketplace listing image; AI ecommerce photo,platform,Product photos for eBay,Product photos for eBay,0,draft,yes,no,yes,marketplace-white-background,P0
product-photos-for-ebay,kk,marketplaces,,,platform,,,0,needs_review,no,yes,yes,marketplace-white-background,P0
product-photos-for-ebay,ky,marketplaces,,,platform,,,0,needs_review,no,yes,yes,marketplace-white-background,P0
product-photos-for-ebay,uz,marketplaces,,,platform,,,0,needs_review,no,yes,yes,marketplace-white-background,P0
product-photos-for-ebay,tg,marketplaces,,,platform,,,0,needs_review,no,yes,yes,marketplace-white-background,P0
product-photos-for-ebay,tr,marketplaces,,,platform,,,0,needs_review,no,yes,yes,marketplace-white-background,P0
product-photos-for-ebay,az,marketplaces,,,platform,,,0,needs_review,no,yes,yes,marketplace-white-background,P0
product-photos-for-ebay,ar,marketplaces,,,platform,,,0,needs_review,no,yes,yes,marketplace-white-background,P0
product-photos-for-ebay,es,marketplaces,,,platform,,,0,needs_review,no,yes,yes,marketplace-white-background,P0
product-photos-for-ebay,pt,marketplaces,,,platform,,,0,needs_review,no,yes,yes,marketplace-white-background,P0
product-photos-for-ebay,fr,marketplaces,,,platform,,,0,needs_review,no,yes,yes,marketplace-white-background,P0
product-photos-for-ebay,de,marketplaces,,,platform,,,0,needs_review,no,yes,yes,marketplace-white-background,P0
product-photos-for-ebay,it,marketplaces,,,platform,,,0,needs_review,no,yes,yes,marketplace-white-background,P0
product-photos-for-ebay,pl,marketplaces,,,platform,,,0,needs_review,no,yes,yes,marketplace-white-background,P0
product-photos-for-ebay,uk,marketplaces,,,platform,,,0,needs_review,no,yes,yes,marketplace-white-background,P0
product-photos-for-ebay,hi,marketplaces,,,platform,,,0,needs_review,no,yes,yes,marketplace-white-background,P0
product-photos-for-ebay,id,marketplaces,,,platform,,,0,needs_review,no,yes,yes,marketplace-white-background,P0
product-photos-for-ebay,vi,marketplaces,,,platform,,,0,needs_review,no,yes,yes,marketplace-white-background,P0
product-photos-for-ebay,zh,marketplaces,,,platform,,,0,needs_review,no,yes,yes,marketplace-white-background,P0
product-photos-for-amazon,ru,marketplaces,фото товаров для amazon,товарное фото; карточка товара; AI для маркетплейса,platform,Фото товаров для Amazon,Фото товаров для Amazon,0,draft,yes,no,yes,marketplace-white-background,P0
product-photos-for-amazon,en,marketplaces,product photos for amazon,product photography; marketplace listing image; AI ecommerce photo,platform,Product photos for Amazon,Product photos for Amazon,0,draft,yes,no,yes,marketplace-white-background,P0
product-photos-for-amazon,kk,marketplaces,,,platform,,,0,needs_review,no,yes,yes,marketplace-white-background,P0
product-photos-for-amazon,ky,marketplaces,,,platform,,,0,needs_review,no,yes,yes,marketplace-white-background,P0
product-photos-for-amazon,uz,marketplaces,,,platform,,,0,needs_review,no,yes,yes,marketplace-white-background,P0
product-photos-for-amazon,tg,marketplaces,,,platform,,,0,needs_review,no,yes,yes,marketplace-white-background,P0
product-photos-for-amazon,tr,marketplaces,,,platform,,,0,needs_review,no,yes,yes,marketplace-white-background,P0
product-photos-for-amazon,az,marketplaces,,,platform,,,0,needs_review,no,yes,yes,marketplace-white-background,P0
product-photos-for-amazon,ar,marketplaces,,,platform,,,0,needs_review,no,yes,yes,marketplace-white-background,P0
product-photos-for-amazon,es,marketplaces,,,platform,,,0,needs_review,no,yes,yes,marketplace-white-background,P0
product-photos-for-amazon,pt,marketplaces,,,platform,,,0,needs_review,no,yes,yes,marketplace-white-background,P0
product-photos-for-amazon,fr,marketplaces,,,platform,,,0,needs_review,no,yes,yes,marketplace-white-background,P0
product-photos-for-amazon,de,marketplaces,,,platform,,,0,needs_review,no,yes,yes,marketplace-white-background,P0
product-photos-for-amazon,it,marketplaces,,,platform,,,0,needs_review,no,yes,yes,marketplace-white-background,P0
product-photos-for-amazon,pl,marketplaces,,,platform,,,0,needs_review,no,yes,yes,marketplace-white-background,P0
product-photos-for-amazon,uk,marketplaces,,,platform,,,0,needs_review,no,yes,yes,marketplace-white-background,P0
product-photos-for-amazon,hi,marketplaces,,,platform,,,0,needs_review,no,yes,yes,marketplace-white-background,P0
product-photos-for-amazon,id,marketplaces,,,platform,,,0,needs_review,no,yes,yes,marketplace-white-background,P0
product-photos-for-amazon,vi,marketplaces,,,platform,,,0,needs_review,no,yes,yes,marketplace-white-background,P0
product-photos-for-amazon,zh,marketplaces,,,platform,,,0,needs_review,no,yes,yes,marketplace-white-background,P0
product-photos-for-etsy,ru,marketplaces,фото товаров для etsy,товарное фото; карточка товара; AI для маркетплейса,platform,Фото товаров для Etsy,Фото товаров для Etsy,0,draft,yes,no,yes,jewelry-product-photos,P0
product-photos-for-etsy,en,marketplaces,product photos for etsy,product photography; marketplace listing image; AI ecommerce photo,platform,Product photos for Etsy,Product photos for Etsy,0,draft,yes,no,yes,jewelry-product-photos,P0
product-photos-for-etsy,kk,marketplaces,,,platform,,,0,needs_review,no,yes,yes,jewelry-product-photos,P0
product-photos-for-etsy,ky,marketplaces,,,platform,,,0,needs_review,no,yes,yes,jewelry-product-photos,P0
product-photos-for-etsy,uz,marketplaces,,,platform,,,0,needs_review,no,yes,yes,jewelry-product-photos,P0
product-photos-for-etsy,tg,marketplaces,,,platform,,,0,needs_review,no,yes,yes,jewelry-product-photos,P0
product-photos-for-etsy,tr,marketplaces,,,platform,,,0,needs_review,no,yes,yes,jewelry-product-photos,P0
product-photos-for-etsy,az,marketplaces,,,platform,,,0,needs_review,no,yes,yes,jewelry-product-photos,P0
product-photos-for-etsy,ar,marketplaces,,,platform,,,0,needs_review,no,yes,yes,jewelry-product-photos,P0
product-photos-for-etsy,es,marketplaces,,,platform,,,0,needs_review,no,yes,yes,jewelry-product-photos,P0
product-photos-for-etsy,pt,marketplaces,,,platform,,,0,needs_review,no,yes,yes,jewelry-product-photos,P0
product-photos-for-etsy,fr,marketplaces,,,platform,,,0,needs_review,no,yes,yes,jewelry-product-photos,P0
product-photos-for-etsy,de,marketplaces,,,platform,,,0,needs_review,no,yes,yes,jewelry-product-photos,P0
product-photos-for-etsy,it,marketplaces,,,platform,,,0,needs_review,no,yes,yes,jewelry-product-photos,P0
product-photos-for-etsy,pl,marketplaces,,,platform,,,0,needs_review,no,yes,yes,jewelry-product-photos,P0
product-photos-for-etsy,uk,marketplaces,,,platform,,,0,needs_review,no,yes,yes,jewelry-product-photos,P0
product-photos-for-etsy,hi,marketplaces,,,platform,,,0,needs_review,no,yes,yes,jewelry-product-photos,P0
product-photos-for-etsy,id,marketplaces,,,platform,,,0,needs_review,no,yes,yes,jewelry-product-photos,P0
product-photos-for-etsy,vi,marketplaces,,,platform,,,0,needs_review,no,yes,yes,jewelry-product-photos,P0
product-photos-for-etsy,zh,marketplaces,,,platform,,,0,needs_review,no,yes,yes,jewelry-product-photos,P0
product-photos-for-shopify,ru,marketplaces,фото товаров для shopify,товарное фото; карточка товара; AI для маркетплейса,platform,Фото товаров для Shopify,Фото товаров для Shopify,0,draft,yes,no,yes,ecommerce-catalog-photos,P1
product-photos-for-shopify,en,marketplaces,product photos for shopify,product photography; marketplace listing image; AI ecommerce photo,platform,Product photos for Shopify,Product photos for Shopify,0,draft,yes,no,yes,ecommerce-catalog-photos,P1
product-photos-for-shopify,kk,marketplaces,,,platform,,,0,needs_review,no,yes,yes,ecommerce-catalog-photos,P1
product-photos-for-shopify,ky,marketplaces,,,platform,,,0,needs_review,no,yes,yes,ecommerce-catalog-photos,P1
product-photos-for-shopify,uz,marketplaces,,,platform,,,0,needs_review,no,yes,yes,ecommerce-catalog-photos,P1
product-photos-for-shopify,tg,marketplaces,,,platform,,,0,needs_review,no,yes,yes,ecommerce-catalog-photos,P1
product-photos-for-shopify,tr,marketplaces,,,platform,,,0,needs_review,no,yes,yes,ecommerce-catalog-photos,P1
product-photos-for-shopify,az,marketplaces,,,platform,,,0,needs_review,no,yes,yes,ecommerce-catalog-photos,P1
product-photos-for-shopify,ar,marketplaces,,,platform,,,0,needs_review,no,yes,yes,ecommerce-catalog-photos,P1
product-photos-for-shopify,es,marketplaces,,,platform,,,0,needs_review,no,yes,yes,ecommerce-catalog-photos,P1
product-photos-for-shopify,pt,marketplaces,,,platform,,,0,needs_review,no,yes,yes,ecommerce-catalog-photos,P1
product-photos-for-shopify,fr,marketplaces,,,platform,,,0,needs_review,no,yes,yes,ecommerce-catalog-photos,P1
product-photos-for-shopify,de,marketplaces,,,platform,,,0,needs_review,no,yes,yes,ecommerce-catalog-photos,P1
product-photos-for-shopify,it,marketplaces,,,platform,,,0,needs_review,no,yes,yes,ecommerce-catalog-photos,P1
product-photos-for-shopify,pl,marketplaces,,,platform,,,0,needs_review,no,yes,yes,ecommerce-catalog-photos,P1
product-photos-for-shopify,uk,marketplaces,,,platform,,,0,needs_review,no,yes,yes,ecommerce-catalog-photos,P1
product-photos-for-shopify,hi,marketplaces,,,platform,,,0,needs_review,no,yes,yes,ecommerce-catalog-photos,P1
product-photos-for-shopify,id,marketplaces,,,platform,,,0,needs_review,no,yes,yes,ecommerce-catalog-photos,P1
product-photos-for-shopify,vi,marketplaces,,,platform,,,0,needs_review,no,yes,yes,ecommerce-catalog-photos,P1
product-photos-for-shopify,zh,marketplaces,,,platform,,,0,needs_review,no,yes,yes,ecommerce-catalog-photos,P1
product-photos-for-instagram-shop,ru,marketplaces,фото товаров для instagram shop,товарное фото; карточка товара; AI для маркетплейса,platform,Фото товаров для Instagram Shop,Фото товаров для Instagram Shop,0,draft,yes,no,yes,instagram-product-photos,P1
product-photos-for-instagram-shop,en,marketplaces,product photos for instagram shop,product photography; marketplace listing image; AI ecommerce photo,platform,Product photos for Instagram Shop,Product photos for Instagram Shop,0,draft,yes,no,yes,instagram-product-photos,P1
product-photos-for-instagram-shop,kk,marketplaces,,,platform,,,0,needs_review,no,yes,yes,instagram-product-photos,P1
product-photos-for-instagram-shop,ky,marketplaces,,,platform,,,0,needs_review,no,yes,yes,instagram-product-photos,P1
product-photos-for-instagram-shop,uz,marketplaces,,,platform,,,0,needs_review,no,yes,yes,instagram-product-photos,P1
product-photos-for-instagram-shop,tg,marketplaces,,,platform,,,0,needs_review,no,yes,yes,instagram-product-photos,P1
product-photos-for-instagram-shop,tr,marketplaces,,,platform,,,0,needs_review,no,yes,yes,instagram-product-photos,P1
product-photos-for-instagram-shop,az,marketplaces,,,platform,,,0,needs_review,no,yes,yes,instagram-product-photos,P1
product-photos-for-instagram-shop,ar,marketplaces,,,platform,,,0,needs_review,no,yes,yes,instagram-product-photos,P1
product-photos-for-instagram-shop,es,marketplaces,,,platform,,,0,needs_review,no,yes,yes,instagram-product-photos,P1
product-photos-for-instagram-shop,pt,marketplaces,,,platform,,,0,needs_review,no,yes,yes,instagram-product-photos,P1
product-photos-for-instagram-shop,fr,marketplaces,,,platform,,,0,needs_review,no,yes,yes,instagram-product-photos,P1
product-photos-for-instagram-shop,de,marketplaces,,,platform,,,0,needs_review,no,yes,yes,instagram-product-photos,P1
product-photos-for-instagram-shop,it,marketplaces,,,platform,,,0,needs_review,no,yes,yes,instagram-product-photos,P1
product-photos-for-instagram-shop,pl,marketplaces,,,platform,,,0,needs_review,no,yes,yes,instagram-product-photos,P1
product-photos-for-instagram-shop,uk,marketplaces,,,platform,,,0,needs_review,no,yes,yes,instagram-product-photos,P1
product-photos-for-instagram-shop,hi,marketplaces,,,platform,,,0,needs_review,no,yes,yes,instagram-product-photos,P1
product-photos-for-instagram-shop,id,marketplaces,,,platform,,,0,needs_review,no,yes,yes,instagram-product-photos,P1
product-photos-for-instagram-shop,vi,marketplaces,,,platform,,,0,needs_review,no,yes,yes,instagram-product-photos,P1
product-photos-for-instagram-shop,zh,marketplaces,,,platform,,,0,needs_review,no,yes,yes,instagram-product-photos,P1
product-photos-for-tiktok-shop,ru,marketplaces,фото товаров для tiktok shop,товарное фото; карточка товара; AI для маркетплейса,platform,Фото товаров для TikTok Shop,Фото товаров для TikTok Shop,0,draft,yes,no,yes,reels-from-product-image,P1
product-photos-for-tiktok-shop,en,marketplaces,product photos for tiktok shop,product photography; marketplace listing image; AI ecommerce photo,platform,Product photos for TikTok Shop,Product photos for TikTok Shop,0,draft,yes,no,yes,reels-from-product-image,P1
product-photos-for-tiktok-shop,kk,marketplaces,,,platform,,,0,needs_review,no,yes,yes,reels-from-product-image,P1
product-photos-for-tiktok-shop,ky,marketplaces,,,platform,,,0,needs_review,no,yes,yes,reels-from-product-image,P1
product-photos-for-tiktok-shop,uz,marketplaces,,,platform,,,0,needs_review,no,yes,yes,reels-from-product-image,P1
product-photos-for-tiktok-shop,tg,marketplaces,,,platform,,,0,needs_review,no,yes,yes,reels-from-product-image,P1
product-photos-for-tiktok-shop,tr,marketplaces,,,platform,,,0,needs_review,no,yes,yes,reels-from-product-image,P1
product-photos-for-tiktok-shop,az,marketplaces,,,platform,,,0,needs_review,no,yes,yes,reels-from-product-image,P1
product-photos-for-tiktok-shop,ar,marketplaces,,,platform,,,0,needs_review,no,yes,yes,reels-from-product-image,P1
product-photos-for-tiktok-shop,es,marketplaces,,,platform,,,0,needs_review,no,yes,yes,reels-from-product-image,P1
product-photos-for-tiktok-shop,pt,marketplaces,,,platform,,,0,needs_review,no,yes,yes,reels-from-product-image,P1
product-photos-for-tiktok-shop,fr,marketplaces,,,platform,,,0,needs_review,no,yes,yes,reels-from-product-image,P1
product-photos-for-tiktok-shop,de,marketplaces,,,platform,,,0,needs_review,no,yes,yes,reels-from-product-image,P1
product-photos-for-tiktok-shop,it,marketplaces,,,platform,,,0,needs_review,no,yes,yes,reels-from-product-image,P1
product-photos-for-tiktok-shop,pl,marketplaces,,,platform,,,0,needs_review,no,yes,yes,reels-from-product-image,P1
product-photos-for-tiktok-shop,uk,marketplaces,,,platform,,,0,needs_review,no,yes,yes,reels-from-product-image,P1
product-photos-for-tiktok-shop,hi,marketplaces,,,platform,,,0,needs_review,no,yes,yes,reels-from-product-image,P1
product-photos-for-tiktok-shop,id,marketplaces,,,platform,,,0,needs_review,no,yes,yes,reels-from-product-image,P1
product-photos-for-tiktok-shop,vi,marketplaces,,,platform,,,0,needs_review,no,yes,yes,reels-from-product-image,P1
product-photos-for-tiktok-shop,zh,marketplaces,,,platform,,,0,needs_review,no,yes,yes,reels-from-product-image,P1
product-photos-for-facebook-marketplace,ru,marketplaces,фото товаров для facebook marketplace,товарное фото; карточка товара; AI для маркетплейса,platform,Фото товаров для Facebook Marketplace,Фото товаров для Facebook Marketplace,0,draft,yes,no,yes,small-business-product-photos,P1
product-photos-for-facebook-marketplace,en,marketplaces,product photos for facebook marketplace,product photography; marketplace listing image; AI ecommerce photo,platform,Product photos for Facebook Marketplace,Product photos for Facebook Marketplace,0,draft,yes,no,yes,small-business-product-photos,P1
product-photos-for-facebook-marketplace,kk,marketplaces,,,platform,,,0,needs_review,no,yes,yes,small-business-product-photos,P1
product-photos-for-facebook-marketplace,ky,marketplaces,,,platform,,,0,needs_review,no,yes,yes,small-business-product-photos,P1
product-photos-for-facebook-marketplace,uz,marketplaces,,,platform,,,0,needs_review,no,yes,yes,small-business-product-photos,P1
product-photos-for-facebook-marketplace,tg,marketplaces,,,platform,,,0,needs_review,no,yes,yes,small-business-product-photos,P1
product-photos-for-facebook-marketplace,tr,marketplaces,,,platform,,,0,needs_review,no,yes,yes,small-business-product-photos,P1
product-photos-for-facebook-marketplace,az,marketplaces,,,platform,,,0,needs_review,no,yes,yes,small-business-product-photos,P1
product-photos-for-facebook-marketplace,ar,marketplaces,,,platform,,,0,needs_review,no,yes,yes,small-business-product-photos,P1
product-photos-for-facebook-marketplace,es,marketplaces,,,platform,,,0,needs_review,no,yes,yes,small-business-product-photos,P1
product-photos-for-facebook-marketplace,pt,marketplaces,,,platform,,,0,needs_review,no,yes,yes,small-business-product-photos,P1
product-photos-for-facebook-marketplace,fr,marketplaces,,,platform,,,0,needs_review,no,yes,yes,small-business-product-photos,P1
product-photos-for-facebook-marketplace,de,marketplaces,,,platform,,,0,needs_review,no,yes,yes,small-business-product-photos,P1
product-photos-for-facebook-marketplace,it,marketplaces,,,platform,,,0,needs_review,no,yes,yes,small-business-product-photos,P1
product-photos-for-facebook-marketplace,pl,marketplaces,,,platform,,,0,needs_review,no,yes,yes,small-business-product-photos,P1
product-photos-for-facebook-marketplace,uk,marketplaces,,,platform,,,0,needs_review,no,yes,yes,small-business-product-photos,P1
product-photos-for-facebook-marketplace,hi,marketplaces,,,platform,,,0,needs_review,no,yes,yes,small-business-product-photos,P1
product-photos-for-facebook-marketplace,id,marketplaces,,,platform,,,0,needs_review,no,yes,yes,small-business-product-photos,P1
product-photos-for-facebook-marketplace,vi,marketplaces,,,platform,,,0,needs_review,no,yes,yes,small-business-product-photos,P1
product-photos-for-facebook-marketplace,zh,marketplaces,,,platform,,,0,needs_review,no,yes,yes,small-business-product-photos,P1
product-photos-for-olx,ru,marketplaces,фото товаров для olx,товарное фото; карточка товара; AI для маркетплейса,platform,Фото товаров для OLX,Фото товаров для OLX,0,draft,yes,no,yes,small-business-product-photos,P1
product-photos-for-olx,en,marketplaces,product photos for olx,product photography; marketplace listing image; AI ecommerce photo,platform,Product photos for OLX,Product photos for OLX,0,draft,yes,no,yes,small-business-product-photos,P1
product-photos-for-olx,kk,marketplaces,,,platform,,,0,needs_review,no,yes,yes,small-business-product-photos,P1
product-photos-for-olx,ky,marketplaces,,,platform,,,0,needs_review,no,yes,yes,small-business-product-photos,P1
product-photos-for-olx,uz,marketplaces,,,platform,,,0,needs_review,no,yes,yes,small-business-product-photos,P1
product-photos-for-olx,tg,marketplaces,,,platform,,,0,needs_review,no,yes,yes,small-business-product-photos,P1
product-photos-for-olx,tr,marketplaces,,,platform,,,0,needs_review,no,yes,yes,small-business-product-photos,P1
product-photos-for-olx,az,marketplaces,,,platform,,,0,needs_review,no,yes,yes,small-business-product-photos,P1
product-photos-for-olx,ar,marketplaces,,,platform,,,0,needs_review,no,yes,yes,small-business-product-photos,P1
product-photos-for-olx,es,marketplaces,,,platform,,,0,needs_review,no,yes,yes,small-business-product-photos,P1
product-photos-for-olx,pt,marketplaces,,,platform,,,0,needs_review,no,yes,yes,small-business-product-photos,P1
product-photos-for-olx,fr,marketplaces,,,platform,,,0,needs_review,no,yes,yes,small-business-product-photos,P1
product-photos-for-olx,de,marketplaces,,,platform,,,0,needs_review,no,yes,yes,small-business-product-photos,P1
product-photos-for-olx,it,marketplaces,,,platform,,,0,needs_review,no,yes,yes,small-business-product-photos,P1
product-photos-for-olx,pl,marketplaces,,,platform,,,0,needs_review,no,yes,yes,small-business-product-photos,P1
product-photos-for-olx,uk,marketplaces,,,platform,,,0,needs_review,no,yes,yes,small-business-product-photos,P1
product-photos-for-olx,hi,marketplaces,,,platform,,,0,needs_review,no,yes,yes,small-business-product-photos,P1
product-photos-for-olx,id,marketplaces,,,platform,,,0,needs_review,no,yes,yes,small-business-product-photos,P1
product-photos-for-olx,vi,marketplaces,,,platform,,,0,needs_review,no,yes,yes,small-business-product-photos,P1
product-photos-for-olx,zh,marketplaces,,,platform,,,0,needs_review,no,yes,yes,small-business-product-photos,P1
product-photos-for-aliexpress,ru,marketplaces,фото товаров для aliexpress,товарное фото; карточка товара; AI для маркетплейса,platform,Фото товаров для AliExpress,Фото товаров для AliExpress,0,draft,yes,no,yes,supplier-catalog-photos,P1
product-photos-for-aliexpress,en,marketplaces,product photos for aliexpress,product photography; marketplace listing image; AI ecommerce photo,platform,Product photos for AliExpress,Product photos for AliExpress,0,draft,yes,no,yes,supplier-catalog-photos,P1
product-photos-for-aliexpress,kk,marketplaces,,,platform,,,0,needs_review,no,yes,yes,supplier-catalog-photos,P1
product-photos-for-aliexpress,ky,marketplaces,,,platform,,,0,needs_review,no,yes,yes,supplier-catalog-photos,P1
product-photos-for-aliexpress,uz,marketplaces,,,platform,,,0,needs_review,no,yes,yes,supplier-catalog-photos,P1
product-photos-for-aliexpress,tg,marketplaces,,,platform,,,0,needs_review,no,yes,yes,supplier-catalog-photos,P1
product-photos-for-aliexpress,tr,marketplaces,,,platform,,,0,needs_review,no,yes,yes,supplier-catalog-photos,P1
product-photos-for-aliexpress,az,marketplaces,,,platform,,,0,needs_review,no,yes,yes,supplier-catalog-photos,P1
product-photos-for-aliexpress,ar,marketplaces,,,platform,,,0,needs_review,no,yes,yes,supplier-catalog-photos,P1
product-photos-for-aliexpress,es,marketplaces,,,platform,,,0,needs_review,no,yes,yes,supplier-catalog-photos,P1
product-photos-for-aliexpress,pt,marketplaces,,,platform,,,0,needs_review,no,yes,yes,supplier-catalog-photos,P1
product-photos-for-aliexpress,fr,marketplaces,,,platform,,,0,needs_review,no,yes,yes,supplier-catalog-photos,P1
product-photos-for-aliexpress,de,marketplaces,,,platform,,,0,needs_review,no,yes,yes,supplier-catalog-photos,P1
product-photos-for-aliexpress,it,marketplaces,,,platform,,,0,needs_review,no,yes,yes,supplier-catalog-photos,P1
product-photos-for-aliexpress,pl,marketplaces,,,platform,,,0,needs_review,no,yes,yes,supplier-catalog-photos,P1
product-photos-for-aliexpress,uk,marketplaces,,,platform,,,0,needs_review,no,yes,yes,supplier-catalog-photos,P1
product-photos-for-aliexpress,hi,marketplaces,,,platform,,,0,needs_review,no,yes,yes,supplier-catalog-photos,P1
product-photos-for-aliexpress,id,marketplaces,,,platform,,,0,needs_review,no,yes,yes,supplier-catalog-photos,P1
product-photos-for-aliexpress,vi,marketplaces,,,platform,,,0,needs_review,no,yes,yes,supplier-catalog-photos,P1
product-photos-for-aliexpress,zh,marketplaces,,,platform,,,0,needs_review,no,yes,yes,supplier-catalog-photos,P1
product-photos-for-temu,ru,marketplaces,фото товаров для temu,товарное фото; карточка товара; AI для маркетплейса,platform,Фото товаров для Temu,Фото товаров для Temu,0,draft,yes,no,yes,supplier-catalog-photos,P1
product-photos-for-temu,en,marketplaces,product photos for temu,product photography; marketplace listing image; AI ecommerce photo,platform,Product photos for Temu,Product photos for Temu,0,draft,yes,no,yes,supplier-catalog-photos,P1
product-photos-for-temu,kk,marketplaces,,,platform,,,0,needs_review,no,yes,yes,supplier-catalog-photos,P1
product-photos-for-temu,ky,marketplaces,,,platform,,,0,needs_review,no,yes,yes,supplier-catalog-photos,P1
product-photos-for-temu,uz,marketplaces,,,platform,,,0,needs_review,no,yes,yes,supplier-catalog-photos,P1
product-photos-for-temu,tg,marketplaces,,,platform,,,0,needs_review,no,yes,yes,supplier-catalog-photos,P1
product-photos-for-temu,tr,marketplaces,,,platform,,,0,needs_review,no,yes,yes,supplier-catalog-photos,P1
product-photos-for-temu,az,marketplaces,,,platform,,,0,needs_review,no,yes,yes,supplier-catalog-photos,P1
product-photos-for-temu,ar,marketplaces,,,platform,,,0,needs_review,no,yes,yes,supplier-catalog-photos,P1
product-photos-for-temu,es,marketplaces,,,platform,,,0,needs_review,no,yes,yes,supplier-catalog-photos,P1
product-photos-for-temu,pt,marketplaces,,,platform,,,0,needs_review,no,yes,yes,supplier-catalog-photos,P1
product-photos-for-temu,fr,marketplaces,,,platform,,,0,needs_review,no,yes,yes,supplier-catalog-photos,P1
product-photos-for-temu,de,marketplaces,,,platform,,,0,needs_review,no,yes,yes,supplier-catalog-photos,P1
product-photos-for-temu,it,marketplaces,,,platform,,,0,needs_review,no,yes,yes,supplier-catalog-photos,P1
product-photos-for-temu,pl,marketplaces,,,platform,,,0,needs_review,no,yes,yes,supplier-catalog-photos,P1
product-photos-for-temu,uk,marketplaces,,,platform,,,0,needs_review,no,yes,yes,supplier-catalog-photos,P1
product-photos-for-temu,hi,marketplaces,,,platform,,,0,needs_review,no,yes,yes,supplier-catalog-photos,P1
product-photos-for-temu,id,marketplaces,,,platform,,,0,needs_review,no,yes,yes,supplier-catalog-photos,P1
product-photos-for-temu,vi,marketplaces,,,platform,,,0,needs_review,no,yes,yes,supplier-catalog-photos,P1
product-photos-for-temu,zh,marketplaces,,,platform,,,0,needs_review,no,yes,yes,supplier-catalog-photos,P1
1-1-format-for-product-cards,ru,formats and social,формат 1:1 для карточки товара,товарное фото; карточка товара; AI для маркетплейса,how-to,Формат 1:1 для карточки товара,Формат 1:1 для карточки товара,0,draft,yes,no,yes,exact-product-card,P1
1-1-format-for-product-cards,en,formats and social,1:1 format for product cards,product photography; marketplace listing image; AI ecommerce photo,how-to,1:1 format for product cards,1:1 format for product cards,0,draft,yes,no,yes,exact-product-card,P1
1-1-format-for-product-cards,kk,formats and social,,,how-to,,,0,needs_review,no,yes,yes,exact-product-card,P1
1-1-format-for-product-cards,ky,formats and social,,,how-to,,,0,needs_review,no,yes,yes,exact-product-card,P1
1-1-format-for-product-cards,uz,formats and social,,,how-to,,,0,needs_review,no,yes,yes,exact-product-card,P1
1-1-format-for-product-cards,tg,formats and social,,,how-to,,,0,needs_review,no,yes,yes,exact-product-card,P1
1-1-format-for-product-cards,tr,formats and social,,,how-to,,,0,needs_review,no,yes,yes,exact-product-card,P1
1-1-format-for-product-cards,az,formats and social,,,how-to,,,0,needs_review,no,yes,yes,exact-product-card,P1
1-1-format-for-product-cards,ar,formats and social,,,how-to,,,0,needs_review,no,yes,yes,exact-product-card,P1
1-1-format-for-product-cards,es,formats and social,,,how-to,,,0,needs_review,no,yes,yes,exact-product-card,P1
1-1-format-for-product-cards,pt,formats and social,,,how-to,,,0,needs_review,no,yes,yes,exact-product-card,P1
1-1-format-for-product-cards,fr,formats and social,,,how-to,,,0,needs_review,no,yes,yes,exact-product-card,P1
1-1-format-for-product-cards,de,formats and social,,,how-to,,,0,needs_review,no,yes,yes,exact-product-card,P1
1-1-format-for-product-cards,it,formats and social,,,how-to,,,0,needs_review,no,yes,yes,exact-product-card,P1
1-1-format-for-product-cards,pl,formats and social,,,how-to,,,0,needs_review,no,yes,yes,exact-product-card,P1
1-1-format-for-product-cards,uk,formats and social,,,how-to,,,0,needs_review,no,yes,yes,exact-product-card,P1
1-1-format-for-product-cards,hi,formats and social,,,how-to,,,0,needs_review,no,yes,yes,exact-product-card,P1
1-1-format-for-product-cards,id,formats and social,,,how-to,,,0,needs_review,no,yes,yes,exact-product-card,P1
1-1-format-for-product-cards,vi,formats and social,,,how-to,,,0,needs_review,no,yes,yes,exact-product-card,P1
1-1-format-for-product-cards,zh,formats and social,,,how-to,,,0,needs_review,no,yes,yes,exact-product-card,P1
4-5-format-for-marketplaces,ru,formats and social,формат 4:5 для маркетплейса,товарное фото; карточка товара; AI для маркетплейса,how-to,Формат 4:5 для маркетплейса,Формат 4:5 для маркетплейса,0,draft,yes,no,yes,exact-product-card,P1
4-5-format-for-marketplaces,en,formats and social,4:5 format for marketplaces,product photography; marketplace listing image; AI ecommerce photo,how-to,4:5 format for marketplaces,4:5 format for marketplaces,0,draft,yes,no,yes,exact-product-card,P1
4-5-format-for-marketplaces,kk,formats and social,,,how-to,,,0,needs_review,no,yes,yes,exact-product-card,P1
4-5-format-for-marketplaces,ky,formats and social,,,how-to,,,0,needs_review,no,yes,yes,exact-product-card,P1
4-5-format-for-marketplaces,uz,formats and social,,,how-to,,,0,needs_review,no,yes,yes,exact-product-card,P1
4-5-format-for-marketplaces,tg,formats and social,,,how-to,,,0,needs_review,no,yes,yes,exact-product-card,P1
4-5-format-for-marketplaces,tr,formats and social,,,how-to,,,0,needs_review,no,yes,yes,exact-product-card,P1
4-5-format-for-marketplaces,az,formats and social,,,how-to,,,0,needs_review,no,yes,yes,exact-product-card,P1
4-5-format-for-marketplaces,ar,formats and social,,,how-to,,,0,needs_review,no,yes,yes,exact-product-card,P1
4-5-format-for-marketplaces,es,formats and social,,,how-to,,,0,needs_review,no,yes,yes,exact-product-card,P1
4-5-format-for-marketplaces,pt,formats and social,,,how-to,,,0,needs_review,no,yes,yes,exact-product-card,P1
4-5-format-for-marketplaces,fr,formats and social,,,how-to,,,0,needs_review,no,yes,yes,exact-product-card,P1
4-5-format-for-marketplaces,de,formats and social,,,how-to,,,0,needs_review,no,yes,yes,exact-product-card,P1
4-5-format-for-marketplaces,it,formats and social,,,how-to,,,0,needs_review,no,yes,yes,exact-product-card,P1
4-5-format-for-marketplaces,pl,formats and social,,,how-to,,,0,needs_review,no,yes,yes,exact-product-card,P1
4-5-format-for-marketplaces,uk,formats and social,,,how-to,,,0,needs_review,no,yes,yes,exact-product-card,P1
4-5-format-for-marketplaces,hi,formats and social,,,how-to,,,0,needs_review,no,yes,yes,exact-product-card,P1
4-5-format-for-marketplaces,id,formats and social,,,how-to,,,0,needs_review,no,yes,yes,exact-product-card,P1
4-5-format-for-marketplaces,vi,formats and social,,,how-to,,,0,needs_review,no,yes,yes,exact-product-card,P1
4-5-format-for-marketplaces,zh,formats and social,,,how-to,,,0,needs_review,no,yes,yes,exact-product-card,P1
9-16-format-for-reels-and-stories,ru,formats and social,формат 9:16 для reels и stories,товарное фото; карточка товара; AI для маркетплейса,how-to,Формат 9:16 для Reels и Stories,Формат 9:16 для Reels и Stories,0,draft,yes,no,yes,reels-from-product-image,P1
9-16-format-for-reels-and-stories,en,formats and social,9:16 format for reels and stories,product photography; marketplace listing image; AI ecommerce photo,how-to,9:16 format for Reels and Stories,9:16 format for Reels and Stories,0,draft,yes,no,yes,reels-from-product-image,P1
9-16-format-for-reels-and-stories,kk,formats and social,,,how-to,,,0,needs_review,no,yes,yes,reels-from-product-image,P1
9-16-format-for-reels-and-stories,ky,formats and social,,,how-to,,,0,needs_review,no,yes,yes,reels-from-product-image,P1
9-16-format-for-reels-and-stories,uz,formats and social,,,how-to,,,0,needs_review,no,yes,yes,reels-from-product-image,P1
9-16-format-for-reels-and-stories,tg,formats and social,,,how-to,,,0,needs_review,no,yes,yes,reels-from-product-image,P1
9-16-format-for-reels-and-stories,tr,formats and social,,,how-to,,,0,needs_review,no,yes,yes,reels-from-product-image,P1
9-16-format-for-reels-and-stories,az,formats and social,,,how-to,,,0,needs_review,no,yes,yes,reels-from-product-image,P1
9-16-format-for-reels-and-stories,ar,formats and social,,,how-to,,,0,needs_review,no,yes,yes,reels-from-product-image,P1
9-16-format-for-reels-and-stories,es,formats and social,,,how-to,,,0,needs_review,no,yes,yes,reels-from-product-image,P1
9-16-format-for-reels-and-stories,pt,formats and social,,,how-to,,,0,needs_review,no,yes,yes,reels-from-product-image,P1
9-16-format-for-reels-and-stories,fr,formats and social,,,how-to,,,0,needs_review,no,yes,yes,reels-from-product-image,P1
9-16-format-for-reels-and-stories,de,formats and social,,,how-to,,,0,needs_review,no,yes,yes,reels-from-product-image,P1
9-16-format-for-reels-and-stories,it,formats and social,,,how-to,,,0,needs_review,no,yes,yes,reels-from-product-image,P1
9-16-format-for-reels-and-stories,pl,formats and social,,,how-to,,,0,needs_review,no,yes,yes,reels-from-product-image,P1
9-16-format-for-reels-and-stories,uk,formats and social,,,how-to,,,0,needs_review,no,yes,yes,reels-from-product-image,P1
9-16-format-for-reels-and-stories,hi,formats and social,,,how-to,,,0,needs_review,no,yes,yes,reels-from-product-image,P1
9-16-format-for-reels-and-stories,id,formats and social,,,how-to,,,0,needs_review,no,yes,yes,reels-from-product-image,P1
9-16-format-for-reels-and-stories,vi,formats and social,,,how-to,,,0,needs_review,no,yes,yes,reels-from-product-image,P1
9-16-format-for-reels-and-stories,zh,formats and social,,,how-to,,,0,needs_review,no,yes,yes,reels-from-product-image,P1
how-to-make-reels-from-a-product-photo,ru,formats and social,как сделать reels из фото товара,товарное фото; карточка товара; AI для маркетплейса,how-to,Как сделать Reels из фото товара,Как сделать Reels из фото товара,0,draft,yes,no,yes,reels-from-product-image,P0
how-to-make-reels-from-a-product-photo,en,formats and social,how to make reels from a product photo,product photography; marketplace listing image; AI ecommerce photo,how-to,How to make Reels from a product photo,How to make Reels from a product photo,0,draft,yes,no,yes,reels-from-product-image,P0
how-to-make-reels-from-a-product-photo,kk,formats and social,,,how-to,,,0,needs_review,no,yes,yes,reels-from-product-image,P0
how-to-make-reels-from-a-product-photo,ky,formats and social,,,how-to,,,0,needs_review,no,yes,yes,reels-from-product-image,P0
how-to-make-reels-from-a-product-photo,uz,formats and social,,,how-to,,,0,needs_review,no,yes,yes,reels-from-product-image,P0
how-to-make-reels-from-a-product-photo,tg,formats and social,,,how-to,,,0,needs_review,no,yes,yes,reels-from-product-image,P0
how-to-make-reels-from-a-product-photo,tr,formats and social,,,how-to,,,0,needs_review,no,yes,yes,reels-from-product-image,P0
how-to-make-reels-from-a-product-photo,az,formats and social,,,how-to,,,0,needs_review,no,yes,yes,reels-from-product-image,P0
how-to-make-reels-from-a-product-photo,ar,formats and social,,,how-to,,,0,needs_review,no,yes,yes,reels-from-product-image,P0
how-to-make-reels-from-a-product-photo,es,formats and social,,,how-to,,,0,needs_review,no,yes,yes,reels-from-product-image,P0
how-to-make-reels-from-a-product-photo,pt,formats and social,,,how-to,,,0,needs_review,no,yes,yes,reels-from-product-image,P0
how-to-make-reels-from-a-product-photo,fr,formats and social,,,how-to,,,0,needs_review,no,yes,yes,reels-from-product-image,P0
how-to-make-reels-from-a-product-photo,de,formats and social,,,how-to,,,0,needs_review,no,yes,yes,reels-from-product-image,P0
how-to-make-reels-from-a-product-photo,it,formats and social,,,how-to,,,0,needs_review,no,yes,yes,reels-from-product-image,P0
how-to-make-reels-from-a-product-photo,pl,formats and social,,,how-to,,,0,needs_review,no,yes,yes,reels-from-product-image,P0
how-to-make-reels-from-a-product-photo,uk,formats and social,,,how-to,,,0,needs_review,no,yes,yes,reels-from-product-image,P0
how-to-make-reels-from-a-product-photo,hi,formats and social,,,how-to,,,0,needs_review,no,yes,yes,reels-from-product-image,P0
how-to-make-reels-from-a-product-photo,id,formats and social,,,how-to,,,0,needs_review,no,yes,yes,reels-from-product-image,P0
how-to-make-reels-from-a-product-photo,vi,formats and social,,,how-to,,,0,needs_review,no,yes,yes,reels-from-product-image,P0
how-to-make-reels-from-a-product-photo,zh,formats and social,,,how-to,,,0,needs_review,no,yes,yes,reels-from-product-image,P0
how-to-create-a-product-video-from-a-photo,ru,formats and social,как сделать видео товара из фотографии,товарное фото; карточка товара; AI для маркетплейса,how-to,Как сделать видео товара из фотографии,Как сделать видео товара из фотографии,0,draft,yes,no,yes,product-video-from-photo,P0
how-to-create-a-product-video-from-a-photo,en,formats and social,how to create a product video from a photo,product photography; marketplace listing image; AI ecommerce photo,how-to,How to create a product video from a photo,How to create a product video from a photo,0,draft,yes,no,yes,product-video-from-photo,P0
how-to-create-a-product-video-from-a-photo,kk,formats and social,,,how-to,,,0,needs_review,no,yes,yes,product-video-from-photo,P0
how-to-create-a-product-video-from-a-photo,ky,formats and social,,,how-to,,,0,needs_review,no,yes,yes,product-video-from-photo,P0
how-to-create-a-product-video-from-a-photo,uz,formats and social,,,how-to,,,0,needs_review,no,yes,yes,product-video-from-photo,P0
how-to-create-a-product-video-from-a-photo,tg,formats and social,,,how-to,,,0,needs_review,no,yes,yes,product-video-from-photo,P0
how-to-create-a-product-video-from-a-photo,tr,formats and social,,,how-to,,,0,needs_review,no,yes,yes,product-video-from-photo,P0
how-to-create-a-product-video-from-a-photo,az,formats and social,,,how-to,,,0,needs_review,no,yes,yes,product-video-from-photo,P0
how-to-create-a-product-video-from-a-photo,ar,formats and social,,,how-to,,,0,needs_review,no,yes,yes,product-video-from-photo,P0
how-to-create-a-product-video-from-a-photo,es,formats and social,,,how-to,,,0,needs_review,no,yes,yes,product-video-from-photo,P0
how-to-create-a-product-video-from-a-photo,pt,formats and social,,,how-to,,,0,needs_review,no,yes,yes,product-video-from-photo,P0
how-to-create-a-product-video-from-a-photo,fr,formats and social,,,how-to,,,0,needs_review,no,yes,yes,product-video-from-photo,P0
how-to-create-a-product-video-from-a-photo,de,formats and social,,,how-to,,,0,needs_review,no,yes,yes,product-video-from-photo,P0
how-to-create-a-product-video-from-a-photo,it,formats and social,,,how-to,,,0,needs_review,no,yes,yes,product-video-from-photo,P0
how-to-create-a-product-video-from-a-photo,pl,formats and social,,,how-to,,,0,needs_review,no,yes,yes,product-video-from-photo,P0
how-to-create-a-product-video-from-a-photo,uk,formats and social,,,how-to,,,0,needs_review,no,yes,yes,product-video-from-photo,P0
how-to-create-a-product-video-from-a-photo,hi,formats and social,,,how-to,,,0,needs_review,no,yes,yes,product-video-from-photo,P0
how-to-create-a-product-video-from-a-photo,id,formats and social,,,how-to,,,0,needs_review,no,yes,yes,product-video-from-photo,P0
how-to-create-a-product-video-from-a-photo,vi,formats and social,,,how-to,,,0,needs_review,no,yes,yes,product-video-from-photo,P0
how-to-create-a-product-video-from-a-photo,zh,formats and social,,,how-to,,,0,needs_review,no,yes,yes,product-video-from-photo,P0
how-to-prepare-product-photos-for-instagram,ru,formats and social,как подготовить фото для instagram,товарное фото; карточка товара; AI для маркетплейса,how-to,Как подготовить фото для Instagram,Как подготовить фото для Instagram,0,draft,yes,no,yes,instagram-product-photos,P1
how-to-prepare-product-photos-for-instagram,en,formats and social,how to prepare product photos for instagram,product photography; marketplace listing image; AI ecommerce photo,how-to,How to prepare product photos for Instagram,How to prepare product photos for Instagram,0,draft,yes,no,yes,instagram-product-photos,P1
how-to-prepare-product-photos-for-instagram,kk,formats and social,,,how-to,,,0,needs_review,no,yes,yes,instagram-product-photos,P1
how-to-prepare-product-photos-for-instagram,ky,formats and social,,,how-to,,,0,needs_review,no,yes,yes,instagram-product-photos,P1
how-to-prepare-product-photos-for-instagram,uz,formats and social,,,how-to,,,0,needs_review,no,yes,yes,instagram-product-photos,P1
how-to-prepare-product-photos-for-instagram,tg,formats and social,,,how-to,,,0,needs_review,no,yes,yes,instagram-product-photos,P1
how-to-prepare-product-photos-for-instagram,tr,formats and social,,,how-to,,,0,needs_review,no,yes,yes,instagram-product-photos,P1
how-to-prepare-product-photos-for-instagram,az,formats and social,,,how-to,,,0,needs_review,no,yes,yes,instagram-product-photos,P1
how-to-prepare-product-photos-for-instagram,ar,formats and social,,,how-to,,,0,needs_review,no,yes,yes,instagram-product-photos,P1
how-to-prepare-product-photos-for-instagram,es,formats and social,,,how-to,,,0,needs_review,no,yes,yes,instagram-product-photos,P1
how-to-prepare-product-photos-for-instagram,pt,formats and social,,,how-to,,,0,needs_review,no,yes,yes,instagram-product-photos,P1
how-to-prepare-product-photos-for-instagram,fr,formats and social,,,how-to,,,0,needs_review,no,yes,yes,instagram-product-photos,P1
how-to-prepare-product-photos-for-instagram,de,formats and social,,,how-to,,,0,needs_review,no,yes,yes,instagram-product-photos,P1
how-to-prepare-product-photos-for-instagram,it,formats and social,,,how-to,,,0,needs_review,no,yes,yes,instagram-product-photos,P1
how-to-prepare-product-photos-for-instagram,pl,formats and social,,,how-to,,,0,needs_review,no,yes,yes,instagram-product-photos,P1
how-to-prepare-product-photos-for-instagram,uk,formats and social,,,how-to,,,0,needs_review,no,yes,yes,instagram-product-photos,P1
how-to-prepare-product-photos-for-instagram,hi,formats and social,,,how-to,,,0,needs_review,no,yes,yes,instagram-product-photos,P1
how-to-prepare-product-photos-for-instagram,id,formats and social,,,how-to,,,0,needs_review,no,yes,yes,instagram-product-photos,P1
how-to-prepare-product-photos-for-instagram,vi,formats and social,,,how-to,,,0,needs_review,no,yes,yes,instagram-product-photos,P1
how-to-prepare-product-photos-for-instagram,zh,formats and social,,,how-to,,,0,needs_review,no,yes,yes,instagram-product-photos,P1
how-to-make-a-product-banner-for-ads,ru,formats and social,как сделать баннер товара для рекламы,товарное фото; карточка товара; AI для маркетплейса,how-to,Как сделать баннер товара для рекламы,Как сделать баннер товара для рекламы,0,draft,yes,no,yes,creative-product-scene,P1
how-to-make-a-product-banner-for-ads,en,formats and social,how to make a product banner for ads,product photography; marketplace listing image; AI ecommerce photo,how-to,How to make a product banner for ads,How to make a product banner for ads,0,draft,yes,no,yes,creative-product-scene,P1
how-to-make-a-product-banner-for-ads,kk,formats and social,,,how-to,,,0,needs_review,no,yes,yes,creative-product-scene,P1
how-to-make-a-product-banner-for-ads,ky,formats and social,,,how-to,,,0,needs_review,no,yes,yes,creative-product-scene,P1
how-to-make-a-product-banner-for-ads,uz,formats and social,,,how-to,,,0,needs_review,no,yes,yes,creative-product-scene,P1
how-to-make-a-product-banner-for-ads,tg,formats and social,,,how-to,,,0,needs_review,no,yes,yes,creative-product-scene,P1
how-to-make-a-product-banner-for-ads,tr,formats and social,,,how-to,,,0,needs_review,no,yes,yes,creative-product-scene,P1
how-to-make-a-product-banner-for-ads,az,formats and social,,,how-to,,,0,needs_review,no,yes,yes,creative-product-scene,P1
how-to-make-a-product-banner-for-ads,ar,formats and social,,,how-to,,,0,needs_review,no,yes,yes,creative-product-scene,P1
how-to-make-a-product-banner-for-ads,es,formats and social,,,how-to,,,0,needs_review,no,yes,yes,creative-product-scene,P1
how-to-make-a-product-banner-for-ads,pt,formats and social,,,how-to,,,0,needs_review,no,yes,yes,creative-product-scene,P1
how-to-make-a-product-banner-for-ads,fr,formats and social,,,how-to,,,0,needs_review,no,yes,yes,creative-product-scene,P1
how-to-make-a-product-banner-for-ads,de,formats and social,,,how-to,,,0,needs_review,no,yes,yes,creative-product-scene,P1
how-to-make-a-product-banner-for-ads,it,formats and social,,,how-to,,,0,needs_review,no,yes,yes,creative-product-scene,P1
how-to-make-a-product-banner-for-ads,pl,formats and social,,,how-to,,,0,needs_review,no,yes,yes,creative-product-scene,P1
how-to-make-a-product-banner-for-ads,uk,formats and social,,,how-to,,,0,needs_review,no,yes,yes,creative-product-scene,P1
how-to-make-a-product-banner-for-ads,hi,formats and social,,,how-to,,,0,needs_review,no,yes,yes,creative-product-scene,P1
how-to-make-a-product-banner-for-ads,id,formats and social,,,how-to,,,0,needs_review,no,yes,yes,creative-product-scene,P1
how-to-make-a-product-banner-for-ads,vi,formats and social,,,how-to,,,0,needs_review,no,yes,yes,creative-product-scene,P1
how-to-make-a-product-banner-for-ads,zh,formats and social,,,how-to,,,0,needs_review,no,yes,yes,creative-product-scene,P1
how-to-adapt-product-photos-for-different-platforms,ru,formats and social,как адаптировать фото товара под разные площадки,товарное фото; карточка товара; AI для маркетплейса,how-to,Как адаптировать фото товара под разные площадки,Как адаптировать фото товара под разные площадки,0,draft,yes,no,yes,ecommerce-catalog-photos,P1
how-to-adapt-product-photos-for-different-platforms,en,formats and social,how to adapt product photos for different platforms,product photography; marketplace listing image; AI ecommerce photo,how-to,How to adapt product photos for different platforms,How to adapt product photos for different platforms,0,draft,yes,no,yes,ecommerce-catalog-photos,P1
how-to-adapt-product-photos-for-different-platforms,kk,formats and social,,,how-to,,,0,needs_review,no,yes,yes,ecommerce-catalog-photos,P1
how-to-adapt-product-photos-for-different-platforms,ky,formats and social,,,how-to,,,0,needs_review,no,yes,yes,ecommerce-catalog-photos,P1
how-to-adapt-product-photos-for-different-platforms,uz,formats and social,,,how-to,,,0,needs_review,no,yes,yes,ecommerce-catalog-photos,P1
how-to-adapt-product-photos-for-different-platforms,tg,formats and social,,,how-to,,,0,needs_review,no,yes,yes,ecommerce-catalog-photos,P1
how-to-adapt-product-photos-for-different-platforms,tr,formats and social,,,how-to,,,0,needs_review,no,yes,yes,ecommerce-catalog-photos,P1
how-to-adapt-product-photos-for-different-platforms,az,formats and social,,,how-to,,,0,needs_review,no,yes,yes,ecommerce-catalog-photos,P1
how-to-adapt-product-photos-for-different-platforms,ar,formats and social,,,how-to,,,0,needs_review,no,yes,yes,ecommerce-catalog-photos,P1
how-to-adapt-product-photos-for-different-platforms,es,formats and social,,,how-to,,,0,needs_review,no,yes,yes,ecommerce-catalog-photos,P1
how-to-adapt-product-photos-for-different-platforms,pt,formats and social,,,how-to,,,0,needs_review,no,yes,yes,ecommerce-catalog-photos,P1
how-to-adapt-product-photos-for-different-platforms,fr,formats and social,,,how-to,,,0,needs_review,no,yes,yes,ecommerce-catalog-photos,P1
how-to-adapt-product-photos-for-different-platforms,de,formats and social,,,how-to,,,0,needs_review,no,yes,yes,ecommerce-catalog-photos,P1
how-to-adapt-product-photos-for-different-platforms,it,formats and social,,,how-to,,,0,needs_review,no,yes,yes,ecommerce-catalog-photos,P1
how-to-adapt-product-photos-for-different-platforms,pl,formats and social,,,how-to,,,0,needs_review,no,yes,yes,ecommerce-catalog-photos,P1
how-to-adapt-product-photos-for-different-platforms,uk,formats and social,,,how-to,,,0,needs_review,no,yes,yes,ecommerce-catalog-photos,P1
how-to-adapt-product-photos-for-different-platforms,hi,formats and social,,,how-to,,,0,needs_review,no,yes,yes,ecommerce-catalog-photos,P1
how-to-adapt-product-photos-for-different-platforms,id,formats and social,,,how-to,,,0,needs_review,no,yes,yes,ecommerce-catalog-photos,P1
how-to-adapt-product-photos-for-different-platforms,vi,formats and social,,,how-to,,,0,needs_review,no,yes,yes,ecommerce-catalog-photos,P1
how-to-adapt-product-photos-for-different-platforms,zh,formats and social,,,how-to,,,0,needs_review,no,yes,yes,ecommerce-catalog-photos,P1
how-to-make-a-vertical-product-photo,ru,formats and social,как сделать вертикальное фото товара,товарное фото; карточка товара; AI для маркетплейса,how-to,Как сделать вертикальное фото товара,Как сделать вертикальное фото товара,0,draft,yes,no,yes,instagram-product-photos,P1
how-to-make-a-vertical-product-photo,en,formats and social,how to make a vertical product photo,product photography; marketplace listing image; AI ecommerce photo,how-to,How to make a vertical product photo,How to make a vertical product photo,0,draft,yes,no,yes,instagram-product-photos,P1
how-to-make-a-vertical-product-photo,kk,formats and social,,,how-to,,,0,needs_review,no,yes,yes,instagram-product-photos,P1
how-to-make-a-vertical-product-photo,ky,formats and social,,,how-to,,,0,needs_review,no,yes,yes,instagram-product-photos,P1
how-to-make-a-vertical-product-photo,uz,formats and social,,,how-to,,,0,needs_review,no,yes,yes,instagram-product-photos,P1
how-to-make-a-vertical-product-photo,tg,formats and social,,,how-to,,,0,needs_review,no,yes,yes,instagram-product-photos,P1
how-to-make-a-vertical-product-photo,tr,formats and social,,,how-to,,,0,needs_review,no,yes,yes,instagram-product-photos,P1
how-to-make-a-vertical-product-photo,az,formats and social,,,how-to,,,0,needs_review,no,yes,yes,instagram-product-photos,P1
how-to-make-a-vertical-product-photo,ar,formats and social,,,how-to,,,0,needs_review,no,yes,yes,instagram-product-photos,P1
how-to-make-a-vertical-product-photo,es,formats and social,,,how-to,,,0,needs_review,no,yes,yes,instagram-product-photos,P1
how-to-make-a-vertical-product-photo,pt,formats and social,,,how-to,,,0,needs_review,no,yes,yes,instagram-product-photos,P1
how-to-make-a-vertical-product-photo,fr,formats and social,,,how-to,,,0,needs_review,no,yes,yes,instagram-product-photos,P1
how-to-make-a-vertical-product-photo,de,formats and social,,,how-to,,,0,needs_review,no,yes,yes,instagram-product-photos,P1
how-to-make-a-vertical-product-photo,it,formats and social,,,how-to,,,0,needs_review,no,yes,yes,instagram-product-photos,P1
how-to-make-a-vertical-product-photo,pl,formats and social,,,how-to,,,0,needs_review,no,yes,yes,instagram-product-photos,P1
how-to-make-a-vertical-product-photo,uk,formats and social,,,how-to,,,0,needs_review,no,yes,yes,instagram-product-photos,P1
how-to-make-a-vertical-product-photo,hi,formats and social,,,how-to,,,0,needs_review,no,yes,yes,instagram-product-photos,P1
how-to-make-a-vertical-product-photo,id,formats and social,,,how-to,,,0,needs_review,no,yes,yes,instagram-product-photos,P1
how-to-make-a-vertical-product-photo,vi,formats and social,,,how-to,,,0,needs_review,no,yes,yes,instagram-product-photos,P1
how-to-make-a-vertical-product-photo,zh,formats and social,,,how-to,,,0,needs_review,no,yes,yes,instagram-product-photos,P1
how-to-make-a-horizontal-product-photo,ru,formats and social,как сделать горизонтальное фото товара,товарное фото; карточка товара; AI для маркетплейса,how-to,Как сделать горизонтальное фото товара,Как сделать горизонтальное фото товара,0,draft,yes,no,yes,ecommerce-catalog-photos,P1
how-to-make-a-horizontal-product-photo,en,formats and social,how to make a horizontal product photo,product photography; marketplace listing image; AI ecommerce photo,how-to,How to make a horizontal product photo,How to make a horizontal product photo,0,draft,yes,no,yes,ecommerce-catalog-photos,P1
how-to-make-a-horizontal-product-photo,kk,formats and social,,,how-to,,,0,needs_review,no,yes,yes,ecommerce-catalog-photos,P1
how-to-make-a-horizontal-product-photo,ky,formats and social,,,how-to,,,0,needs_review,no,yes,yes,ecommerce-catalog-photos,P1
how-to-make-a-horizontal-product-photo,uz,formats and social,,,how-to,,,0,needs_review,no,yes,yes,ecommerce-catalog-photos,P1
how-to-make-a-horizontal-product-photo,tg,formats and social,,,how-to,,,0,needs_review,no,yes,yes,ecommerce-catalog-photos,P1
how-to-make-a-horizontal-product-photo,tr,formats and social,,,how-to,,,0,needs_review,no,yes,yes,ecommerce-catalog-photos,P1
how-to-make-a-horizontal-product-photo,az,formats and social,,,how-to,,,0,needs_review,no,yes,yes,ecommerce-catalog-photos,P1
how-to-make-a-horizontal-product-photo,ar,formats and social,,,how-to,,,0,needs_review,no,yes,yes,ecommerce-catalog-photos,P1
how-to-make-a-horizontal-product-photo,es,formats and social,,,how-to,,,0,needs_review,no,yes,yes,ecommerce-catalog-photos,P1
how-to-make-a-horizontal-product-photo,pt,formats and social,,,how-to,,,0,needs_review,no,yes,yes,ecommerce-catalog-photos,P1
how-to-make-a-horizontal-product-photo,fr,formats and social,,,how-to,,,0,needs_review,no,yes,yes,ecommerce-catalog-photos,P1
how-to-make-a-horizontal-product-photo,de,formats and social,,,how-to,,,0,needs_review,no,yes,yes,ecommerce-catalog-photos,P1
how-to-make-a-horizontal-product-photo,it,formats and social,,,how-to,,,0,needs_review,no,yes,yes,ecommerce-catalog-photos,P1
how-to-make-a-horizontal-product-photo,pl,formats and social,,,how-to,,,0,needs_review,no,yes,yes,ecommerce-catalog-photos,P1
how-to-make-a-horizontal-product-photo,uk,formats and social,,,how-to,,,0,needs_review,no,yes,yes,ecommerce-catalog-photos,P1
how-to-make-a-horizontal-product-photo,hi,formats and social,,,how-to,,,0,needs_review,no,yes,yes,ecommerce-catalog-photos,P1
how-to-make-a-horizontal-product-photo,id,formats and social,,,how-to,,,0,needs_review,no,yes,yes,ecommerce-catalog-photos,P1
how-to-make-a-horizontal-product-photo,vi,formats and social,,,how-to,,,0,needs_review,no,yes,yes,ecommerce-catalog-photos,P1
how-to-make-a-horizontal-product-photo,zh,formats and social,,,how-to,,,0,needs_review,no,yes,yes,ecommerce-catalog-photos,P1
how-sellers-can-prepare-a-product-catalog-quickly,ru,workflow / SaaS / business,как продавцу быстро подготовить каталог товаров,товарное фото; карточка товара; AI для маркетплейса,how-to,Как продавцу быстро подготовить каталог товаров,Как продавцу быстро подготовить каталог товаров,0,draft,yes,no,yes,ecommerce-catalog-photos,P1
how-sellers-can-prepare-a-product-catalog-quickly,en,workflow / SaaS / business,how sellers can prepare a product catalog quickly,product photography; marketplace listing image; AI ecommerce photo,how-to,How sellers can prepare a product catalog quickly,How sellers can prepare a product catalog quickly,0,draft,yes,no,yes,ecommerce-catalog-photos,P1
how-sellers-can-prepare-a-product-catalog-quickly,kk,workflow / SaaS / business,,,how-to,,,0,needs_review,no,yes,yes,ecommerce-catalog-photos,P1
how-sellers-can-prepare-a-product-catalog-quickly,ky,workflow / SaaS / business,,,how-to,,,0,needs_review,no,yes,yes,ecommerce-catalog-photos,P1
how-sellers-can-prepare-a-product-catalog-quickly,uz,workflow / SaaS / business,,,how-to,,,0,needs_review,no,yes,yes,ecommerce-catalog-photos,P1
how-sellers-can-prepare-a-product-catalog-quickly,tg,workflow / SaaS / business,,,how-to,,,0,needs_review,no,yes,yes,ecommerce-catalog-photos,P1
how-sellers-can-prepare-a-product-catalog-quickly,tr,workflow / SaaS / business,,,how-to,,,0,needs_review,no,yes,yes,ecommerce-catalog-photos,P1
how-sellers-can-prepare-a-product-catalog-quickly,az,workflow / SaaS / business,,,how-to,,,0,needs_review,no,yes,yes,ecommerce-catalog-photos,P1
how-sellers-can-prepare-a-product-catalog-quickly,ar,workflow / SaaS / business,,,how-to,,,0,needs_review,no,yes,yes,ecommerce-catalog-photos,P1
how-sellers-can-prepare-a-product-catalog-quickly,es,workflow / SaaS / business,,,how-to,,,0,needs_review,no,yes,yes,ecommerce-catalog-photos,P1
how-sellers-can-prepare-a-product-catalog-quickly,pt,workflow / SaaS / business,,,how-to,,,0,needs_review,no,yes,yes,ecommerce-catalog-photos,P1
how-sellers-can-prepare-a-product-catalog-quickly,fr,workflow / SaaS / business,,,how-to,,,0,needs_review,no,yes,yes,ecommerce-catalog-photos,P1
how-sellers-can-prepare-a-product-catalog-quickly,de,workflow / SaaS / business,,,how-to,,,0,needs_review,no,yes,yes,ecommerce-catalog-photos,P1
how-sellers-can-prepare-a-product-catalog-quickly,it,workflow / SaaS / business,,,how-to,,,0,needs_review,no,yes,yes,ecommerce-catalog-photos,P1
how-sellers-can-prepare-a-product-catalog-quickly,pl,workflow / SaaS / business,,,how-to,,,0,needs_review,no,yes,yes,ecommerce-catalog-photos,P1
how-sellers-can-prepare-a-product-catalog-quickly,uk,workflow / SaaS / business,,,how-to,,,0,needs_review,no,yes,yes,ecommerce-catalog-photos,P1
how-sellers-can-prepare-a-product-catalog-quickly,hi,workflow / SaaS / business,,,how-to,,,0,needs_review,no,yes,yes,ecommerce-catalog-photos,P1
how-sellers-can-prepare-a-product-catalog-quickly,id,workflow / SaaS / business,,,how-to,,,0,needs_review,no,yes,yes,ecommerce-catalog-photos,P1
how-sellers-can-prepare-a-product-catalog-quickly,vi,workflow / SaaS / business,,,how-to,,,0,needs_review,no,yes,yes,ecommerce-catalog-photos,P1
how-sellers-can-prepare-a-product-catalog-quickly,zh,workflow / SaaS / business,,,how-to,,,0,needs_review,no,yes,yes,ecommerce-catalog-photos,P1
how-marketplace-managers-can-speed-up-content,ru,workflow / SaaS / business,как менеджеру маркетплейса ускорить контент,товарное фото; карточка товара; AI для маркетплейса,how-to,Как менеджеру маркетплейса ускорить контент,Как менеджеру маркетплейса ускорить контент,0,draft,yes,no,yes,marketplace-content-manager-workflow,P1
how-marketplace-managers-can-speed-up-content,en,workflow / SaaS / business,how marketplace managers can speed up content,product photography; marketplace listing image; AI ecommerce photo,how-to,How marketplace managers can speed up content,How marketplace managers can speed up content,0,draft,yes,no,yes,marketplace-content-manager-workflow,P1
how-marketplace-managers-can-speed-up-content,kk,workflow / SaaS / business,,,how-to,,,0,needs_review,no,yes,yes,marketplace-content-manager-workflow,P1
how-marketplace-managers-can-speed-up-content,ky,workflow / SaaS / business,,,how-to,,,0,needs_review,no,yes,yes,marketplace-content-manager-workflow,P1
how-marketplace-managers-can-speed-up-content,uz,workflow / SaaS / business,,,how-to,,,0,needs_review,no,yes,yes,marketplace-content-manager-workflow,P1
how-marketplace-managers-can-speed-up-content,tg,workflow / SaaS / business,,,how-to,,,0,needs_review,no,yes,yes,marketplace-content-manager-workflow,P1
how-marketplace-managers-can-speed-up-content,tr,workflow / SaaS / business,,,how-to,,,0,needs_review,no,yes,yes,marketplace-content-manager-workflow,P1
how-marketplace-managers-can-speed-up-content,az,workflow / SaaS / business,,,how-to,,,0,needs_review,no,yes,yes,marketplace-content-manager-workflow,P1
how-marketplace-managers-can-speed-up-content,ar,workflow / SaaS / business,,,how-to,,,0,needs_review,no,yes,yes,marketplace-content-manager-workflow,P1
how-marketplace-managers-can-speed-up-content,es,workflow / SaaS / business,,,how-to,,,0,needs_review,no,yes,yes,marketplace-content-manager-workflow,P1
how-marketplace-managers-can-speed-up-content,pt,workflow / SaaS / business,,,how-to,,,0,needs_review,no,yes,yes,marketplace-content-manager-workflow,P1
how-marketplace-managers-can-speed-up-content,fr,workflow / SaaS / business,,,how-to,,,0,needs_review,no,yes,yes,marketplace-content-manager-workflow,P1
how-marketplace-managers-can-speed-up-content,de,workflow / SaaS / business,,,how-to,,,0,needs_review,no,yes,yes,marketplace-content-manager-workflow,P1
how-marketplace-managers-can-speed-up-content,it,workflow / SaaS / business,,,how-to,,,0,needs_review,no,yes,yes,marketplace-content-manager-workflow,P1
how-marketplace-managers-can-speed-up-content,pl,workflow / SaaS / business,,,how-to,,,0,needs_review,no,yes,yes,marketplace-content-manager-workflow,P1
how-marketplace-managers-can-speed-up-content,uk,workflow / SaaS / business,,,how-to,,,0,needs_review,no,yes,yes,marketplace-content-manager-workflow,P1
how-marketplace-managers-can-speed-up-content,hi,workflow / SaaS / business,,,how-to,,,0,needs_review,no,yes,yes,marketplace-content-manager-workflow,P1
how-marketplace-managers-can-speed-up-content,id,workflow / SaaS / business,,,how-to,,,0,needs_review,no,yes,yes,marketplace-content-manager-workflow,P1
how-marketplace-managers-can-speed-up-content,vi,workflow / SaaS / business,,,how-to,,,0,needs_review,no,yes,yes,marketplace-content-manager-workflow,P1
how-marketplace-managers-can-speed-up-content,zh,workflow / SaaS / business,,,how-to,,,0,needs_review,no,yes,yes,marketplace-content-manager-workflow,P1
how-a-showroom-can-create-product-photos-without-a-photographer,ru,workflow / SaaS / business,как шоуруму сделать фото товаров без фотографа,товарное фото; карточка товара; AI для маркетплейса,how-to,Как шоуруму сделать фото товаров без фотографа,Как шоуруму сделать фото товаров без фотографа,0,draft,yes,no,yes,showroom-product-photos,P1
how-a-showroom-can-create-product-photos-without-a-photographer,en,workflow / SaaS / business,how a showroom can create product photos without a photographer,product photography; marketplace listing image; AI ecommerce photo,how-to,How a showroom can create product photos without a photographer,How a showroom can create product photos without a photographer,0,draft,yes,no,yes,showroom-product-photos,P1
how-a-showroom-can-create-product-photos-without-a-photographer,kk,workflow / SaaS / business,,,how-to,,,0,needs_review,no,yes,yes,showroom-product-photos,P1
how-a-showroom-can-create-product-photos-without-a-photographer,ky,workflow / SaaS / business,,,how-to,,,0,needs_review,no,yes,yes,showroom-product-photos,P1
how-a-showroom-can-create-product-photos-without-a-photographer,uz,workflow / SaaS / business,,,how-to,,,0,needs_review,no,yes,yes,showroom-product-photos,P1
how-a-showroom-can-create-product-photos-without-a-photographer,tg,workflow / SaaS / business,,,how-to,,,0,needs_review,no,yes,yes,showroom-product-photos,P1
how-a-showroom-can-create-product-photos-without-a-photographer,tr,workflow / SaaS / business,,,how-to,,,0,needs_review,no,yes,yes,showroom-product-photos,P1
how-a-showroom-can-create-product-photos-without-a-photographer,az,workflow / SaaS / business,,,how-to,,,0,needs_review,no,yes,yes,showroom-product-photos,P1
how-a-showroom-can-create-product-photos-without-a-photographer,ar,workflow / SaaS / business,,,how-to,,,0,needs_review,no,yes,yes,showroom-product-photos,P1
how-a-showroom-can-create-product-photos-without-a-photographer,es,workflow / SaaS / business,,,how-to,,,0,needs_review,no,yes,yes,showroom-product-photos,P1
how-a-showroom-can-create-product-photos-without-a-photographer,pt,workflow / SaaS / business,,,how-to,,,0,needs_review,no,yes,yes,showroom-product-photos,P1
how-a-showroom-can-create-product-photos-without-a-photographer,fr,workflow / SaaS / business,,,how-to,,,0,needs_review,no,yes,yes,showroom-product-photos,P1
how-a-showroom-can-create-product-photos-without-a-photographer,de,workflow / SaaS / business,,,how-to,,,0,needs_review,no,yes,yes,showroom-product-photos,P1
how-a-showroom-can-create-product-photos-without-a-photographer,it,workflow / SaaS / business,,,how-to,,,0,needs_review,no,yes,yes,showroom-product-photos,P1
how-a-showroom-can-create-product-photos-without-a-photographer,pl,workflow / SaaS / business,,,how-to,,,0,needs_review,no,yes,yes,showroom-product-photos,P1
how-a-showroom-can-create-product-photos-without-a-photographer,uk,workflow / SaaS / business,,,how-to,,,0,needs_review,no,yes,yes,showroom-product-photos,P1
how-a-showroom-can-create-product-photos-without-a-photographer,hi,workflow / SaaS / business,,,how-to,,,0,needs_review,no,yes,yes,showroom-product-photos,P1
how-a-showroom-can-create-product-photos-without-a-photographer,id,workflow / SaaS / business,,,how-to,,,0,needs_review,no,yes,yes,showroom-product-photos,P1
how-a-showroom-can-create-product-photos-without-a-photographer,vi,workflow / SaaS / business,,,how-to,,,0,needs_review,no,yes,yes,showroom-product-photos,P1
how-a-showroom-can-create-product-photos-without-a-photographer,zh,workflow / SaaS / business,,,how-to,,,0,needs_review,no,yes,yes,showroom-product-photos,P1
how-suppliers-can-prepare-a-catalog-for-clients,ru,workflow / SaaS / business,как поставщику подготовить каталог для клиентов,товарное фото; карточка товара; AI для маркетплейса,how-to,Как поставщику подготовить каталог для клиентов,Как поставщику подготовить каталог для клиентов,0,draft,yes,no,yes,supplier-catalog-photos,P1
how-suppliers-can-prepare-a-catalog-for-clients,en,workflow / SaaS / business,how suppliers can prepare a catalog for clients,product photography; marketplace listing image; AI ecommerce photo,how-to,How suppliers can prepare a catalog for clients,How suppliers can prepare a catalog for clients,0,draft,yes,no,yes,supplier-catalog-photos,P1
how-suppliers-can-prepare-a-catalog-for-clients,kk,workflow / SaaS / business,,,how-to,,,0,needs_review,no,yes,yes,supplier-catalog-photos,P1
how-suppliers-can-prepare-a-catalog-for-clients,ky,workflow / SaaS / business,,,how-to,,,0,needs_review,no,yes,yes,supplier-catalog-photos,P1
how-suppliers-can-prepare-a-catalog-for-clients,uz,workflow / SaaS / business,,,how-to,,,0,needs_review,no,yes,yes,supplier-catalog-photos,P1
how-suppliers-can-prepare-a-catalog-for-clients,tg,workflow / SaaS / business,,,how-to,,,0,needs_review,no,yes,yes,supplier-catalog-photos,P1
how-suppliers-can-prepare-a-catalog-for-clients,tr,workflow / SaaS / business,,,how-to,,,0,needs_review,no,yes,yes,supplier-catalog-photos,P1
how-suppliers-can-prepare-a-catalog-for-clients,az,workflow / SaaS / business,,,how-to,,,0,needs_review,no,yes,yes,supplier-catalog-photos,P1
how-suppliers-can-prepare-a-catalog-for-clients,ar,workflow / SaaS / business,,,how-to,,,0,needs_review,no,yes,yes,supplier-catalog-photos,P1
how-suppliers-can-prepare-a-catalog-for-clients,es,workflow / SaaS / business,,,how-to,,,0,needs_review,no,yes,yes,supplier-catalog-photos,P1
how-suppliers-can-prepare-a-catalog-for-clients,pt,workflow / SaaS / business,,,how-to,,,0,needs_review,no,yes,yes,supplier-catalog-photos,P1
how-suppliers-can-prepare-a-catalog-for-clients,fr,workflow / SaaS / business,,,how-to,,,0,needs_review,no,yes,yes,supplier-catalog-photos,P1
how-suppliers-can-prepare-a-catalog-for-clients,de,workflow / SaaS / business,,,how-to,,,0,needs_review,no,yes,yes,supplier-catalog-photos,P1
how-suppliers-can-prepare-a-catalog-for-clients,it,workflow / SaaS / business,,,how-to,,,0,needs_review,no,yes,yes,supplier-catalog-photos,P1
how-suppliers-can-prepare-a-catalog-for-clients,pl,workflow / SaaS / business,,,how-to,,,0,needs_review,no,yes,yes,supplier-catalog-photos,P1
how-suppliers-can-prepare-a-catalog-for-clients,uk,workflow / SaaS / business,,,how-to,,,0,needs_review,no,yes,yes,supplier-catalog-photos,P1
how-suppliers-can-prepare-a-catalog-for-clients,hi,workflow / SaaS / business,,,how-to,,,0,needs_review,no,yes,yes,supplier-catalog-photos,P1
how-suppliers-can-prepare-a-catalog-for-clients,id,workflow / SaaS / business,,,how-to,,,0,needs_review,no,yes,yes,supplier-catalog-photos,P1
how-suppliers-can-prepare-a-catalog-for-clients,vi,workflow / SaaS / business,,,how-to,,,0,needs_review,no,yes,yes,supplier-catalog-photos,P1
how-suppliers-can-prepare-a-catalog-for-clients,zh,workflow / SaaS / business,,,how-to,,,0,needs_review,no,yes,yes,supplier-catalog-photos,P1
how-small-businesses-can-create-product-cards,ru,workflow / SaaS / business,как малому бизнесу сделать карточки товаров,товарное фото; карточка товара; AI для маркетплейса,how-to,Как малому бизнесу сделать карточки товаров,Как малому бизнесу сделать карточки товаров,0,draft,yes,no,yes,small-business-product-photos,P1
how-small-businesses-can-create-product-cards,en,workflow / SaaS / business,how small businesses can create product cards,product photography; marketplace listing image; AI ecommerce photo,how-to,How small businesses can create product cards,How small businesses can create product cards,0,draft,yes,no,yes,small-business-product-photos,P1
how-small-businesses-can-create-product-cards,kk,workflow / SaaS / business,,,how-to,,,0,needs_review,no,yes,yes,small-business-product-photos,P1
how-small-businesses-can-create-product-cards,ky,workflow / SaaS / business,,,how-to,,,0,needs_review,no,yes,yes,small-business-product-photos,P1
how-small-businesses-can-create-product-cards,uz,workflow / SaaS / business,,,how-to,,,0,needs_review,no,yes,yes,small-business-product-photos,P1
how-small-businesses-can-create-product-cards,tg,workflow / SaaS / business,,,how-to,,,0,needs_review,no,yes,yes,small-business-product-photos,P1
how-small-businesses-can-create-product-cards,tr,workflow / SaaS / business,,,how-to,,,0,needs_review,no,yes,yes,small-business-product-photos,P1
how-small-businesses-can-create-product-cards,az,workflow / SaaS / business,,,how-to,,,0,needs_review,no,yes,yes,small-business-product-photos,P1
how-small-businesses-can-create-product-cards,ar,workflow / SaaS / business,,,how-to,,,0,needs_review,no,yes,yes,small-business-product-photos,P1
how-small-businesses-can-create-product-cards,es,workflow / SaaS / business,,,how-to,,,0,needs_review,no,yes,yes,small-business-product-photos,P1
how-small-businesses-can-create-product-cards,pt,workflow / SaaS / business,,,how-to,,,0,needs_review,no,yes,yes,small-business-product-photos,P1
how-small-businesses-can-create-product-cards,fr,workflow / SaaS / business,,,how-to,,,0,needs_review,no,yes,yes,small-business-product-photos,P1
how-small-businesses-can-create-product-cards,de,workflow / SaaS / business,,,how-to,,,0,needs_review,no,yes,yes,small-business-product-photos,P1
how-small-businesses-can-create-product-cards,it,workflow / SaaS / business,,,how-to,,,0,needs_review,no,yes,yes,small-business-product-photos,P1
how-small-businesses-can-create-product-cards,pl,workflow / SaaS / business,,,how-to,,,0,needs_review,no,yes,yes,small-business-product-photos,P1
how-small-businesses-can-create-product-cards,uk,workflow / SaaS / business,,,how-to,,,0,needs_review,no,yes,yes,small-business-product-photos,P1
how-small-businesses-can-create-product-cards,hi,workflow / SaaS / business,,,how-to,,,0,needs_review,no,yes,yes,small-business-product-photos,P1
how-small-businesses-can-create-product-cards,id,workflow / SaaS / business,,,how-to,,,0,needs_review,no,yes,yes,small-business-product-photos,P1
how-small-businesses-can-create-product-cards,vi,workflow / SaaS / business,,,how-to,,,0,needs_review,no,yes,yes,small-business-product-photos,P1
how-small-businesses-can-create-product-cards,zh,workflow / SaaS / business,,,how-to,,,0,needs_review,no,yes,yes,small-business-product-photos,P1
how-to-reduce-product-photoshoot-costs,ru,workflow / SaaS / business,как сэкономить на товарной фотосъёмке,товарное фото; карточка товара; AI для маркетплейса,informational,Как сэкономить на товарной фотосъёмке,Как сэкономить на товарной фотосъёмке,0,draft,yes,no,yes,ecommerce-catalog-photos,P1
how-to-reduce-product-photoshoot-costs,en,workflow / SaaS / business,how to reduce product photoshoot costs,product photography; marketplace listing image; AI ecommerce photo,informational,How to reduce product photoshoot costs,How to reduce product photoshoot costs,0,draft,yes,no,yes,ecommerce-catalog-photos,P1
how-to-reduce-product-photoshoot-costs,kk,workflow / SaaS / business,,,informational,,,0,needs_review,no,yes,yes,ecommerce-catalog-photos,P1
how-to-reduce-product-photoshoot-costs,ky,workflow / SaaS / business,,,informational,,,0,needs_review,no,yes,yes,ecommerce-catalog-photos,P1
how-to-reduce-product-photoshoot-costs,uz,workflow / SaaS / business,,,informational,,,0,needs_review,no,yes,yes,ecommerce-catalog-photos,P1
how-to-reduce-product-photoshoot-costs,tg,workflow / SaaS / business,,,informational,,,0,needs_review,no,yes,yes,ecommerce-catalog-photos,P1
how-to-reduce-product-photoshoot-costs,tr,workflow / SaaS / business,,,informational,,,0,needs_review,no,yes,yes,ecommerce-catalog-photos,P1
how-to-reduce-product-photoshoot-costs,az,workflow / SaaS / business,,,informational,,,0,needs_review,no,yes,yes,ecommerce-catalog-photos,P1
how-to-reduce-product-photoshoot-costs,ar,workflow / SaaS / business,,,informational,,,0,needs_review,no,yes,yes,ecommerce-catalog-photos,P1
how-to-reduce-product-photoshoot-costs,es,workflow / SaaS / business,,,informational,,,0,needs_review,no,yes,yes,ecommerce-catalog-photos,P1
how-to-reduce-product-photoshoot-costs,pt,workflow / SaaS / business,,,informational,,,0,needs_review,no,yes,yes,ecommerce-catalog-photos,P1
how-to-reduce-product-photoshoot-costs,fr,workflow / SaaS / business,,,informational,,,0,needs_review,no,yes,yes,ecommerce-catalog-photos,P1
how-to-reduce-product-photoshoot-costs,de,workflow / SaaS / business,,,informational,,,0,needs_review,no,yes,yes,ecommerce-catalog-photos,P1
how-to-reduce-product-photoshoot-costs,it,workflow / SaaS / business,,,informational,,,0,needs_review,no,yes,yes,ecommerce-catalog-photos,P1
how-to-reduce-product-photoshoot-costs,pl,workflow / SaaS / business,,,informational,,,0,needs_review,no,yes,yes,ecommerce-catalog-photos,P1
how-to-reduce-product-photoshoot-costs,uk,workflow / SaaS / business,,,informational,,,0,needs_review,no,yes,yes,ecommerce-catalog-photos,P1
how-to-reduce-product-photoshoot-costs,hi,workflow / SaaS / business,,,informational,,,0,needs_review,no,yes,yes,ecommerce-catalog-photos,P1
how-to-reduce-product-photoshoot-costs,id,workflow / SaaS / business,,,informational,,,0,needs_review,no,yes,yes,ecommerce-catalog-photos,P1
how-to-reduce-product-photoshoot-costs,vi,workflow / SaaS / business,,,informational,,,0,needs_review,no,yes,yes,ecommerce-catalog-photos,P1
how-to-reduce-product-photoshoot-costs,zh,workflow / SaaS / business,,,informational,,,0,needs_review,no,yes,yes,ecommerce-catalog-photos,P1
when-ai-product-photos-are-better-than-a-photoshoot,ru,workflow / SaaS / business,когда ai-фото лучше фотосессии,товарное фото; карточка товара; AI для маркетплейса,comparison,Когда AI-фото лучше фотосессии,Когда AI-фото лучше фотосессии,0,draft,yes,no,yes,ecommerce-catalog-photos,P1
when-ai-product-photos-are-better-than-a-photoshoot,en,workflow / SaaS / business,when ai product photos are better than a photoshoot,product photography; marketplace listing image; AI ecommerce photo,comparison,When AI product photos are better than a photoshoot,When AI product photos are better than a photoshoot,0,draft,yes,no,yes,ecommerce-catalog-photos,P1
when-ai-product-photos-are-better-than-a-photoshoot,kk,workflow / SaaS / business,,,comparison,,,0,needs_review,no,yes,yes,ecommerce-catalog-photos,P1
when-ai-product-photos-are-better-than-a-photoshoot,ky,workflow / SaaS / business,,,comparison,,,0,needs_review,no,yes,yes,ecommerce-catalog-photos,P1
when-ai-product-photos-are-better-than-a-photoshoot,uz,workflow / SaaS / business,,,comparison,,,0,needs_review,no,yes,yes,ecommerce-catalog-photos,P1
when-ai-product-photos-are-better-than-a-photoshoot,tg,workflow / SaaS / business,,,comparison,,,0,needs_review,no,yes,yes,ecommerce-catalog-photos,P1
when-ai-product-photos-are-better-than-a-photoshoot,tr,workflow / SaaS / business,,,comparison,,,0,needs_review,no,yes,yes,ecommerce-catalog-photos,P1
when-ai-product-photos-are-better-than-a-photoshoot,az,workflow / SaaS / business,,,comparison,,,0,needs_review,no,yes,yes,ecommerce-catalog-photos,P1
when-ai-product-photos-are-better-than-a-photoshoot,ar,workflow / SaaS / business,,,comparison,,,0,needs_review,no,yes,yes,ecommerce-catalog-photos,P1
when-ai-product-photos-are-better-than-a-photoshoot,es,workflow / SaaS / business,,,comparison,,,0,needs_review,no,yes,yes,ecommerce-catalog-photos,P1
when-ai-product-photos-are-better-than-a-photoshoot,pt,workflow / SaaS / business,,,comparison,,,0,needs_review,no,yes,yes,ecommerce-catalog-photos,P1
when-ai-product-photos-are-better-than-a-photoshoot,fr,workflow / SaaS / business,,,comparison,,,0,needs_review,no,yes,yes,ecommerce-catalog-photos,P1
when-ai-product-photos-are-better-than-a-photoshoot,de,workflow / SaaS / business,,,comparison,,,0,needs_review,no,yes,yes,ecommerce-catalog-photos,P1
when-ai-product-photos-are-better-than-a-photoshoot,it,workflow / SaaS / business,,,comparison,,,0,needs_review,no,yes,yes,ecommerce-catalog-photos,P1
when-ai-product-photos-are-better-than-a-photoshoot,pl,workflow / SaaS / business,,,comparison,,,0,needs_review,no,yes,yes,ecommerce-catalog-photos,P1
when-ai-product-photos-are-better-than-a-photoshoot,uk,workflow / SaaS / business,,,comparison,,,0,needs_review,no,yes,yes,ecommerce-catalog-photos,P1
when-ai-product-photos-are-better-than-a-photoshoot,hi,workflow / SaaS / business,,,comparison,,,0,needs_review,no,yes,yes,ecommerce-catalog-photos,P1
when-ai-product-photos-are-better-than-a-photoshoot,id,workflow / SaaS / business,,,comparison,,,0,needs_review,no,yes,yes,ecommerce-catalog-photos,P1
when-ai-product-photos-are-better-than-a-photoshoot,vi,workflow / SaaS / business,,,comparison,,,0,needs_review,no,yes,yes,ecommerce-catalog-photos,P1
when-ai-product-photos-are-better-than-a-photoshoot,zh,workflow / SaaS / business,,,comparison,,,0,needs_review,no,yes,yes,ecommerce-catalog-photos,P1
when-ai-product-photos-are-not-a-fit,ru,workflow / SaaS / business,когда ai-фото не подходит,товарное фото; карточка товара; AI для маркетплейса,comparison,Когда AI-фото не подходит,Когда AI-фото не подходит,0,draft,yes,no,yes,exact-product-card,P1
when-ai-product-photos-are-not-a-fit,en,workflow / SaaS / business,when ai product photos are not a fit,product photography; marketplace listing image; AI ecommerce photo,comparison,When AI product photos are not a fit,When AI product photos are not a fit,0,draft,yes,no,yes,exact-product-card,P1
when-ai-product-photos-are-not-a-fit,kk,workflow / SaaS / business,,,comparison,,,0,needs_review,no,yes,yes,exact-product-card,P1
when-ai-product-photos-are-not-a-fit,ky,workflow / SaaS / business,,,comparison,,,0,needs_review,no,yes,yes,exact-product-card,P1
when-ai-product-photos-are-not-a-fit,uz,workflow / SaaS / business,,,comparison,,,0,needs_review,no,yes,yes,exact-product-card,P1
when-ai-product-photos-are-not-a-fit,tg,workflow / SaaS / business,,,comparison,,,0,needs_review,no,yes,yes,exact-product-card,P1
when-ai-product-photos-are-not-a-fit,tr,workflow / SaaS / business,,,comparison,,,0,needs_review,no,yes,yes,exact-product-card,P1
when-ai-product-photos-are-not-a-fit,az,workflow / SaaS / business,,,comparison,,,0,needs_review,no,yes,yes,exact-product-card,P1
when-ai-product-photos-are-not-a-fit,ar,workflow / SaaS / business,,,comparison,,,0,needs_review,no,yes,yes,exact-product-card,P1
when-ai-product-photos-are-not-a-fit,es,workflow / SaaS / business,,,comparison,,,0,needs_review,no,yes,yes,exact-product-card,P1
when-ai-product-photos-are-not-a-fit,pt,workflow / SaaS / business,,,comparison,,,0,needs_review,no,yes,yes,exact-product-card,P1
when-ai-product-photos-are-not-a-fit,fr,workflow / SaaS / business,,,comparison,,,0,needs_review,no,yes,yes,exact-product-card,P1
when-ai-product-photos-are-not-a-fit,de,workflow / SaaS / business,,,comparison,,,0,needs_review,no,yes,yes,exact-product-card,P1
when-ai-product-photos-are-not-a-fit,it,workflow / SaaS / business,,,comparison,,,0,needs_review,no,yes,yes,exact-product-card,P1
when-ai-product-photos-are-not-a-fit,pl,workflow / SaaS / business,,,comparison,,,0,needs_review,no,yes,yes,exact-product-card,P1
when-ai-product-photos-are-not-a-fit,uk,workflow / SaaS / business,,,comparison,,,0,needs_review,no,yes,yes,exact-product-card,P1
when-ai-product-photos-are-not-a-fit,hi,workflow / SaaS / business,,,comparison,,,0,needs_review,no,yes,yes,exact-product-card,P1
when-ai-product-photos-are-not-a-fit,id,workflow / SaaS / business,,,comparison,,,0,needs_review,no,yes,yes,exact-product-card,P1
when-ai-product-photos-are-not-a-fit,vi,workflow / SaaS / business,,,comparison,,,0,needs_review,no,yes,yes,exact-product-card,P1
when-ai-product-photos-are-not-a-fit,zh,workflow / SaaS / business,,,comparison,,,0,needs_review,no,yes,yes,exact-product-card,P1
how-to-organize-a-product-content-workflow,ru,workflow / SaaS / business,как организовать workflow товарного контента,товарное фото; карточка товара; AI для маркетплейса,how-to,Как организовать workflow товарного контента,Как организовать workflow товарного контента,0,draft,yes,no,yes,marketplace-content-manager-workflow,P1
how-to-organize-a-product-content-workflow,en,workflow / SaaS / business,how to organize a product content workflow,product photography; marketplace listing image; AI ecommerce photo,how-to,How to organize a product content workflow,How to organize a product content workflow,0,draft,yes,no,yes,marketplace-content-manager-workflow,P1
how-to-organize-a-product-content-workflow,kk,workflow / SaaS / business,,,how-to,,,0,needs_review,no,yes,yes,marketplace-content-manager-workflow,P1
how-to-organize-a-product-content-workflow,ky,workflow / SaaS / business,,,how-to,,,0,needs_review,no,yes,yes,marketplace-content-manager-workflow,P1
how-to-organize-a-product-content-workflow,uz,workflow / SaaS / business,,,how-to,,,0,needs_review,no,yes,yes,marketplace-content-manager-workflow,P1
how-to-organize-a-product-content-workflow,tg,workflow / SaaS / business,,,how-to,,,0,needs_review,no,yes,yes,marketplace-content-manager-workflow,P1
how-to-organize-a-product-content-workflow,tr,workflow / SaaS / business,,,how-to,,,0,needs_review,no,yes,yes,marketplace-content-manager-workflow,P1
how-to-organize-a-product-content-workflow,az,workflow / SaaS / business,,,how-to,,,0,needs_review,no,yes,yes,marketplace-content-manager-workflow,P1
how-to-organize-a-product-content-workflow,ar,workflow / SaaS / business,,,how-to,,,0,needs_review,no,yes,yes,marketplace-content-manager-workflow,P1
how-to-organize-a-product-content-workflow,es,workflow / SaaS / business,,,how-to,,,0,needs_review,no,yes,yes,marketplace-content-manager-workflow,P1
how-to-organize-a-product-content-workflow,pt,workflow / SaaS / business,,,how-to,,,0,needs_review,no,yes,yes,marketplace-content-manager-workflow,P1
how-to-organize-a-product-content-workflow,fr,workflow / SaaS / business,,,how-to,,,0,needs_review,no,yes,yes,marketplace-content-manager-workflow,P1
how-to-organize-a-product-content-workflow,de,workflow / SaaS / business,,,how-to,,,0,needs_review,no,yes,yes,marketplace-content-manager-workflow,P1
how-to-organize-a-product-content-workflow,it,workflow / SaaS / business,,,how-to,,,0,needs_review,no,yes,yes,marketplace-content-manager-workflow,P1
how-to-organize-a-product-content-workflow,pl,workflow / SaaS / business,,,how-to,,,0,needs_review,no,yes,yes,marketplace-content-manager-workflow,P1
how-to-organize-a-product-content-workflow,uk,workflow / SaaS / business,,,how-to,,,0,needs_review,no,yes,yes,marketplace-content-manager-workflow,P1
how-to-organize-a-product-content-workflow,hi,workflow / SaaS / business,,,how-to,,,0,needs_review,no,yes,yes,marketplace-content-manager-workflow,P1
how-to-organize-a-product-content-workflow,id,workflow / SaaS / business,,,how-to,,,0,needs_review,no,yes,yes,marketplace-content-manager-workflow,P1
how-to-organize-a-product-content-workflow,vi,workflow / SaaS / business,,,how-to,,,0,needs_review,no,yes,yes,marketplace-content-manager-workflow,P1
how-to-organize-a-product-content-workflow,zh,workflow / SaaS / business,,,how-to,,,0,needs_review,no,yes,yes,marketplace-content-manager-workflow,P1
how-to-check-the-quality-of-ai-product-cards,ru,workflow / SaaS / business,как проверять качество ai-карточек,товарное фото; карточка товара; AI для маркетплейса,how-to,Как проверять качество AI-карточек,Как проверять качество AI-карточек,0,draft,yes,no,yes,exact-product-card,P1
how-to-check-the-quality-of-ai-product-cards,en,workflow / SaaS / business,how to check the quality of ai product cards,product photography; marketplace listing image; AI ecommerce photo,how-to,How to check the quality of AI product cards,How to check the quality of AI product cards,0,draft,yes,no,yes,exact-product-card,P1
how-to-check-the-quality-of-ai-product-cards,kk,workflow / SaaS / business,,,how-to,,,0,needs_review,no,yes,yes,exact-product-card,P1
how-to-check-the-quality-of-ai-product-cards,ky,workflow / SaaS / business,,,how-to,,,0,needs_review,no,yes,yes,exact-product-card,P1
how-to-check-the-quality-of-ai-product-cards,uz,workflow / SaaS / business,,,how-to,,,0,needs_review,no,yes,yes,exact-product-card,P1
how-to-check-the-quality-of-ai-product-cards,tg,workflow / SaaS / business,,,how-to,,,0,needs_review,no,yes,yes,exact-product-card,P1
how-to-check-the-quality-of-ai-product-cards,tr,workflow / SaaS / business,,,how-to,,,0,needs_review,no,yes,yes,exact-product-card,P1
how-to-check-the-quality-of-ai-product-cards,az,workflow / SaaS / business,,,how-to,,,0,needs_review,no,yes,yes,exact-product-card,P1
how-to-check-the-quality-of-ai-product-cards,ar,workflow / SaaS / business,,,how-to,,,0,needs_review,no,yes,yes,exact-product-card,P1
how-to-check-the-quality-of-ai-product-cards,es,workflow / SaaS / business,,,how-to,,,0,needs_review,no,yes,yes,exact-product-card,P1
how-to-check-the-quality-of-ai-product-cards,pt,workflow / SaaS / business,,,how-to,,,0,needs_review,no,yes,yes,exact-product-card,P1
how-to-check-the-quality-of-ai-product-cards,fr,workflow / SaaS / business,,,how-to,,,0,needs_review,no,yes,yes,exact-product-card,P1
how-to-check-the-quality-of-ai-product-cards,de,workflow / SaaS / business,,,how-to,,,0,needs_review,no,yes,yes,exact-product-card,P1
how-to-check-the-quality-of-ai-product-cards,it,workflow / SaaS / business,,,how-to,,,0,needs_review,no,yes,yes,exact-product-card,P1
how-to-check-the-quality-of-ai-product-cards,pl,workflow / SaaS / business,,,how-to,,,0,needs_review,no,yes,yes,exact-product-card,P1
how-to-check-the-quality-of-ai-product-cards,uk,workflow / SaaS / business,,,how-to,,,0,needs_review,no,yes,yes,exact-product-card,P1
how-to-check-the-quality-of-ai-product-cards,hi,workflow / SaaS / business,,,how-to,,,0,needs_review,no,yes,yes,exact-product-card,P1
how-to-check-the-quality-of-ai-product-cards,id,workflow / SaaS / business,,,how-to,,,0,needs_review,no,yes,yes,exact-product-card,P1
how-to-check-the-quality-of-ai-product-cards,vi,workflow / SaaS / business,,,how-to,,,0,needs_review,no,yes,yes,exact-product-card,P1
how-to-check-the-quality-of-ai-product-cards,zh,workflow / SaaS / business,,,how-to,,,0,needs_review,no,yes,yes,exact-product-card,P1
how-to-remove-the-background-from-a-product-photo,ru,background / cleanup,как удалить фон с фото товара,товарное фото; карточка товара; AI для маркетплейса,how-to,Как удалить фон с фото товара,Как удалить фон с фото товара,0,draft,yes,no,yes,product-photo-cleanup,P2
how-to-remove-the-background-from-a-product-photo,en,background / cleanup,how to remove the background from a product photo,product photography; marketplace listing image; AI ecommerce photo,how-to,How to remove the background from a product photo,How to remove the background from a product photo,0,draft,yes,no,yes,product-photo-cleanup,P2
how-to-remove-the-background-from-a-product-photo,kk,background / cleanup,,,how-to,,,0,needs_review,no,yes,yes,product-photo-cleanup,P2
how-to-remove-the-background-from-a-product-photo,ky,background / cleanup,,,how-to,,,0,needs_review,no,yes,yes,product-photo-cleanup,P2
how-to-remove-the-background-from-a-product-photo,uz,background / cleanup,,,how-to,,,0,needs_review,no,yes,yes,product-photo-cleanup,P2
how-to-remove-the-background-from-a-product-photo,tg,background / cleanup,,,how-to,,,0,needs_review,no,yes,yes,product-photo-cleanup,P2
how-to-remove-the-background-from-a-product-photo,tr,background / cleanup,,,how-to,,,0,needs_review,no,yes,yes,product-photo-cleanup,P2
how-to-remove-the-background-from-a-product-photo,az,background / cleanup,,,how-to,,,0,needs_review,no,yes,yes,product-photo-cleanup,P2
how-to-remove-the-background-from-a-product-photo,ar,background / cleanup,,,how-to,,,0,needs_review,no,yes,yes,product-photo-cleanup,P2
how-to-remove-the-background-from-a-product-photo,es,background / cleanup,,,how-to,,,0,needs_review,no,yes,yes,product-photo-cleanup,P2
how-to-remove-the-background-from-a-product-photo,pt,background / cleanup,,,how-to,,,0,needs_review,no,yes,yes,product-photo-cleanup,P2
how-to-remove-the-background-from-a-product-photo,fr,background / cleanup,,,how-to,,,0,needs_review,no,yes,yes,product-photo-cleanup,P2
how-to-remove-the-background-from-a-product-photo,de,background / cleanup,,,how-to,,,0,needs_review,no,yes,yes,product-photo-cleanup,P2
how-to-remove-the-background-from-a-product-photo,it,background / cleanup,,,how-to,,,0,needs_review,no,yes,yes,product-photo-cleanup,P2
how-to-remove-the-background-from-a-product-photo,pl,background / cleanup,,,how-to,,,0,needs_review,no,yes,yes,product-photo-cleanup,P2
how-to-remove-the-background-from-a-product-photo,uk,background / cleanup,,,how-to,,,0,needs_review,no,yes,yes,product-photo-cleanup,P2
how-to-remove-the-background-from-a-product-photo,hi,background / cleanup,,,how-to,,,0,needs_review,no,yes,yes,product-photo-cleanup,P2
how-to-remove-the-background-from-a-product-photo,id,background / cleanup,,,how-to,,,0,needs_review,no,yes,yes,product-photo-cleanup,P2
how-to-remove-the-background-from-a-product-photo,vi,background / cleanup,,,how-to,,,0,needs_review,no,yes,yes,product-photo-cleanup,P2
how-to-remove-the-background-from-a-product-photo,zh,background / cleanup,,,how-to,,,0,needs_review,no,yes,yes,product-photo-cleanup,P2
how-to-replace-a-product-background,ru,background / cleanup,как заменить фон у товара,товарное фото; карточка товара; AI для маркетплейса,how-to,Как заменить фон у товара,Как заменить фон у товара,0,draft,yes,no,yes,ai-background-replacement,P0
how-to-replace-a-product-background,en,background / cleanup,how to replace a product background,product photography; marketplace listing image; AI ecommerce photo,how-to,How to replace a product background,How to replace a product background,0,draft,yes,no,yes,ai-background-replacement,P0
how-to-replace-a-product-background,kk,background / cleanup,,,how-to,,,0,needs_review,no,yes,yes,ai-background-replacement,P0
how-to-replace-a-product-background,ky,background / cleanup,,,how-to,,,0,needs_review,no,yes,yes,ai-background-replacement,P0
how-to-replace-a-product-background,uz,background / cleanup,,,how-to,,,0,needs_review,no,yes,yes,ai-background-replacement,P0
how-to-replace-a-product-background,tg,background / cleanup,,,how-to,,,0,needs_review,no,yes,yes,ai-background-replacement,P0
how-to-replace-a-product-background,tr,background / cleanup,,,how-to,,,0,needs_review,no,yes,yes,ai-background-replacement,P0
how-to-replace-a-product-background,az,background / cleanup,,,how-to,,,0,needs_review,no,yes,yes,ai-background-replacement,P0
how-to-replace-a-product-background,ar,background / cleanup,,,how-to,,,0,needs_review,no,yes,yes,ai-background-replacement,P0
how-to-replace-a-product-background,es,background / cleanup,,,how-to,,,0,needs_review,no,yes,yes,ai-background-replacement,P0
how-to-replace-a-product-background,pt,background / cleanup,,,how-to,,,0,needs_review,no,yes,yes,ai-background-replacement,P0
how-to-replace-a-product-background,fr,background / cleanup,,,how-to,,,0,needs_review,no,yes,yes,ai-background-replacement,P0
how-to-replace-a-product-background,de,background / cleanup,,,how-to,,,0,needs_review,no,yes,yes,ai-background-replacement,P0
how-to-replace-a-product-background,it,background / cleanup,,,how-to,,,0,needs_review,no,yes,yes,ai-background-replacement,P0
how-to-replace-a-product-background,pl,background / cleanup,,,how-to,,,0,needs_review,no,yes,yes,ai-background-replacement,P0
how-to-replace-a-product-background,uk,background / cleanup,,,how-to,,,0,needs_review,no,yes,yes,ai-background-replacement,P0
how-to-replace-a-product-background,hi,background / cleanup,,,how-to,,,0,needs_review,no,yes,yes,ai-background-replacement,P0
how-to-replace-a-product-background,id,background / cleanup,,,how-to,,,0,needs_review,no,yes,yes,ai-background-replacement,P0
how-to-replace-a-product-background,vi,background / cleanup,,,how-to,,,0,needs_review,no,yes,yes,ai-background-replacement,P0
how-to-replace-a-product-background,zh,background / cleanup,,,how-to,,,0,needs_review,no,yes,yes,ai-background-replacement,P0
white-background-or-lifestyle-scene-what-to-choose,ru,background / cleanup,белый фон или lifestyle-сцена: что выбрать,товарное фото; карточка товара; AI для маркетплейса,comparison,Белый фон или lifestyle-сцена: что выбрать,Белый фон или lifestyle-сцена: что выбрать,0,draft,yes,no,yes,marketplace-white-background;creative-product-scene,P2
white-background-or-lifestyle-scene-what-to-choose,en,background / cleanup,white background or lifestyle scene: what to choose,product photography; marketplace listing image; AI ecommerce photo,comparison,White background or lifestyle scene: what to choose,White background or lifestyle scene: what to choose,0,draft,yes,no,yes,marketplace-white-background;creative-product-scene,P2
white-background-or-lifestyle-scene-what-to-choose,kk,background / cleanup,,,comparison,,,0,needs_review,no,yes,yes,marketplace-white-background;creative-product-scene,P2
white-background-or-lifestyle-scene-what-to-choose,ky,background / cleanup,,,comparison,,,0,needs_review,no,yes,yes,marketplace-white-background;creative-product-scene,P2
white-background-or-lifestyle-scene-what-to-choose,uz,background / cleanup,,,comparison,,,0,needs_review,no,yes,yes,marketplace-white-background;creative-product-scene,P2
white-background-or-lifestyle-scene-what-to-choose,tg,background / cleanup,,,comparison,,,0,needs_review,no,yes,yes,marketplace-white-background;creative-product-scene,P2
white-background-or-lifestyle-scene-what-to-choose,tr,background / cleanup,,,comparison,,,0,needs_review,no,yes,yes,marketplace-white-background;creative-product-scene,P2
white-background-or-lifestyle-scene-what-to-choose,az,background / cleanup,,,comparison,,,0,needs_review,no,yes,yes,marketplace-white-background;creative-product-scene,P2
white-background-or-lifestyle-scene-what-to-choose,ar,background / cleanup,,,comparison,,,0,needs_review,no,yes,yes,marketplace-white-background;creative-product-scene,P2
white-background-or-lifestyle-scene-what-to-choose,es,background / cleanup,,,comparison,,,0,needs_review,no,yes,yes,marketplace-white-background;creative-product-scene,P2
white-background-or-lifestyle-scene-what-to-choose,pt,background / cleanup,,,comparison,,,0,needs_review,no,yes,yes,marketplace-white-background;creative-product-scene,P2
white-background-or-lifestyle-scene-what-to-choose,fr,background / cleanup,,,comparison,,,0,needs_review,no,yes,yes,marketplace-white-background;creative-product-scene,P2
white-background-or-lifestyle-scene-what-to-choose,de,background / cleanup,,,comparison,,,0,needs_review,no,yes,yes,marketplace-white-background;creative-product-scene,P2
white-background-or-lifestyle-scene-what-to-choose,it,background / cleanup,,,comparison,,,0,needs_review,no,yes,yes,marketplace-white-background;creative-product-scene,P2
white-background-or-lifestyle-scene-what-to-choose,pl,background / cleanup,,,comparison,,,0,needs_review,no,yes,yes,marketplace-white-background;creative-product-scene,P2
white-background-or-lifestyle-scene-what-to-choose,uk,background / cleanup,,,comparison,,,0,needs_review,no,yes,yes,marketplace-white-background;creative-product-scene,P2
white-background-or-lifestyle-scene-what-to-choose,hi,background / cleanup,,,comparison,,,0,needs_review,no,yes,yes,marketplace-white-background;creative-product-scene,P2
white-background-or-lifestyle-scene-what-to-choose,id,background / cleanup,,,comparison,,,0,needs_review,no,yes,yes,marketplace-white-background;creative-product-scene,P2
white-background-or-lifestyle-scene-what-to-choose,vi,background / cleanup,,,comparison,,,0,needs_review,no,yes,yes,marketplace-white-background;creative-product-scene,P2
white-background-or-lifestyle-scene-what-to-choose,zh,background / cleanup,,,comparison,,,0,needs_review,no,yes,yes,marketplace-white-background;creative-product-scene,P2
how-to-remove-unwanted-objects-from-a-product-photo,ru,background / cleanup,как убрать лишние предметы с фото товара,товарное фото; карточка товара; AI для маркетплейса,how-to,Как убрать лишние предметы с фото товара,Как убрать лишние предметы с фото товара,0,draft,yes,no,yes,product-photo-cleanup,P0
how-to-remove-unwanted-objects-from-a-product-photo,en,background / cleanup,how to remove unwanted objects from a product photo,product photography; marketplace listing image; AI ecommerce photo,how-to,How to remove unwanted objects from a product photo,How to remove unwanted objects from a product photo,0,draft,yes,no,yes,product-photo-cleanup,P0
how-to-remove-unwanted-objects-from-a-product-photo,kk,background / cleanup,,,how-to,,,0,needs_review,no,yes,yes,product-photo-cleanup,P0
how-to-remove-unwanted-objects-from-a-product-photo,ky,background / cleanup,,,how-to,,,0,needs_review,no,yes,yes,product-photo-cleanup,P0
how-to-remove-unwanted-objects-from-a-product-photo,uz,background / cleanup,,,how-to,,,0,needs_review,no,yes,yes,product-photo-cleanup,P0
how-to-remove-unwanted-objects-from-a-product-photo,tg,background / cleanup,,,how-to,,,0,needs_review,no,yes,yes,product-photo-cleanup,P0
how-to-remove-unwanted-objects-from-a-product-photo,tr,background / cleanup,,,how-to,,,0,needs_review,no,yes,yes,product-photo-cleanup,P0
how-to-remove-unwanted-objects-from-a-product-photo,az,background / cleanup,,,how-to,,,0,needs_review,no,yes,yes,product-photo-cleanup,P0
how-to-remove-unwanted-objects-from-a-product-photo,ar,background / cleanup,,,how-to,,,0,needs_review,no,yes,yes,product-photo-cleanup,P0
how-to-remove-unwanted-objects-from-a-product-photo,es,background / cleanup,,,how-to,,,0,needs_review,no,yes,yes,product-photo-cleanup,P0
how-to-remove-unwanted-objects-from-a-product-photo,pt,background / cleanup,,,how-to,,,0,needs_review,no,yes,yes,product-photo-cleanup,P0
how-to-remove-unwanted-objects-from-a-product-photo,fr,background / cleanup,,,how-to,,,0,needs_review,no,yes,yes,product-photo-cleanup,P0
how-to-remove-unwanted-objects-from-a-product-photo,de,background / cleanup,,,how-to,,,0,needs_review,no,yes,yes,product-photo-cleanup,P0
how-to-remove-unwanted-objects-from-a-product-photo,it,background / cleanup,,,how-to,,,0,needs_review,no,yes,yes,product-photo-cleanup,P0
how-to-remove-unwanted-objects-from-a-product-photo,pl,background / cleanup,,,how-to,,,0,needs_review,no,yes,yes,product-photo-cleanup,P0
how-to-remove-unwanted-objects-from-a-product-photo,uk,background / cleanup,,,how-to,,,0,needs_review,no,yes,yes,product-photo-cleanup,P0
how-to-remove-unwanted-objects-from-a-product-photo,hi,background / cleanup,,,how-to,,,0,needs_review,no,yes,yes,product-photo-cleanup,P0
how-to-remove-unwanted-objects-from-a-product-photo,id,background / cleanup,,,how-to,,,0,needs_review,no,yes,yes,product-photo-cleanup,P0
how-to-remove-unwanted-objects-from-a-product-photo,vi,background / cleanup,,,how-to,,,0,needs_review,no,yes,yes,product-photo-cleanup,P0
how-to-remove-unwanted-objects-from-a-product-photo,zh,background / cleanup,,,how-to,,,0,needs_review,no,yes,yes,product-photo-cleanup,P0
how-to-isolate-a-product-in-a-photo,ru,background / cleanup,как выделить товар на фото,товарное фото; карточка товара; AI для маркетплейса,how-to,Как выделить товар на фото,Как выделить товар на фото,0,draft,yes,no,yes,product-photo-cleanup,P2
how-to-isolate-a-product-in-a-photo,en,background / cleanup,how to isolate a product in a photo,product photography; marketplace listing image; AI ecommerce photo,how-to,How to isolate a product in a photo,How to isolate a product in a photo,0,draft,yes,no,yes,product-photo-cleanup,P2
how-to-isolate-a-product-in-a-photo,kk,background / cleanup,,,how-to,,,0,needs_review,no,yes,yes,product-photo-cleanup,P2
how-to-isolate-a-product-in-a-photo,ky,background / cleanup,,,how-to,,,0,needs_review,no,yes,yes,product-photo-cleanup,P2
how-to-isolate-a-product-in-a-photo,uz,background / cleanup,,,how-to,,,0,needs_review,no,yes,yes,product-photo-cleanup,P2
how-to-isolate-a-product-in-a-photo,tg,background / cleanup,,,how-to,,,0,needs_review,no,yes,yes,product-photo-cleanup,P2
how-to-isolate-a-product-in-a-photo,tr,background / cleanup,,,how-to,,,0,needs_review,no,yes,yes,product-photo-cleanup,P2
how-to-isolate-a-product-in-a-photo,az,background / cleanup,,,how-to,,,0,needs_review,no,yes,yes,product-photo-cleanup,P2
how-to-isolate-a-product-in-a-photo,ar,background / cleanup,,,how-to,,,0,needs_review,no,yes,yes,product-photo-cleanup,P2
how-to-isolate-a-product-in-a-photo,es,background / cleanup,,,how-to,,,0,needs_review,no,yes,yes,product-photo-cleanup,P2
how-to-isolate-a-product-in-a-photo,pt,background / cleanup,,,how-to,,,0,needs_review,no,yes,yes,product-photo-cleanup,P2
how-to-isolate-a-product-in-a-photo,fr,background / cleanup,,,how-to,,,0,needs_review,no,yes,yes,product-photo-cleanup,P2
how-to-isolate-a-product-in-a-photo,de,background / cleanup,,,how-to,,,0,needs_review,no,yes,yes,product-photo-cleanup,P2
how-to-isolate-a-product-in-a-photo,it,background / cleanup,,,how-to,,,0,needs_review,no,yes,yes,product-photo-cleanup,P2
how-to-isolate-a-product-in-a-photo,pl,background / cleanup,,,how-to,,,0,needs_review,no,yes,yes,product-photo-cleanup,P2
how-to-isolate-a-product-in-a-photo,uk,background / cleanup,,,how-to,,,0,needs_review,no,yes,yes,product-photo-cleanup,P2
how-to-isolate-a-product-in-a-photo,hi,background / cleanup,,,how-to,,,0,needs_review,no,yes,yes,product-photo-cleanup,P2
how-to-isolate-a-product-in-a-photo,id,background / cleanup,,,how-to,,,0,needs_review,no,yes,yes,product-photo-cleanup,P2
how-to-isolate-a-product-in-a-photo,vi,background / cleanup,,,how-to,,,0,needs_review,no,yes,yes,product-photo-cleanup,P2
how-to-isolate-a-product-in-a-photo,zh,background / cleanup,,,how-to,,,0,needs_review,no,yes,yes,product-photo-cleanup,P2
how-to-create-an-outdoor-background-for-a-product,ru,background / cleanup,как сделать фон для товара на улице,товарное фото; карточка товара; AI для маркетплейса,how-to,Как сделать фон для товара на улице,Как сделать фон для товара на улице,0,draft,yes,no,yes,creative-product-scene,P2
how-to-create-an-outdoor-background-for-a-product,en,background / cleanup,how to create an outdoor background for a product,product photography; marketplace listing image; AI ecommerce photo,how-to,How to create an outdoor background for a product,How to create an outdoor background for a product,0,draft,yes,no,yes,creative-product-scene,P2
how-to-create-an-outdoor-background-for-a-product,kk,background / cleanup,,,how-to,,,0,needs_review,no,yes,yes,creative-product-scene,P2
how-to-create-an-outdoor-background-for-a-product,ky,background / cleanup,,,how-to,,,0,needs_review,no,yes,yes,creative-product-scene,P2
how-to-create-an-outdoor-background-for-a-product,uz,background / cleanup,,,how-to,,,0,needs_review,no,yes,yes,creative-product-scene,P2
how-to-create-an-outdoor-background-for-a-product,tg,background / cleanup,,,how-to,,,0,needs_review,no,yes,yes,creative-product-scene,P2
how-to-create-an-outdoor-background-for-a-product,tr,background / cleanup,,,how-to,,,0,needs_review,no,yes,yes,creative-product-scene,P2
how-to-create-an-outdoor-background-for-a-product,az,background / cleanup,,,how-to,,,0,needs_review,no,yes,yes,creative-product-scene,P2
how-to-create-an-outdoor-background-for-a-product,ar,background / cleanup,,,how-to,,,0,needs_review,no,yes,yes,creative-product-scene,P2
how-to-create-an-outdoor-background-for-a-product,es,background / cleanup,,,how-to,,,0,needs_review,no,yes,yes,creative-product-scene,P2
how-to-create-an-outdoor-background-for-a-product,pt,background / cleanup,,,how-to,,,0,needs_review,no,yes,yes,creative-product-scene,P2
how-to-create-an-outdoor-background-for-a-product,fr,background / cleanup,,,how-to,,,0,needs_review,no,yes,yes,creative-product-scene,P2
how-to-create-an-outdoor-background-for-a-product,de,background / cleanup,,,how-to,,,0,needs_review,no,yes,yes,creative-product-scene,P2
how-to-create-an-outdoor-background-for-a-product,it,background / cleanup,,,how-to,,,0,needs_review,no,yes,yes,creative-product-scene,P2
how-to-create-an-outdoor-background-for-a-product,pl,background / cleanup,,,how-to,,,0,needs_review,no,yes,yes,creative-product-scene,P2
how-to-create-an-outdoor-background-for-a-product,uk,background / cleanup,,,how-to,,,0,needs_review,no,yes,yes,creative-product-scene,P2
how-to-create-an-outdoor-background-for-a-product,hi,background / cleanup,,,how-to,,,0,needs_review,no,yes,yes,creative-product-scene,P2
how-to-create-an-outdoor-background-for-a-product,id,background / cleanup,,,how-to,,,0,needs_review,no,yes,yes,creative-product-scene,P2
how-to-create-an-outdoor-background-for-a-product,vi,background / cleanup,,,how-to,,,0,needs_review,no,yes,yes,creative-product-scene,P2
how-to-create-an-outdoor-background-for-a-product,zh,background / cleanup,,,how-to,,,0,needs_review,no,yes,yes,creative-product-scene,P2
how-to-create-a-studio-background-for-a-product,ru,background / cleanup,как сделать студийный фон для товара,товарное фото; карточка товара; AI для маркетплейса,how-to,Как сделать студийный фон для товара,Как сделать студийный фон для товара,0,draft,yes,no,yes,ai-background-replacement,P2
how-to-create-a-studio-background-for-a-product,en,background / cleanup,how to create a studio background for a product,product photography; marketplace listing image; AI ecommerce photo,how-to,How to create a studio background for a product,How to create a studio background for a product,0,draft,yes,no,yes,ai-background-replacement,P2
how-to-create-a-studio-background-for-a-product,kk,background / cleanup,,,how-to,,,0,needs_review,no,yes,yes,ai-background-replacement,P2
how-to-create-a-studio-background-for-a-product,ky,background / cleanup,,,how-to,,,0,needs_review,no,yes,yes,ai-background-replacement,P2
how-to-create-a-studio-background-for-a-product,uz,background / cleanup,,,how-to,,,0,needs_review,no,yes,yes,ai-background-replacement,P2
how-to-create-a-studio-background-for-a-product,tg,background / cleanup,,,how-to,,,0,needs_review,no,yes,yes,ai-background-replacement,P2
how-to-create-a-studio-background-for-a-product,tr,background / cleanup,,,how-to,,,0,needs_review,no,yes,yes,ai-background-replacement,P2
how-to-create-a-studio-background-for-a-product,az,background / cleanup,,,how-to,,,0,needs_review,no,yes,yes,ai-background-replacement,P2
how-to-create-a-studio-background-for-a-product,ar,background / cleanup,,,how-to,,,0,needs_review,no,yes,yes,ai-background-replacement,P2
how-to-create-a-studio-background-for-a-product,es,background / cleanup,,,how-to,,,0,needs_review,no,yes,yes,ai-background-replacement,P2
how-to-create-a-studio-background-for-a-product,pt,background / cleanup,,,how-to,,,0,needs_review,no,yes,yes,ai-background-replacement,P2
how-to-create-a-studio-background-for-a-product,fr,background / cleanup,,,how-to,,,0,needs_review,no,yes,yes,ai-background-replacement,P2
how-to-create-a-studio-background-for-a-product,de,background / cleanup,,,how-to,,,0,needs_review,no,yes,yes,ai-background-replacement,P2
how-to-create-a-studio-background-for-a-product,it,background / cleanup,,,how-to,,,0,needs_review,no,yes,yes,ai-background-replacement,P2
how-to-create-a-studio-background-for-a-product,pl,background / cleanup,,,how-to,,,0,needs_review,no,yes,yes,ai-background-replacement,P2
how-to-create-a-studio-background-for-a-product,uk,background / cleanup,,,how-to,,,0,needs_review,no,yes,yes,ai-background-replacement,P2
how-to-create-a-studio-background-for-a-product,hi,background / cleanup,,,how-to,,,0,needs_review,no,yes,yes,ai-background-replacement,P2
how-to-create-a-studio-background-for-a-product,id,background / cleanup,,,how-to,,,0,needs_review,no,yes,yes,ai-background-replacement,P2
how-to-create-a-studio-background-for-a-product,vi,background / cleanup,,,how-to,,,0,needs_review,no,yes,yes,ai-background-replacement,P2
how-to-create-a-studio-background-for-a-product,zh,background / cleanup,,,how-to,,,0,needs_review,no,yes,yes,ai-background-replacement,P2
how-to-create-a-luxury-background-for-a-product,ru,background / cleanup,как сделать luxury-фон для товара,товарное фото; карточка товара; AI для маркетплейса,how-to,Как сделать luxury-фон для товара,Как сделать luxury-фон для товара,0,draft,yes,no,yes,creative-product-scene,P2
how-to-create-a-luxury-background-for-a-product,en,background / cleanup,how to create a luxury background for a product,product photography; marketplace listing image; AI ecommerce photo,how-to,How to create a luxury background for a product,How to create a luxury background for a product,0,draft,yes,no,yes,creative-product-scene,P2
how-to-create-a-luxury-background-for-a-product,kk,background / cleanup,,,how-to,,,0,needs_review,no,yes,yes,creative-product-scene,P2
how-to-create-a-luxury-background-for-a-product,ky,background / cleanup,,,how-to,,,0,needs_review,no,yes,yes,creative-product-scene,P2
how-to-create-a-luxury-background-for-a-product,uz,background / cleanup,,,how-to,,,0,needs_review,no,yes,yes,creative-product-scene,P2
how-to-create-a-luxury-background-for-a-product,tg,background / cleanup,,,how-to,,,0,needs_review,no,yes,yes,creative-product-scene,P2
how-to-create-a-luxury-background-for-a-product,tr,background / cleanup,,,how-to,,,0,needs_review,no,yes,yes,creative-product-scene,P2
how-to-create-a-luxury-background-for-a-product,az,background / cleanup,,,how-to,,,0,needs_review,no,yes,yes,creative-product-scene,P2
how-to-create-a-luxury-background-for-a-product,ar,background / cleanup,,,how-to,,,0,needs_review,no,yes,yes,creative-product-scene,P2
how-to-create-a-luxury-background-for-a-product,es,background / cleanup,,,how-to,,,0,needs_review,no,yes,yes,creative-product-scene,P2
how-to-create-a-luxury-background-for-a-product,pt,background / cleanup,,,how-to,,,0,needs_review,no,yes,yes,creative-product-scene,P2
how-to-create-a-luxury-background-for-a-product,fr,background / cleanup,,,how-to,,,0,needs_review,no,yes,yes,creative-product-scene,P2
how-to-create-a-luxury-background-for-a-product,de,background / cleanup,,,how-to,,,0,needs_review,no,yes,yes,creative-product-scene,P2
how-to-create-a-luxury-background-for-a-product,it,background / cleanup,,,how-to,,,0,needs_review,no,yes,yes,creative-product-scene,P2
how-to-create-a-luxury-background-for-a-product,pl,background / cleanup,,,how-to,,,0,needs_review,no,yes,yes,creative-product-scene,P2
how-to-create-a-luxury-background-for-a-product,uk,background / cleanup,,,how-to,,,0,needs_review,no,yes,yes,creative-product-scene,P2
how-to-create-a-luxury-background-for-a-product,hi,background / cleanup,,,how-to,,,0,needs_review,no,yes,yes,creative-product-scene,P2
how-to-create-a-luxury-background-for-a-product,id,background / cleanup,,,how-to,,,0,needs_review,no,yes,yes,creative-product-scene,P2
how-to-create-a-luxury-background-for-a-product,vi,background / cleanup,,,how-to,,,0,needs_review,no,yes,yes,creative-product-scene,P2
how-to-create-a-luxury-background-for-a-product,zh,background / cleanup,,,how-to,,,0,needs_review,no,yes,yes,creative-product-scene,P2
how-to-avoid-damaging-product-accuracy-when-changing-backgrounds,ru,background / cleanup,как не испортить товар при замене фона,товарное фото; карточка товара; AI для маркетплейса,how-to,Как не испортить товар при замене фона,Как не испортить товар при замене фона,0,draft,yes,no,yes,ai-background-replacement,P2
how-to-avoid-damaging-product-accuracy-when-changing-backgrounds,en,background / cleanup,how to avoid damaging product accuracy when changing backgrounds,product photography; marketplace listing image; AI ecommerce photo,how-to,How to avoid damaging product accuracy when changing backgrounds,How to avoid damaging product accuracy when changing backgrounds,0,draft,yes,no,yes,ai-background-replacement,P2
how-to-avoid-damaging-product-accuracy-when-changing-backgrounds,kk,background / cleanup,,,how-to,,,0,needs_review,no,yes,yes,ai-background-replacement,P2
how-to-avoid-damaging-product-accuracy-when-changing-backgrounds,ky,background / cleanup,,,how-to,,,0,needs_review,no,yes,yes,ai-background-replacement,P2
how-to-avoid-damaging-product-accuracy-when-changing-backgrounds,uz,background / cleanup,,,how-to,,,0,needs_review,no,yes,yes,ai-background-replacement,P2
how-to-avoid-damaging-product-accuracy-when-changing-backgrounds,tg,background / cleanup,,,how-to,,,0,needs_review,no,yes,yes,ai-background-replacement,P2
how-to-avoid-damaging-product-accuracy-when-changing-backgrounds,tr,background / cleanup,,,how-to,,,0,needs_review,no,yes,yes,ai-background-replacement,P2
how-to-avoid-damaging-product-accuracy-when-changing-backgrounds,az,background / cleanup,,,how-to,,,0,needs_review,no,yes,yes,ai-background-replacement,P2
how-to-avoid-damaging-product-accuracy-when-changing-backgrounds,ar,background / cleanup,,,how-to,,,0,needs_review,no,yes,yes,ai-background-replacement,P2
how-to-avoid-damaging-product-accuracy-when-changing-backgrounds,es,background / cleanup,,,how-to,,,0,needs_review,no,yes,yes,ai-background-replacement,P2
how-to-avoid-damaging-product-accuracy-when-changing-backgrounds,pt,background / cleanup,,,how-to,,,0,needs_review,no,yes,yes,ai-background-replacement,P2
how-to-avoid-damaging-product-accuracy-when-changing-backgrounds,fr,background / cleanup,,,how-to,,,0,needs_review,no,yes,yes,ai-background-replacement,P2
how-to-avoid-damaging-product-accuracy-when-changing-backgrounds,de,background / cleanup,,,how-to,,,0,needs_review,no,yes,yes,ai-background-replacement,P2
how-to-avoid-damaging-product-accuracy-when-changing-backgrounds,it,background / cleanup,,,how-to,,,0,needs_review,no,yes,yes,ai-background-replacement,P2
how-to-avoid-damaging-product-accuracy-when-changing-backgrounds,pl,background / cleanup,,,how-to,,,0,needs_review,no,yes,yes,ai-background-replacement,P2
how-to-avoid-damaging-product-accuracy-when-changing-backgrounds,uk,background / cleanup,,,how-to,,,0,needs_review,no,yes,yes,ai-background-replacement,P2
how-to-avoid-damaging-product-accuracy-when-changing-backgrounds,hi,background / cleanup,,,how-to,,,0,needs_review,no,yes,yes,ai-background-replacement,P2
how-to-avoid-damaging-product-accuracy-when-changing-backgrounds,id,background / cleanup,,,how-to,,,0,needs_review,no,yes,yes,ai-background-replacement,P2
how-to-avoid-damaging-product-accuracy-when-changing-backgrounds,vi,background / cleanup,,,how-to,,,0,needs_review,no,yes,yes,ai-background-replacement,P2
how-to-avoid-damaging-product-accuracy-when-changing-backgrounds,zh,background / cleanup,,,how-to,,,0,needs_review,no,yes,yes,ai-background-replacement,P2
how-to-prepare-a-product-photo-with-a-bad-background,ru,background / cleanup,как подготовить фото с плохим фоном,товарное фото; карточка товара; AI для маркетплейса,how-to,Как подготовить фото с плохим фоном,Как подготовить фото с плохим фоном,0,draft,yes,no,yes,product-photo-cleanup,P2
how-to-prepare-a-product-photo-with-a-bad-background,en,background / cleanup,how to prepare a product photo with a bad background,product photography; marketplace listing image; AI ecommerce photo,how-to,How to prepare a product photo with a bad background,How to prepare a product photo with a bad background,0,draft,yes,no,yes,product-photo-cleanup,P2
how-to-prepare-a-product-photo-with-a-bad-background,kk,background / cleanup,,,how-to,,,0,needs_review,no,yes,yes,product-photo-cleanup,P2
how-to-prepare-a-product-photo-with-a-bad-background,ky,background / cleanup,,,how-to,,,0,needs_review,no,yes,yes,product-photo-cleanup,P2
how-to-prepare-a-product-photo-with-a-bad-background,uz,background / cleanup,,,how-to,,,0,needs_review,no,yes,yes,product-photo-cleanup,P2
how-to-prepare-a-product-photo-with-a-bad-background,tg,background / cleanup,,,how-to,,,0,needs_review,no,yes,yes,product-photo-cleanup,P2
how-to-prepare-a-product-photo-with-a-bad-background,tr,background / cleanup,,,how-to,,,0,needs_review,no,yes,yes,product-photo-cleanup,P2
how-to-prepare-a-product-photo-with-a-bad-background,az,background / cleanup,,,how-to,,,0,needs_review,no,yes,yes,product-photo-cleanup,P2
how-to-prepare-a-product-photo-with-a-bad-background,ar,background / cleanup,,,how-to,,,0,needs_review,no,yes,yes,product-photo-cleanup,P2
how-to-prepare-a-product-photo-with-a-bad-background,es,background / cleanup,,,how-to,,,0,needs_review,no,yes,yes,product-photo-cleanup,P2
how-to-prepare-a-product-photo-with-a-bad-background,pt,background / cleanup,,,how-to,,,0,needs_review,no,yes,yes,product-photo-cleanup,P2
how-to-prepare-a-product-photo-with-a-bad-background,fr,background / cleanup,,,how-to,,,0,needs_review,no,yes,yes,product-photo-cleanup,P2
how-to-prepare-a-product-photo-with-a-bad-background,de,background / cleanup,,,how-to,,,0,needs_review,no,yes,yes,product-photo-cleanup,P2
how-to-prepare-a-product-photo-with-a-bad-background,it,background / cleanup,,,how-to,,,0,needs_review,no,yes,yes,product-photo-cleanup,P2
how-to-prepare-a-product-photo-with-a-bad-background,pl,background / cleanup,,,how-to,,,0,needs_review,no,yes,yes,product-photo-cleanup,P2
how-to-prepare-a-product-photo-with-a-bad-background,uk,background / cleanup,,,how-to,,,0,needs_review,no,yes,yes,product-photo-cleanup,P2
how-to-prepare-a-product-photo-with-a-bad-background,hi,background / cleanup,,,how-to,,,0,needs_review,no,yes,yes,product-photo-cleanup,P2
how-to-prepare-a-product-photo-with-a-bad-background,id,background / cleanup,,,how-to,,,0,needs_review,no,yes,yes,product-photo-cleanup,P2
how-to-prepare-a-product-photo-with-a-bad-background,vi,background / cleanup,,,how-to,,,0,needs_review,no,yes,yes,product-photo-cleanup,P2
how-to-prepare-a-product-photo-with-a-bad-background,zh,background / cleanup,,,how-to,,,0,needs_review,no,yes,yes,product-photo-cleanup,P2
ai-product-photos-or-a-photoshoot-what-to-choose,ru,comparison,ai-фото или фотосессия: что выбрать,товарное фото; карточка товара; AI для маркетплейса,comparison,AI-фото или фотосессия: что выбрать,AI-фото или фотосессия: что выбрать,0,draft,yes,no,yes,ecommerce-catalog-photos,P0
ai-product-photos-or-a-photoshoot-what-to-choose,en,comparison,ai product photos or a photoshoot: what to choose,product photography; marketplace listing image; AI ecommerce photo,comparison,AI product photos or a photoshoot: what to choose,AI product photos or a photoshoot: what to choose,0,draft,yes,no,yes,ecommerce-catalog-photos,P0
ai-product-photos-or-a-photoshoot-what-to-choose,kk,comparison,,,comparison,,,0,needs_review,no,yes,yes,ecommerce-catalog-photos,P0
ai-product-photos-or-a-photoshoot-what-to-choose,ky,comparison,,,comparison,,,0,needs_review,no,yes,yes,ecommerce-catalog-photos,P0
ai-product-photos-or-a-photoshoot-what-to-choose,uz,comparison,,,comparison,,,0,needs_review,no,yes,yes,ecommerce-catalog-photos,P0
ai-product-photos-or-a-photoshoot-what-to-choose,tg,comparison,,,comparison,,,0,needs_review,no,yes,yes,ecommerce-catalog-photos,P0
ai-product-photos-or-a-photoshoot-what-to-choose,tr,comparison,,,comparison,,,0,needs_review,no,yes,yes,ecommerce-catalog-photos,P0
ai-product-photos-or-a-photoshoot-what-to-choose,az,comparison,,,comparison,,,0,needs_review,no,yes,yes,ecommerce-catalog-photos,P0
ai-product-photos-or-a-photoshoot-what-to-choose,ar,comparison,,,comparison,,,0,needs_review,no,yes,yes,ecommerce-catalog-photos,P0
ai-product-photos-or-a-photoshoot-what-to-choose,es,comparison,,,comparison,,,0,needs_review,no,yes,yes,ecommerce-catalog-photos,P0
ai-product-photos-or-a-photoshoot-what-to-choose,pt,comparison,,,comparison,,,0,needs_review,no,yes,yes,ecommerce-catalog-photos,P0
ai-product-photos-or-a-photoshoot-what-to-choose,fr,comparison,,,comparison,,,0,needs_review,no,yes,yes,ecommerce-catalog-photos,P0
ai-product-photos-or-a-photoshoot-what-to-choose,de,comparison,,,comparison,,,0,needs_review,no,yes,yes,ecommerce-catalog-photos,P0
ai-product-photos-or-a-photoshoot-what-to-choose,it,comparison,,,comparison,,,0,needs_review,no,yes,yes,ecommerce-catalog-photos,P0
ai-product-photos-or-a-photoshoot-what-to-choose,pl,comparison,,,comparison,,,0,needs_review,no,yes,yes,ecommerce-catalog-photos,P0
ai-product-photos-or-a-photoshoot-what-to-choose,uk,comparison,,,comparison,,,0,needs_review,no,yes,yes,ecommerce-catalog-photos,P0
ai-product-photos-or-a-photoshoot-what-to-choose,hi,comparison,,,comparison,,,0,needs_review,no,yes,yes,ecommerce-catalog-photos,P0
ai-product-photos-or-a-photoshoot-what-to-choose,id,comparison,,,comparison,,,0,needs_review,no,yes,yes,ecommerce-catalog-photos,P0
ai-product-photos-or-a-photoshoot-what-to-choose,vi,comparison,,,comparison,,,0,needs_review,no,yes,yes,ecommerce-catalog-photos,P0
ai-product-photos-or-a-photoshoot-what-to-choose,zh,comparison,,,comparison,,,0,needs_review,no,yes,yes,ecommerce-catalog-photos,P0
product-shot-or-clothing-on-model,ru,comparison,product shot или одежда на модели,товарное фото; карточка товара; AI для маркетплейса,comparison,Product Shot или одежда на модели,Product Shot или одежда на модели,0,draft,yes,no,yes,exact-product-card;clothing-on-model,P2
product-shot-or-clothing-on-model,en,comparison,product shot or clothing on model,product photography; marketplace listing image; AI ecommerce photo,comparison,Product shot or clothing on model,Product shot or clothing on model,0,draft,yes,no,yes,exact-product-card;clothing-on-model,P2
product-shot-or-clothing-on-model,kk,comparison,,,comparison,,,0,needs_review,no,yes,yes,exact-product-card;clothing-on-model,P2
product-shot-or-clothing-on-model,ky,comparison,,,comparison,,,0,needs_review,no,yes,yes,exact-product-card;clothing-on-model,P2
product-shot-or-clothing-on-model,uz,comparison,,,comparison,,,0,needs_review,no,yes,yes,exact-product-card;clothing-on-model,P2
product-shot-or-clothing-on-model,tg,comparison,,,comparison,,,0,needs_review,no,yes,yes,exact-product-card;clothing-on-model,P2
product-shot-or-clothing-on-model,tr,comparison,,,comparison,,,0,needs_review,no,yes,yes,exact-product-card;clothing-on-model,P2
product-shot-or-clothing-on-model,az,comparison,,,comparison,,,0,needs_review,no,yes,yes,exact-product-card;clothing-on-model,P2
product-shot-or-clothing-on-model,ar,comparison,,,comparison,,,0,needs_review,no,yes,yes,exact-product-card;clothing-on-model,P2
product-shot-or-clothing-on-model,es,comparison,,,comparison,,,0,needs_review,no,yes,yes,exact-product-card;clothing-on-model,P2
product-shot-or-clothing-on-model,pt,comparison,,,comparison,,,0,needs_review,no,yes,yes,exact-product-card;clothing-on-model,P2
product-shot-or-clothing-on-model,fr,comparison,,,comparison,,,0,needs_review,no,yes,yes,exact-product-card;clothing-on-model,P2
product-shot-or-clothing-on-model,de,comparison,,,comparison,,,0,needs_review,no,yes,yes,exact-product-card;clothing-on-model,P2
product-shot-or-clothing-on-model,it,comparison,,,comparison,,,0,needs_review,no,yes,yes,exact-product-card;clothing-on-model,P2
product-shot-or-clothing-on-model,pl,comparison,,,comparison,,,0,needs_review,no,yes,yes,exact-product-card;clothing-on-model,P2
product-shot-or-clothing-on-model,uk,comparison,,,comparison,,,0,needs_review,no,yes,yes,exact-product-card;clothing-on-model,P2
product-shot-or-clothing-on-model,hi,comparison,,,comparison,,,0,needs_review,no,yes,yes,exact-product-card;clothing-on-model,P2
product-shot-or-clothing-on-model,id,comparison,,,comparison,,,0,needs_review,no,yes,yes,exact-product-card;clothing-on-model,P2
product-shot-or-clothing-on-model,vi,comparison,,,comparison,,,0,needs_review,no,yes,yes,exact-product-card;clothing-on-model,P2
product-shot-or-clothing-on-model,zh,comparison,,,comparison,,,0,needs_review,no,yes,yes,exact-product-card;clothing-on-model,P2
white-background-or-creative-scene,ru,comparison,белый фон или креативная сцена,товарное фото; карточка товара; AI для маркетплейса,comparison,Белый фон или креативная сцена,Белый фон или креативная сцена,0,draft,yes,no,yes,marketplace-white-background;creative-product-scene,P2
white-background-or-creative-scene,en,comparison,white background or creative scene,product photography; marketplace listing image; AI ecommerce photo,comparison,White background or creative scene,White background or creative scene,0,draft,yes,no,yes,marketplace-white-background;creative-product-scene,P2
white-background-or-creative-scene,kk,comparison,,,comparison,,,0,needs_review,no,yes,yes,marketplace-white-background;creative-product-scene,P2
white-background-or-creative-scene,ky,comparison,,,comparison,,,0,needs_review,no,yes,yes,marketplace-white-background;creative-product-scene,P2
white-background-or-creative-scene,uz,comparison,,,comparison,,,0,needs_review,no,yes,yes,marketplace-white-background;creative-product-scene,P2
white-background-or-creative-scene,tg,comparison,,,comparison,,,0,needs_review,no,yes,yes,marketplace-white-background;creative-product-scene,P2
white-background-or-creative-scene,tr,comparison,,,comparison,,,0,needs_review,no,yes,yes,marketplace-white-background;creative-product-scene,P2
white-background-or-creative-scene,az,comparison,,,comparison,,,0,needs_review,no,yes,yes,marketplace-white-background;creative-product-scene,P2
white-background-or-creative-scene,ar,comparison,,,comparison,,,0,needs_review,no,yes,yes,marketplace-white-background;creative-product-scene,P2
white-background-or-creative-scene,es,comparison,,,comparison,,,0,needs_review,no,yes,yes,marketplace-white-background;creative-product-scene,P2
white-background-or-creative-scene,pt,comparison,,,comparison,,,0,needs_review,no,yes,yes,marketplace-white-background;creative-product-scene,P2
white-background-or-creative-scene,fr,comparison,,,comparison,,,0,needs_review,no,yes,yes,marketplace-white-background;creative-product-scene,P2
white-background-or-creative-scene,de,comparison,,,comparison,,,0,needs_review,no,yes,yes,marketplace-white-background;creative-product-scene,P2
white-background-or-creative-scene,it,comparison,,,comparison,,,0,needs_review,no,yes,yes,marketplace-white-background;creative-product-scene,P2
white-background-or-creative-scene,pl,comparison,,,comparison,,,0,needs_review,no,yes,yes,marketplace-white-background;creative-product-scene,P2
white-background-or-creative-scene,uk,comparison,,,comparison,,,0,needs_review,no,yes,yes,marketplace-white-background;creative-product-scene,P2
white-background-or-creative-scene,hi,comparison,,,comparison,,,0,needs_review,no,yes,yes,marketplace-white-background;creative-product-scene,P2
white-background-or-creative-scene,id,comparison,,,comparison,,,0,needs_review,no,yes,yes,marketplace-white-background;creative-product-scene,P2
white-background-or-creative-scene,vi,comparison,,,comparison,,,0,needs_review,no,yes,yes,marketplace-white-background;creative-product-scene,P2
white-background-or-creative-scene,zh,comparison,,,comparison,,,0,needs_review,no,yes,yes,marketplace-white-background;creative-product-scene,P2
ai-model-or-real-model,ru,comparison,ai-модель или реальная модель,товарное фото; карточка товара; AI для маркетплейса,comparison,AI-модель или реальная модель,AI-модель или реальная модель,0,draft,yes,no,yes,clothing-on-model,P2
ai-model-or-real-model,en,comparison,ai model or real model,product photography; marketplace listing image; AI ecommerce photo,comparison,AI model or real model,AI model or real model,0,draft,yes,no,yes,clothing-on-model,P2
ai-model-or-real-model,kk,comparison,,,comparison,,,0,needs_review,no,yes,yes,clothing-on-model,P2
ai-model-or-real-model,ky,comparison,,,comparison,,,0,needs_review,no,yes,yes,clothing-on-model,P2
ai-model-or-real-model,uz,comparison,,,comparison,,,0,needs_review,no,yes,yes,clothing-on-model,P2
ai-model-or-real-model,tg,comparison,,,comparison,,,0,needs_review,no,yes,yes,clothing-on-model,P2
ai-model-or-real-model,tr,comparison,,,comparison,,,0,needs_review,no,yes,yes,clothing-on-model,P2
ai-model-or-real-model,az,comparison,,,comparison,,,0,needs_review,no,yes,yes,clothing-on-model,P2
ai-model-or-real-model,ar,comparison,,,comparison,,,0,needs_review,no,yes,yes,clothing-on-model,P2
ai-model-or-real-model,es,comparison,,,comparison,,,0,needs_review,no,yes,yes,clothing-on-model,P2
ai-model-or-real-model,pt,comparison,,,comparison,,,0,needs_review,no,yes,yes,clothing-on-model,P2
ai-model-or-real-model,fr,comparison,,,comparison,,,0,needs_review,no,yes,yes,clothing-on-model,P2
ai-model-or-real-model,de,comparison,,,comparison,,,0,needs_review,no,yes,yes,clothing-on-model,P2
ai-model-or-real-model,it,comparison,,,comparison,,,0,needs_review,no,yes,yes,clothing-on-model,P2
ai-model-or-real-model,pl,comparison,,,comparison,,,0,needs_review,no,yes,yes,clothing-on-model,P2
ai-model-or-real-model,uk,comparison,,,comparison,,,0,needs_review,no,yes,yes,clothing-on-model,P2
ai-model-or-real-model,hi,comparison,,,comparison,,,0,needs_review,no,yes,yes,clothing-on-model,P2
ai-model-or-real-model,id,comparison,,,comparison,,,0,needs_review,no,yes,yes,clothing-on-model,P2
ai-model-or-real-model,vi,comparison,,,comparison,,,0,needs_review,no,yes,yes,clothing-on-model,P2
ai-model-or-real-model,zh,comparison,,,comparison,,,0,needs_review,no,yes,yes,clothing-on-model,P2
exact-product-card-or-creative-scene,ru,comparison,точная карточка или креативная сцена,товарное фото; карточка товара; AI для маркетплейса,comparison,Точная карточка или креативная сцена,Точная карточка или креативная сцена,0,draft,yes,no,yes,exact-product-card;creative-product-scene,P2
exact-product-card-or-creative-scene,en,comparison,exact product card or creative scene,product photography; marketplace listing image; AI ecommerce photo,comparison,Exact product card or creative scene,Exact product card or creative scene,0,draft,yes,no,yes,exact-product-card;creative-product-scene,P2
exact-product-card-or-creative-scene,kk,comparison,,,comparison,,,0,needs_review,no,yes,yes,exact-product-card;creative-product-scene,P2
exact-product-card-or-creative-scene,ky,comparison,,,comparison,,,0,needs_review,no,yes,yes,exact-product-card;creative-product-scene,P2
exact-product-card-or-creative-scene,uz,comparison,,,comparison,,,0,needs_review,no,yes,yes,exact-product-card;creative-product-scene,P2
exact-product-card-or-creative-scene,tg,comparison,,,comparison,,,0,needs_review,no,yes,yes,exact-product-card;creative-product-scene,P2
exact-product-card-or-creative-scene,tr,comparison,,,comparison,,,0,needs_review,no,yes,yes,exact-product-card;creative-product-scene,P2
exact-product-card-or-creative-scene,az,comparison,,,comparison,,,0,needs_review,no,yes,yes,exact-product-card;creative-product-scene,P2
exact-product-card-or-creative-scene,ar,comparison,,,comparison,,,0,needs_review,no,yes,yes,exact-product-card;creative-product-scene,P2
exact-product-card-or-creative-scene,es,comparison,,,comparison,,,0,needs_review,no,yes,yes,exact-product-card;creative-product-scene,P2
exact-product-card-or-creative-scene,pt,comparison,,,comparison,,,0,needs_review,no,yes,yes,exact-product-card;creative-product-scene,P2
exact-product-card-or-creative-scene,fr,comparison,,,comparison,,,0,needs_review,no,yes,yes,exact-product-card;creative-product-scene,P2
exact-product-card-or-creative-scene,de,comparison,,,comparison,,,0,needs_review,no,yes,yes,exact-product-card;creative-product-scene,P2
exact-product-card-or-creative-scene,it,comparison,,,comparison,,,0,needs_review,no,yes,yes,exact-product-card;creative-product-scene,P2
exact-product-card-or-creative-scene,pl,comparison,,,comparison,,,0,needs_review,no,yes,yes,exact-product-card;creative-product-scene,P2
exact-product-card-or-creative-scene,uk,comparison,,,comparison,,,0,needs_review,no,yes,yes,exact-product-card;creative-product-scene,P2
exact-product-card-or-creative-scene,hi,comparison,,,comparison,,,0,needs_review,no,yes,yes,exact-product-card;creative-product-scene,P2
exact-product-card-or-creative-scene,id,comparison,,,comparison,,,0,needs_review,no,yes,yes,exact-product-card;creative-product-scene,P2
exact-product-card-or-creative-scene,vi,comparison,,,comparison,,,0,needs_review,no,yes,yes,exact-product-card;creative-product-scene,P2
exact-product-card-or-creative-scene,zh,comparison,,,comparison,,,0,needs_review,no,yes,yes,exact-product-card;creative-product-scene,P2
product-photo-or-product-video,ru,comparison,фото товара или видео товара,товарное фото; карточка товара; AI для маркетплейса,comparison,Фото товара или видео товара,Фото товара или видео товара,0,draft,yes,no,yes,product-video-from-photo,P2
product-photo-or-product-video,en,comparison,product photo or product video,product photography; marketplace listing image; AI ecommerce photo,comparison,Product photo or product video,Product photo or product video,0,draft,yes,no,yes,product-video-from-photo,P2
product-photo-or-product-video,kk,comparison,,,comparison,,,0,needs_review,no,yes,yes,product-video-from-photo,P2
product-photo-or-product-video,ky,comparison,,,comparison,,,0,needs_review,no,yes,yes,product-video-from-photo,P2
product-photo-or-product-video,uz,comparison,,,comparison,,,0,needs_review,no,yes,yes,product-video-from-photo,P2
product-photo-or-product-video,tg,comparison,,,comparison,,,0,needs_review,no,yes,yes,product-video-from-photo,P2
product-photo-or-product-video,tr,comparison,,,comparison,,,0,needs_review,no,yes,yes,product-video-from-photo,P2
product-photo-or-product-video,az,comparison,,,comparison,,,0,needs_review,no,yes,yes,product-video-from-photo,P2
product-photo-or-product-video,ar,comparison,,,comparison,,,0,needs_review,no,yes,yes,product-video-from-photo,P2
product-photo-or-product-video,es,comparison,,,comparison,,,0,needs_review,no,yes,yes,product-video-from-photo,P2
product-photo-or-product-video,pt,comparison,,,comparison,,,0,needs_review,no,yes,yes,product-video-from-photo,P2
product-photo-or-product-video,fr,comparison,,,comparison,,,0,needs_review,no,yes,yes,product-video-from-photo,P2
product-photo-or-product-video,de,comparison,,,comparison,,,0,needs_review,no,yes,yes,product-video-from-photo,P2
product-photo-or-product-video,it,comparison,,,comparison,,,0,needs_review,no,yes,yes,product-video-from-photo,P2
product-photo-or-product-video,pl,comparison,,,comparison,,,0,needs_review,no,yes,yes,product-video-from-photo,P2
product-photo-or-product-video,uk,comparison,,,comparison,,,0,needs_review,no,yes,yes,product-video-from-photo,P2
product-photo-or-product-video,hi,comparison,,,comparison,,,0,needs_review,no,yes,yes,product-video-from-photo,P2
product-photo-or-product-video,id,comparison,,,comparison,,,0,needs_review,no,yes,yes,product-video-from-photo,P2
product-photo-or-product-video,vi,comparison,,,comparison,,,0,needs_review,no,yes,yes,product-video-from-photo,P2
product-photo-or-product-video,zh,comparison,,,comparison,,,0,needs_review,no,yes,yes,product-video-from-photo,P2
manual-product-selection-or-automatic-background-removal,ru,comparison,ручное выделение товара или автоудаление фона,товарное фото; карточка товара; AI для маркетплейса,comparison,Ручное выделение товара или автоудаление фона,Ручное выделение товара или автоудаление фона,0,draft,yes,no,yes,product-photo-cleanup,P2
manual-product-selection-or-automatic-background-removal,en,comparison,manual product selection or automatic background removal,product photography; marketplace listing image; AI ecommerce photo,comparison,Manual product selection or automatic background removal,Manual product selection or automatic background removal,0,draft,yes,no,yes,product-photo-cleanup,P2
manual-product-selection-or-automatic-background-removal,kk,comparison,,,comparison,,,0,needs_review,no,yes,yes,product-photo-cleanup,P2
manual-product-selection-or-automatic-background-removal,ky,comparison,,,comparison,,,0,needs_review,no,yes,yes,product-photo-cleanup,P2
manual-product-selection-or-automatic-background-removal,uz,comparison,,,comparison,,,0,needs_review,no,yes,yes,product-photo-cleanup,P2
manual-product-selection-or-automatic-background-removal,tg,comparison,,,comparison,,,0,needs_review,no,yes,yes,product-photo-cleanup,P2
manual-product-selection-or-automatic-background-removal,tr,comparison,,,comparison,,,0,needs_review,no,yes,yes,product-photo-cleanup,P2
manual-product-selection-or-automatic-background-removal,az,comparison,,,comparison,,,0,needs_review,no,yes,yes,product-photo-cleanup,P2
manual-product-selection-or-automatic-background-removal,ar,comparison,,,comparison,,,0,needs_review,no,yes,yes,product-photo-cleanup,P2
manual-product-selection-or-automatic-background-removal,es,comparison,,,comparison,,,0,needs_review,no,yes,yes,product-photo-cleanup,P2
manual-product-selection-or-automatic-background-removal,pt,comparison,,,comparison,,,0,needs_review,no,yes,yes,product-photo-cleanup,P2
manual-product-selection-or-automatic-background-removal,fr,comparison,,,comparison,,,0,needs_review,no,yes,yes,product-photo-cleanup,P2
manual-product-selection-or-automatic-background-removal,de,comparison,,,comparison,,,0,needs_review,no,yes,yes,product-photo-cleanup,P2
manual-product-selection-or-automatic-background-removal,it,comparison,,,comparison,,,0,needs_review,no,yes,yes,product-photo-cleanup,P2
manual-product-selection-or-automatic-background-removal,pl,comparison,,,comparison,,,0,needs_review,no,yes,yes,product-photo-cleanup,P2
manual-product-selection-or-automatic-background-removal,uk,comparison,,,comparison,,,0,needs_review,no,yes,yes,product-photo-cleanup,P2
manual-product-selection-or-automatic-background-removal,hi,comparison,,,comparison,,,0,needs_review,no,yes,yes,product-photo-cleanup,P2
manual-product-selection-or-automatic-background-removal,id,comparison,,,comparison,,,0,needs_review,no,yes,yes,product-photo-cleanup,P2
manual-product-selection-or-automatic-background-removal,vi,comparison,,,comparison,,,0,needs_review,no,yes,yes,product-photo-cleanup,P2
manual-product-selection-or-automatic-background-removal,zh,comparison,,,comparison,,,0,needs_review,no,yes,yes,product-photo-cleanup,P2
what-is-better-for-marketplaces-1-1-or-4-5,ru,comparison,что лучше для маркетплейса: 1:1 или 4:5,товарное фото; карточка товара; AI для маркетплейса,comparison,Что лучше для маркетплейса: 1:1 или 4:5,Что лучше для маркетплейса: 1:1 или 4:5,0,draft,yes,no,yes,exact-product-card,P2
what-is-better-for-marketplaces-1-1-or-4-5,en,comparison,what is better for marketplaces: 1:1 or 4:5,product photography; marketplace listing image; AI ecommerce photo,comparison,What is better for marketplaces: 1:1 or 4:5,What is better for marketplaces: 1:1 or 4:5,0,draft,yes,no,yes,exact-product-card,P2
what-is-better-for-marketplaces-1-1-or-4-5,kk,comparison,,,comparison,,,0,needs_review,no,yes,yes,exact-product-card,P2
what-is-better-for-marketplaces-1-1-or-4-5,ky,comparison,,,comparison,,,0,needs_review,no,yes,yes,exact-product-card,P2
what-is-better-for-marketplaces-1-1-or-4-5,uz,comparison,,,comparison,,,0,needs_review,no,yes,yes,exact-product-card,P2
what-is-better-for-marketplaces-1-1-or-4-5,tg,comparison,,,comparison,,,0,needs_review,no,yes,yes,exact-product-card,P2
what-is-better-for-marketplaces-1-1-or-4-5,tr,comparison,,,comparison,,,0,needs_review,no,yes,yes,exact-product-card,P2
what-is-better-for-marketplaces-1-1-or-4-5,az,comparison,,,comparison,,,0,needs_review,no,yes,yes,exact-product-card,P2
what-is-better-for-marketplaces-1-1-or-4-5,ar,comparison,,,comparison,,,0,needs_review,no,yes,yes,exact-product-card,P2
what-is-better-for-marketplaces-1-1-or-4-5,es,comparison,,,comparison,,,0,needs_review,no,yes,yes,exact-product-card,P2
what-is-better-for-marketplaces-1-1-or-4-5,pt,comparison,,,comparison,,,0,needs_review,no,yes,yes,exact-product-card,P2
what-is-better-for-marketplaces-1-1-or-4-5,fr,comparison,,,comparison,,,0,needs_review,no,yes,yes,exact-product-card,P2
what-is-better-for-marketplaces-1-1-or-4-5,de,comparison,,,comparison,,,0,needs_review,no,yes,yes,exact-product-card,P2
what-is-better-for-marketplaces-1-1-or-4-5,it,comparison,,,comparison,,,0,needs_review,no,yes,yes,exact-product-card,P2
what-is-better-for-marketplaces-1-1-or-4-5,pl,comparison,,,comparison,,,0,needs_review,no,yes,yes,exact-product-card,P2
what-is-better-for-marketplaces-1-1-or-4-5,uk,comparison,,,comparison,,,0,needs_review,no,yes,yes,exact-product-card,P2
what-is-better-for-marketplaces-1-1-or-4-5,hi,comparison,,,comparison,,,0,needs_review,no,yes,yes,exact-product-card,P2
what-is-better-for-marketplaces-1-1-or-4-5,id,comparison,,,comparison,,,0,needs_review,no,yes,yes,exact-product-card,P2
what-is-better-for-marketplaces-1-1-or-4-5,vi,comparison,,,comparison,,,0,needs_review,no,yes,yes,exact-product-card,P2
what-is-better-for-marketplaces-1-1-or-4-5,zh,comparison,,,comparison,,,0,needs_review,no,yes,yes,exact-product-card,P2
what-is-better-for-instagram-photo-or-reels,ru,comparison,что лучше для instagram: фото или reels,товарное фото; карточка товара; AI для маркетплейса,comparison,Что лучше для Instagram: фото или Reels,Что лучше для Instagram: фото или Reels,0,draft,yes,no,yes,instagram-product-photos;reels-from-product-image,P2
what-is-better-for-instagram-photo-or-reels,en,comparison,what is better for instagram: photo or reels,product photography; marketplace listing image; AI ecommerce photo,comparison,What is better for Instagram: photo or Reels,What is better for Instagram: photo or Reels,0,draft,yes,no,yes,instagram-product-photos;reels-from-product-image,P2
what-is-better-for-instagram-photo-or-reels,kk,comparison,,,comparison,,,0,needs_review,no,yes,yes,instagram-product-photos;reels-from-product-image,P2
what-is-better-for-instagram-photo-or-reels,ky,comparison,,,comparison,,,0,needs_review,no,yes,yes,instagram-product-photos;reels-from-product-image,P2
what-is-better-for-instagram-photo-or-reels,uz,comparison,,,comparison,,,0,needs_review,no,yes,yes,instagram-product-photos;reels-from-product-image,P2
what-is-better-for-instagram-photo-or-reels,tg,comparison,,,comparison,,,0,needs_review,no,yes,yes,instagram-product-photos;reels-from-product-image,P2
what-is-better-for-instagram-photo-or-reels,tr,comparison,,,comparison,,,0,needs_review,no,yes,yes,instagram-product-photos;reels-from-product-image,P2
what-is-better-for-instagram-photo-or-reels,az,comparison,,,comparison,,,0,needs_review,no,yes,yes,instagram-product-photos;reels-from-product-image,P2
what-is-better-for-instagram-photo-or-reels,ar,comparison,,,comparison,,,0,needs_review,no,yes,yes,instagram-product-photos;reels-from-product-image,P2
what-is-better-for-instagram-photo-or-reels,es,comparison,,,comparison,,,0,needs_review,no,yes,yes,instagram-product-photos;reels-from-product-image,P2
what-is-better-for-instagram-photo-or-reels,pt,comparison,,,comparison,,,0,needs_review,no,yes,yes,instagram-product-photos;reels-from-product-image,P2
what-is-better-for-instagram-photo-or-reels,fr,comparison,,,comparison,,,0,needs_review,no,yes,yes,instagram-product-photos;reels-from-product-image,P2
what-is-better-for-instagram-photo-or-reels,de,comparison,,,comparison,,,0,needs_review,no,yes,yes,instagram-product-photos;reels-from-product-image,P2
what-is-better-for-instagram-photo-or-reels,it,comparison,,,comparison,,,0,needs_review,no,yes,yes,instagram-product-photos;reels-from-product-image,P2
what-is-better-for-instagram-photo-or-reels,pl,comparison,,,comparison,,,0,needs_review,no,yes,yes,instagram-product-photos;reels-from-product-image,P2
what-is-better-for-instagram-photo-or-reels,uk,comparison,,,comparison,,,0,needs_review,no,yes,yes,instagram-product-photos;reels-from-product-image,P2
what-is-better-for-instagram-photo-or-reels,hi,comparison,,,comparison,,,0,needs_review,no,yes,yes,instagram-product-photos;reels-from-product-image,P2
what-is-better-for-instagram-photo-or-reels,id,comparison,,,comparison,,,0,needs_review,no,yes,yes,instagram-product-photos;reels-from-product-image,P2
what-is-better-for-instagram-photo-or-reels,vi,comparison,,,comparison,,,0,needs_review,no,yes,yes,instagram-product-photos;reels-from-product-image,P2
what-is-better-for-instagram-photo-or-reels,zh,comparison,,,comparison,,,0,needs_review,no,yes,yes,instagram-product-photos;reels-from-product-image,P2
why-different-platforms-need-different-formats,ru,comparison,почему разные площадки требуют разные форматы,товарное фото; карточка товара; AI для маркетплейса,informational,Почему разные площадки требуют разные форматы,Почему разные площадки требуют разные форматы,0,draft,yes,no,yes,ecommerce-catalog-photos,P2
why-different-platforms-need-different-formats,en,comparison,why different platforms need different formats,product photography; marketplace listing image; AI ecommerce photo,informational,Why different platforms need different formats,Why different platforms need different formats,0,draft,yes,no,yes,ecommerce-catalog-photos,P2
why-different-platforms-need-different-formats,kk,comparison,,,informational,,,0,needs_review,no,yes,yes,ecommerce-catalog-photos,P2
why-different-platforms-need-different-formats,ky,comparison,,,informational,,,0,needs_review,no,yes,yes,ecommerce-catalog-photos,P2
why-different-platforms-need-different-formats,uz,comparison,,,informational,,,0,needs_review,no,yes,yes,ecommerce-catalog-photos,P2
why-different-platforms-need-different-formats,tg,comparison,,,informational,,,0,needs_review,no,yes,yes,ecommerce-catalog-photos,P2
why-different-platforms-need-different-formats,tr,comparison,,,informational,,,0,needs_review,no,yes,yes,ecommerce-catalog-photos,P2
why-different-platforms-need-different-formats,az,comparison,,,informational,,,0,needs_review,no,yes,yes,ecommerce-catalog-photos,P2
why-different-platforms-need-different-formats,ar,comparison,,,informational,,,0,needs_review,no,yes,yes,ecommerce-catalog-photos,P2
why-different-platforms-need-different-formats,es,comparison,,,informational,,,0,needs_review,no,yes,yes,ecommerce-catalog-photos,P2
why-different-platforms-need-different-formats,pt,comparison,,,informational,,,0,needs_review,no,yes,yes,ecommerce-catalog-photos,P2
why-different-platforms-need-different-formats,fr,comparison,,,informational,,,0,needs_review,no,yes,yes,ecommerce-catalog-photos,P2
why-different-platforms-need-different-formats,de,comparison,,,informational,,,0,needs_review,no,yes,yes,ecommerce-catalog-photos,P2
why-different-platforms-need-different-formats,it,comparison,,,informational,,,0,needs_review,no,yes,yes,ecommerce-catalog-photos,P2
why-different-platforms-need-different-formats,pl,comparison,,,informational,,,0,needs_review,no,yes,yes,ecommerce-catalog-photos,P2
why-different-platforms-need-different-formats,uk,comparison,,,informational,,,0,needs_review,no,yes,yes,ecommerce-catalog-photos,P2
why-different-platforms-need-different-formats,hi,comparison,,,informational,,,0,needs_review,no,yes,yes,ecommerce-catalog-photos,P2
why-different-platforms-need-different-formats,id,comparison,,,informational,,,0,needs_review,no,yes,yes,ecommerce-catalog-photos,P2
why-different-platforms-need-different-formats,vi,comparison,,,informational,,,0,needs_review,no,yes,yes,ecommerce-catalog-photos,P2
why-different-platforms-need-different-formats,zh,comparison,,,informational,,,0,needs_review,no,yes,yes,ecommerce-catalog-photos,P2
how-to-sell-products-on-different-marketplaces,ru,localization / international sellers,как продавать товары на разных маркетплейсах,товарное фото; карточка товара; AI для маркетплейса,informational,Как продавать товары на разных маркетплейсах,Как продавать товары на разных маркетплейсах,0,draft,yes,no,yes,supplier-catalog-photos,P2
how-to-sell-products-on-different-marketplaces,en,localization / international sellers,how to sell products on different marketplaces,product photography; marketplace listing image; AI ecommerce photo,informational,How to sell products on different marketplaces,How to sell products on different marketplaces,0,draft,yes,no,yes,supplier-catalog-photos,P2
how-to-sell-products-on-different-marketplaces,kk,localization / international sellers,,,informational,,,0,needs_review,no,yes,yes,supplier-catalog-photos,P2
how-to-sell-products-on-different-marketplaces,ky,localization / international sellers,,,informational,,,0,needs_review,no,yes,yes,supplier-catalog-photos,P2
how-to-sell-products-on-different-marketplaces,uz,localization / international sellers,,,informational,,,0,needs_review,no,yes,yes,supplier-catalog-photos,P2
how-to-sell-products-on-different-marketplaces,tg,localization / international sellers,,,informational,,,0,needs_review,no,yes,yes,supplier-catalog-photos,P2
how-to-sell-products-on-different-marketplaces,tr,localization / international sellers,,,informational,,,0,needs_review,no,yes,yes,supplier-catalog-photos,P2
how-to-sell-products-on-different-marketplaces,az,localization / international sellers,,,informational,,,0,needs_review,no,yes,yes,supplier-catalog-photos,P2
how-to-sell-products-on-different-marketplaces,ar,localization / international sellers,,,informational,,,0,needs_review,no,yes,yes,supplier-catalog-photos,P2
how-to-sell-products-on-different-marketplaces,es,localization / international sellers,,,informational,,,0,needs_review,no,yes,yes,supplier-catalog-photos,P2
how-to-sell-products-on-different-marketplaces,pt,localization / international sellers,,,informational,,,0,needs_review,no,yes,yes,supplier-catalog-photos,P2
how-to-sell-products-on-different-marketplaces,fr,localization / international sellers,,,informational,,,0,needs_review,no,yes,yes,supplier-catalog-photos,P2
how-to-sell-products-on-different-marketplaces,de,localization / international sellers,,,informational,,,0,needs_review,no,yes,yes,supplier-catalog-photos,P2
how-to-sell-products-on-different-marketplaces,it,localization / international sellers,,,informational,,,0,needs_review,no,yes,yes,supplier-catalog-photos,P2
how-to-sell-products-on-different-marketplaces,pl,localization / international sellers,,,informational,,,0,needs_review,no,yes,yes,supplier-catalog-photos,P2
how-to-sell-products-on-different-marketplaces,uk,localization / international sellers,,,informational,,,0,needs_review,no,yes,yes,supplier-catalog-photos,P2
how-to-sell-products-on-different-marketplaces,hi,localization / international sellers,,,informational,,,0,needs_review,no,yes,yes,supplier-catalog-photos,P2
how-to-sell-products-on-different-marketplaces,id,localization / international sellers,,,informational,,,0,needs_review,no,yes,yes,supplier-catalog-photos,P2
how-to-sell-products-on-different-marketplaces,vi,localization / international sellers,,,informational,,,0,needs_review,no,yes,yes,supplier-catalog-photos,P2
how-to-sell-products-on-different-marketplaces,zh,localization / international sellers,,,informational,,,0,needs_review,no,yes,yes,supplier-catalog-photos,P2
how-to-prepare-product-photos-for-international-markets,ru,localization / international sellers,как подготовить фото товара для зарубежного рынка,товарное фото; карточка товара; AI для маркетплейса,how-to,Как подготовить фото товара для зарубежного рынка,Как подготовить фото товара для зарубежного рынка,0,draft,yes,no,yes,ecommerce-catalog-photos,P2
how-to-prepare-product-photos-for-international-markets,en,localization / international sellers,how to prepare product photos for international markets,product photography; marketplace listing image; AI ecommerce photo,how-to,How to prepare product photos for international markets,How to prepare product photos for international markets,0,draft,yes,no,yes,ecommerce-catalog-photos,P2
how-to-prepare-product-photos-for-international-markets,kk,localization / international sellers,,,how-to,,,0,needs_review,no,yes,yes,ecommerce-catalog-photos,P2
how-to-prepare-product-photos-for-international-markets,ky,localization / international sellers,,,how-to,,,0,needs_review,no,yes,yes,ecommerce-catalog-photos,P2
how-to-prepare-product-photos-for-international-markets,uz,localization / international sellers,,,how-to,,,0,needs_review,no,yes,yes,ecommerce-catalog-photos,P2
how-to-prepare-product-photos-for-international-markets,tg,localization / international sellers,,,how-to,,,0,needs_review,no,yes,yes,ecommerce-catalog-photos,P2
how-to-prepare-product-photos-for-international-markets,tr,localization / international sellers,,,how-to,,,0,needs_review,no,yes,yes,ecommerce-catalog-photos,P2
how-to-prepare-product-photos-for-international-markets,az,localization / international sellers,,,how-to,,,0,needs_review,no,yes,yes,ecommerce-catalog-photos,P2
how-to-prepare-product-photos-for-international-markets,ar,localization / international sellers,,,how-to,,,0,needs_review,no,yes,yes,ecommerce-catalog-photos,P2
how-to-prepare-product-photos-for-international-markets,es,localization / international sellers,,,how-to,,,0,needs_review,no,yes,yes,ecommerce-catalog-photos,P2
how-to-prepare-product-photos-for-international-markets,pt,localization / international sellers,,,how-to,,,0,needs_review,no,yes,yes,ecommerce-catalog-photos,P2
how-to-prepare-product-photos-for-international-markets,fr,localization / international sellers,,,how-to,,,0,needs_review,no,yes,yes,ecommerce-catalog-photos,P2
how-to-prepare-product-photos-for-international-markets,de,localization / international sellers,,,how-to,,,0,needs_review,no,yes,yes,ecommerce-catalog-photos,P2
how-to-prepare-product-photos-for-international-markets,it,localization / international sellers,,,how-to,,,0,needs_review,no,yes,yes,ecommerce-catalog-photos,P2
how-to-prepare-product-photos-for-international-markets,pl,localization / international sellers,,,how-to,,,0,needs_review,no,yes,yes,ecommerce-catalog-photos,P2
how-to-prepare-product-photos-for-international-markets,uk,localization / international sellers,,,how-to,,,0,needs_review,no,yes,yes,ecommerce-catalog-photos,P2
how-to-prepare-product-photos-for-international-markets,hi,localization / international sellers,,,how-to,,,0,needs_review,no,yes,yes,ecommerce-catalog-photos,P2
how-to-prepare-product-photos-for-international-markets,id,localization / international sellers,,,how-to,,,0,needs_review,no,yes,yes,ecommerce-catalog-photos,P2
how-to-prepare-product-photos-for-international-markets,vi,localization / international sellers,,,how-to,,,0,needs_review,no,yes,yes,ecommerce-catalog-photos,P2
how-to-prepare-product-photos-for-international-markets,zh,localization / international sellers,,,how-to,,,0,needs_review,no,yes,yes,ecommerce-catalog-photos,P2
how-to-create-a-multilingual-product-catalog,ru,localization / international sellers,как сделать каталог на нескольких языках,товарное фото; карточка товара; AI для маркетплейса,how-to,Как сделать каталог на нескольких языках,Как сделать каталог на нескольких языках,0,draft,yes,no,yes,supplier-catalog-photos,P2
how-to-create-a-multilingual-product-catalog,en,localization / international sellers,how to create a multilingual product catalog,product photography; marketplace listing image; AI ecommerce photo,how-to,How to create a multilingual product catalog,How to create a multilingual product catalog,0,draft,yes,no,yes,supplier-catalog-photos,P2
how-to-create-a-multilingual-product-catalog,kk,localization / international sellers,,,how-to,,,0,needs_review,no,yes,yes,supplier-catalog-photos,P2
how-to-create-a-multilingual-product-catalog,ky,localization / international sellers,,,how-to,,,0,needs_review,no,yes,yes,supplier-catalog-photos,P2
how-to-create-a-multilingual-product-catalog,uz,localization / international sellers,,,how-to,,,0,needs_review,no,yes,yes,supplier-catalog-photos,P2
how-to-create-a-multilingual-product-catalog,tg,localization / international sellers,,,how-to,,,0,needs_review,no,yes,yes,supplier-catalog-photos,P2
how-to-create-a-multilingual-product-catalog,tr,localization / international sellers,,,how-to,,,0,needs_review,no,yes,yes,supplier-catalog-photos,P2
how-to-create-a-multilingual-product-catalog,az,localization / international sellers,,,how-to,,,0,needs_review,no,yes,yes,supplier-catalog-photos,P2
how-to-create-a-multilingual-product-catalog,ar,localization / international sellers,,,how-to,,,0,needs_review,no,yes,yes,supplier-catalog-photos,P2
how-to-create-a-multilingual-product-catalog,es,localization / international sellers,,,how-to,,,0,needs_review,no,yes,yes,supplier-catalog-photos,P2
how-to-create-a-multilingual-product-catalog,pt,localization / international sellers,,,how-to,,,0,needs_review,no,yes,yes,supplier-catalog-photos,P2
how-to-create-a-multilingual-product-catalog,fr,localization / international sellers,,,how-to,,,0,needs_review,no,yes,yes,supplier-catalog-photos,P2
how-to-create-a-multilingual-product-catalog,de,localization / international sellers,,,how-to,,,0,needs_review,no,yes,yes,supplier-catalog-photos,P2
how-to-create-a-multilingual-product-catalog,it,localization / international sellers,,,how-to,,,0,needs_review,no,yes,yes,supplier-catalog-photos,P2
how-to-create-a-multilingual-product-catalog,pl,localization / international sellers,,,how-to,,,0,needs_review,no,yes,yes,supplier-catalog-photos,P2
how-to-create-a-multilingual-product-catalog,uk,localization / international sellers,,,how-to,,,0,needs_review,no,yes,yes,supplier-catalog-photos,P2
how-to-create-a-multilingual-product-catalog,hi,localization / international sellers,,,how-to,,,0,needs_review,no,yes,yes,supplier-catalog-photos,P2
how-to-create-a-multilingual-product-catalog,id,localization / international sellers,,,how-to,,,0,needs_review,no,yes,yes,supplier-catalog-photos,P2
how-to-create-a-multilingual-product-catalog,vi,localization / international sellers,,,how-to,,,0,needs_review,no,yes,yes,supplier-catalog-photos,P2
how-to-create-a-multilingual-product-catalog,zh,localization / international sellers,,,how-to,,,0,needs_review,no,yes,yes,supplier-catalog-photos,P2
how-to-adapt-a-product-card-for-ebay,ru,localization / international sellers,как адаптировать карточку товара для ebay,товарное фото; карточка товара; AI для маркетплейса,platform,Как адаптировать карточку товара для eBay,Как адаптировать карточку товара для eBay,0,draft,yes,no,yes,exact-product-card,P2
how-to-adapt-a-product-card-for-ebay,en,localization / international sellers,how to adapt a product card for ebay,product photography; marketplace listing image; AI ecommerce photo,platform,How to adapt a product card for eBay,How to adapt a product card for eBay,0,draft,yes,no,yes,exact-product-card,P2
how-to-adapt-a-product-card-for-ebay,kk,localization / international sellers,,,platform,,,0,needs_review,no,yes,yes,exact-product-card,P2
how-to-adapt-a-product-card-for-ebay,ky,localization / international sellers,,,platform,,,0,needs_review,no,yes,yes,exact-product-card,P2
how-to-adapt-a-product-card-for-ebay,uz,localization / international sellers,,,platform,,,0,needs_review,no,yes,yes,exact-product-card,P2
how-to-adapt-a-product-card-for-ebay,tg,localization / international sellers,,,platform,,,0,needs_review,no,yes,yes,exact-product-card,P2
how-to-adapt-a-product-card-for-ebay,tr,localization / international sellers,,,platform,,,0,needs_review,no,yes,yes,exact-product-card,P2
how-to-adapt-a-product-card-for-ebay,az,localization / international sellers,,,platform,,,0,needs_review,no,yes,yes,exact-product-card,P2
how-to-adapt-a-product-card-for-ebay,ar,localization / international sellers,,,platform,,,0,needs_review,no,yes,yes,exact-product-card,P2
how-to-adapt-a-product-card-for-ebay,es,localization / international sellers,,,platform,,,0,needs_review,no,yes,yes,exact-product-card,P2
how-to-adapt-a-product-card-for-ebay,pt,localization / international sellers,,,platform,,,0,needs_review,no,yes,yes,exact-product-card,P2
how-to-adapt-a-product-card-for-ebay,fr,localization / international sellers,,,platform,,,0,needs_review,no,yes,yes,exact-product-card,P2
how-to-adapt-a-product-card-for-ebay,de,localization / international sellers,,,platform,,,0,needs_review,no,yes,yes,exact-product-card,P2
how-to-adapt-a-product-card-for-ebay,it,localization / international sellers,,,platform,,,0,needs_review,no,yes,yes,exact-product-card,P2
how-to-adapt-a-product-card-for-ebay,pl,localization / international sellers,,,platform,,,0,needs_review,no,yes,yes,exact-product-card,P2
how-to-adapt-a-product-card-for-ebay,uk,localization / international sellers,,,platform,,,0,needs_review,no,yes,yes,exact-product-card,P2
how-to-adapt-a-product-card-for-ebay,hi,localization / international sellers,,,platform,,,0,needs_review,no,yes,yes,exact-product-card,P2
how-to-adapt-a-product-card-for-ebay,id,localization / international sellers,,,platform,,,0,needs_review,no,yes,yes,exact-product-card,P2
how-to-adapt-a-product-card-for-ebay,vi,localization / international sellers,,,platform,,,0,needs_review,no,yes,yes,exact-product-card,P2
how-to-adapt-a-product-card-for-ebay,zh,localization / international sellers,,,platform,,,0,needs_review,no,yes,yes,exact-product-card,P2
how-to-adapt-a-product-card-for-amazon,ru,localization / international sellers,как адаптировать карточку товара для amazon,товарное фото; карточка товара; AI для маркетплейса,platform,Как адаптировать карточку товара для Amazon,Как адаптировать карточку товара для Amazon,0,draft,yes,no,yes,marketplace-white-background,P2
how-to-adapt-a-product-card-for-amazon,en,localization / international sellers,how to adapt a product card for amazon,product photography; marketplace listing image; AI ecommerce photo,platform,How to adapt a product card for Amazon,How to adapt a product card for Amazon,0,draft,yes,no,yes,marketplace-white-background,P2
how-to-adapt-a-product-card-for-amazon,kk,localization / international sellers,,,platform,,,0,needs_review,no,yes,yes,marketplace-white-background,P2
how-to-adapt-a-product-card-for-amazon,ky,localization / international sellers,,,platform,,,0,needs_review,no,yes,yes,marketplace-white-background,P2
how-to-adapt-a-product-card-for-amazon,uz,localization / international sellers,,,platform,,,0,needs_review,no,yes,yes,marketplace-white-background,P2
how-to-adapt-a-product-card-for-amazon,tg,localization / international sellers,,,platform,,,0,needs_review,no,yes,yes,marketplace-white-background,P2
how-to-adapt-a-product-card-for-amazon,tr,localization / international sellers,,,platform,,,0,needs_review,no,yes,yes,marketplace-white-background,P2
how-to-adapt-a-product-card-for-amazon,az,localization / international sellers,,,platform,,,0,needs_review,no,yes,yes,marketplace-white-background,P2
how-to-adapt-a-product-card-for-amazon,ar,localization / international sellers,,,platform,,,0,needs_review,no,yes,yes,marketplace-white-background,P2
how-to-adapt-a-product-card-for-amazon,es,localization / international sellers,,,platform,,,0,needs_review,no,yes,yes,marketplace-white-background,P2
how-to-adapt-a-product-card-for-amazon,pt,localization / international sellers,,,platform,,,0,needs_review,no,yes,yes,marketplace-white-background,P2
how-to-adapt-a-product-card-for-amazon,fr,localization / international sellers,,,platform,,,0,needs_review,no,yes,yes,marketplace-white-background,P2
how-to-adapt-a-product-card-for-amazon,de,localization / international sellers,,,platform,,,0,needs_review,no,yes,yes,marketplace-white-background,P2
how-to-adapt-a-product-card-for-amazon,it,localization / international sellers,,,platform,,,0,needs_review,no,yes,yes,marketplace-white-background,P2
how-to-adapt-a-product-card-for-amazon,pl,localization / international sellers,,,platform,,,0,needs_review,no,yes,yes,marketplace-white-background,P2
how-to-adapt-a-product-card-for-amazon,uk,localization / international sellers,,,platform,,,0,needs_review,no,yes,yes,marketplace-white-background,P2
how-to-adapt-a-product-card-for-amazon,hi,localization / international sellers,,,platform,,,0,needs_review,no,yes,yes,marketplace-white-background,P2
how-to-adapt-a-product-card-for-amazon,id,localization / international sellers,,,platform,,,0,needs_review,no,yes,yes,marketplace-white-background,P2
how-to-adapt-a-product-card-for-amazon,vi,localization / international sellers,,,platform,,,0,needs_review,no,yes,yes,marketplace-white-background,P2
how-to-adapt-a-product-card-for-amazon,zh,localization / international sellers,,,platform,,,0,needs_review,no,yes,yes,marketplace-white-background,P2
how-to-adapt-product-photos-for-etsy,ru,localization / international sellers,как адаптировать фото для etsy,товарное фото; карточка товара; AI для маркетплейса,platform,Как адаптировать фото для Etsy,Как адаптировать фото для Etsy,0,draft,yes,no,yes,jewelry-product-photos,P2
how-to-adapt-product-photos-for-etsy,en,localization / international sellers,how to adapt product photos for etsy,product photography; marketplace listing image; AI ecommerce photo,platform,How to adapt product photos for Etsy,How to adapt product photos for Etsy,0,draft,yes,no,yes,jewelry-product-photos,P2
how-to-adapt-product-photos-for-etsy,kk,localization / international sellers,,,platform,,,0,needs_review,no,yes,yes,jewelry-product-photos,P2
how-to-adapt-product-photos-for-etsy,ky,localization / international sellers,,,platform,,,0,needs_review,no,yes,yes,jewelry-product-photos,P2
how-to-adapt-product-photos-for-etsy,uz,localization / international sellers,,,platform,,,0,needs_review,no,yes,yes,jewelry-product-photos,P2
how-to-adapt-product-photos-for-etsy,tg,localization / international sellers,,,platform,,,0,needs_review,no,yes,yes,jewelry-product-photos,P2
how-to-adapt-product-photos-for-etsy,tr,localization / international sellers,,,platform,,,0,needs_review,no,yes,yes,jewelry-product-photos,P2
how-to-adapt-product-photos-for-etsy,az,localization / international sellers,,,platform,,,0,needs_review,no,yes,yes,jewelry-product-photos,P2
how-to-adapt-product-photos-for-etsy,ar,localization / international sellers,,,platform,,,0,needs_review,no,yes,yes,jewelry-product-photos,P2
how-to-adapt-product-photos-for-etsy,es,localization / international sellers,,,platform,,,0,needs_review,no,yes,yes,jewelry-product-photos,P2
how-to-adapt-product-photos-for-etsy,pt,localization / international sellers,,,platform,,,0,needs_review,no,yes,yes,jewelry-product-photos,P2
how-to-adapt-product-photos-for-etsy,fr,localization / international sellers,,,platform,,,0,needs_review,no,yes,yes,jewelry-product-photos,P2
how-to-adapt-product-photos-for-etsy,de,localization / international sellers,,,platform,,,0,needs_review,no,yes,yes,jewelry-product-photos,P2
how-to-adapt-product-photos-for-etsy,it,localization / international sellers,,,platform,,,0,needs_review,no,yes,yes,jewelry-product-photos,P2
how-to-adapt-product-photos-for-etsy,pl,localization / international sellers,,,platform,,,0,needs_review,no,yes,yes,jewelry-product-photos,P2
how-to-adapt-product-photos-for-etsy,uk,localization / international sellers,,,platform,,,0,needs_review,no,yes,yes,jewelry-product-photos,P2
how-to-adapt-product-photos-for-etsy,hi,localization / international sellers,,,platform,,,0,needs_review,no,yes,yes,jewelry-product-photos,P2
how-to-adapt-product-photos-for-etsy,id,localization / international sellers,,,platform,,,0,needs_review,no,yes,yes,jewelry-product-photos,P2
how-to-adapt-product-photos-for-etsy,vi,localization / international sellers,,,platform,,,0,needs_review,no,yes,yes,jewelry-product-photos,P2
how-to-adapt-product-photos-for-etsy,zh,localization / international sellers,,,platform,,,0,needs_review,no,yes,yes,jewelry-product-photos,P2
how-to-prepare-visuals-for-shopify,ru,localization / international sellers,как подготовить визуал для shopify,товарное фото; карточка товара; AI для маркетплейса,platform,Как подготовить визуал для Shopify,Как подготовить визуал для Shopify,0,draft,yes,no,yes,ecommerce-catalog-photos,P2
how-to-prepare-visuals-for-shopify,en,localization / international sellers,how to prepare visuals for shopify,product photography; marketplace listing image; AI ecommerce photo,platform,How to prepare visuals for Shopify,How to prepare visuals for Shopify,0,draft,yes,no,yes,ecommerce-catalog-photos,P2
how-to-prepare-visuals-for-shopify,kk,localization / international sellers,,,platform,,,0,needs_review,no,yes,yes,ecommerce-catalog-photos,P2
how-to-prepare-visuals-for-shopify,ky,localization / international sellers,,,platform,,,0,needs_review,no,yes,yes,ecommerce-catalog-photos,P2
how-to-prepare-visuals-for-shopify,uz,localization / international sellers,,,platform,,,0,needs_review,no,yes,yes,ecommerce-catalog-photos,P2
how-to-prepare-visuals-for-shopify,tg,localization / international sellers,,,platform,,,0,needs_review,no,yes,yes,ecommerce-catalog-photos,P2
how-to-prepare-visuals-for-shopify,tr,localization / international sellers,,,platform,,,0,needs_review,no,yes,yes,ecommerce-catalog-photos,P2
how-to-prepare-visuals-for-shopify,az,localization / international sellers,,,platform,,,0,needs_review,no,yes,yes,ecommerce-catalog-photos,P2
how-to-prepare-visuals-for-shopify,ar,localization / international sellers,,,platform,,,0,needs_review,no,yes,yes,ecommerce-catalog-photos,P2
how-to-prepare-visuals-for-shopify,es,localization / international sellers,,,platform,,,0,needs_review,no,yes,yes,ecommerce-catalog-photos,P2
how-to-prepare-visuals-for-shopify,pt,localization / international sellers,,,platform,,,0,needs_review,no,yes,yes,ecommerce-catalog-photos,P2
how-to-prepare-visuals-for-shopify,fr,localization / international sellers,,,platform,,,0,needs_review,no,yes,yes,ecommerce-catalog-photos,P2
how-to-prepare-visuals-for-shopify,de,localization / international sellers,,,platform,,,0,needs_review,no,yes,yes,ecommerce-catalog-photos,P2
how-to-prepare-visuals-for-shopify,it,localization / international sellers,,,platform,,,0,needs_review,no,yes,yes,ecommerce-catalog-photos,P2
how-to-prepare-visuals-for-shopify,pl,localization / international sellers,,,platform,,,0,needs_review,no,yes,yes,ecommerce-catalog-photos,P2
how-to-prepare-visuals-for-shopify,uk,localization / international sellers,,,platform,,,0,needs_review,no,yes,yes,ecommerce-catalog-photos,P2
how-to-prepare-visuals-for-shopify,hi,localization / international sellers,,,platform,,,0,needs_review,no,yes,yes,ecommerce-catalog-photos,P2
how-to-prepare-visuals-for-shopify,id,localization / international sellers,,,platform,,,0,needs_review,no,yes,yes,ecommerce-catalog-photos,P2
how-to-prepare-visuals-for-shopify,vi,localization / international sellers,,,platform,,,0,needs_review,no,yes,yes,ecommerce-catalog-photos,P2
how-to-prepare-visuals-for-shopify,zh,localization / international sellers,,,platform,,,0,needs_review,no,yes,yes,ecommerce-catalog-photos,P2
how-to-make-photos-for-a-local-marketplace,ru,localization / international sellers,как сделать фото для локального маркетплейса,товарное фото; карточка товара; AI для маркетплейса,how-to,Как сделать фото для локального маркетплейса,Как сделать фото для локального маркетплейса,0,draft,yes,no,yes,exact-product-card,P2
how-to-make-photos-for-a-local-marketplace,en,localization / international sellers,how to make photos for a local marketplace,product photography; marketplace listing image; AI ecommerce photo,how-to,How to make photos for a local marketplace,How to make photos for a local marketplace,0,draft,yes,no,yes,exact-product-card,P2
how-to-make-photos-for-a-local-marketplace,kk,localization / international sellers,,,how-to,,,0,needs_review,no,yes,yes,exact-product-card,P2
how-to-make-photos-for-a-local-marketplace,ky,localization / international sellers,,,how-to,,,0,needs_review,no,yes,yes,exact-product-card,P2
how-to-make-photos-for-a-local-marketplace,uz,localization / international sellers,,,how-to,,,0,needs_review,no,yes,yes,exact-product-card,P2
how-to-make-photos-for-a-local-marketplace,tg,localization / international sellers,,,how-to,,,0,needs_review,no,yes,yes,exact-product-card,P2
how-to-make-photos-for-a-local-marketplace,tr,localization / international sellers,,,how-to,,,0,needs_review,no,yes,yes,exact-product-card,P2
how-to-make-photos-for-a-local-marketplace,az,localization / international sellers,,,how-to,,,0,needs_review,no,yes,yes,exact-product-card,P2
how-to-make-photos-for-a-local-marketplace,ar,localization / international sellers,,,how-to,,,0,needs_review,no,yes,yes,exact-product-card,P2
how-to-make-photos-for-a-local-marketplace,es,localization / international sellers,,,how-to,,,0,needs_review,no,yes,yes,exact-product-card,P2
how-to-make-photos-for-a-local-marketplace,pt,localization / international sellers,,,how-to,,,0,needs_review,no,yes,yes,exact-product-card,P2
how-to-make-photos-for-a-local-marketplace,fr,localization / international sellers,,,how-to,,,0,needs_review,no,yes,yes,exact-product-card,P2
how-to-make-photos-for-a-local-marketplace,de,localization / international sellers,,,how-to,,,0,needs_review,no,yes,yes,exact-product-card,P2
how-to-make-photos-for-a-local-marketplace,it,localization / international sellers,,,how-to,,,0,needs_review,no,yes,yes,exact-product-card,P2
how-to-make-photos-for-a-local-marketplace,pl,localization / international sellers,,,how-to,,,0,needs_review,no,yes,yes,exact-product-card,P2
how-to-make-photos-for-a-local-marketplace,uk,localization / international sellers,,,how-to,,,0,needs_review,no,yes,yes,exact-product-card,P2
how-to-make-photos-for-a-local-marketplace,hi,localization / international sellers,,,how-to,,,0,needs_review,no,yes,yes,exact-product-card,P2
how-to-make-photos-for-a-local-marketplace,id,localization / international sellers,,,how-to,,,0,needs_review,no,yes,yes,exact-product-card,P2
how-to-make-photos-for-a-local-marketplace,vi,localization / international sellers,,,how-to,,,0,needs_review,no,yes,yes,exact-product-card,P2
how-to-make-photos-for-a-local-marketplace,zh,localization / international sellers,,,how-to,,,0,needs_review,no,yes,yes,exact-product-card,P2
how-ai-helps-suppliers-from-the-cis,ru,localization / international sellers,как ai помогает поставщикам из снг,товарное фото; карточка товара; AI для маркетплейса,informational,Как AI помогает поставщикам из СНГ,Как AI помогает поставщикам из СНГ,0,draft,yes,no,yes,supplier-catalog-photos,P2
how-ai-helps-suppliers-from-the-cis,en,localization / international sellers,how ai helps suppliers from the cis,product photography; marketplace listing image; AI ecommerce photo,informational,How AI helps suppliers from the CIS,How AI helps suppliers from the CIS,0,draft,yes,no,yes,supplier-catalog-photos,P2
how-ai-helps-suppliers-from-the-cis,kk,localization / international sellers,,,informational,,,0,needs_review,no,yes,yes,supplier-catalog-photos,P2
how-ai-helps-suppliers-from-the-cis,ky,localization / international sellers,,,informational,,,0,needs_review,no,yes,yes,supplier-catalog-photos,P2
how-ai-helps-suppliers-from-the-cis,uz,localization / international sellers,,,informational,,,0,needs_review,no,yes,yes,supplier-catalog-photos,P2
how-ai-helps-suppliers-from-the-cis,tg,localization / international sellers,,,informational,,,0,needs_review,no,yes,yes,supplier-catalog-photos,P2
how-ai-helps-suppliers-from-the-cis,tr,localization / international sellers,,,informational,,,0,needs_review,no,yes,yes,supplier-catalog-photos,P2
how-ai-helps-suppliers-from-the-cis,az,localization / international sellers,,,informational,,,0,needs_review,no,yes,yes,supplier-catalog-photos,P2
how-ai-helps-suppliers-from-the-cis,ar,localization / international sellers,,,informational,,,0,needs_review,no,yes,yes,supplier-catalog-photos,P2
how-ai-helps-suppliers-from-the-cis,es,localization / international sellers,,,informational,,,0,needs_review,no,yes,yes,supplier-catalog-photos,P2
how-ai-helps-suppliers-from-the-cis,pt,localization / international sellers,,,informational,,,0,needs_review,no,yes,yes,supplier-catalog-photos,P2
how-ai-helps-suppliers-from-the-cis,fr,localization / international sellers,,,informational,,,0,needs_review,no,yes,yes,supplier-catalog-photos,P2
how-ai-helps-suppliers-from-the-cis,de,localization / international sellers,,,informational,,,0,needs_review,no,yes,yes,supplier-catalog-photos,P2
how-ai-helps-suppliers-from-the-cis,it,localization / international sellers,,,informational,,,0,needs_review,no,yes,yes,supplier-catalog-photos,P2
how-ai-helps-suppliers-from-the-cis,pl,localization / international sellers,,,informational,,,0,needs_review,no,yes,yes,supplier-catalog-photos,P2
how-ai-helps-suppliers-from-the-cis,uk,localization / international sellers,,,informational,,,0,needs_review,no,yes,yes,supplier-catalog-photos,P2
how-ai-helps-suppliers-from-the-cis,hi,localization / international sellers,,,informational,,,0,needs_review,no,yes,yes,supplier-catalog-photos,P2
how-ai-helps-suppliers-from-the-cis,id,localization / international sellers,,,informational,,,0,needs_review,no,yes,yes,supplier-catalog-photos,P2
how-ai-helps-suppliers-from-the-cis,vi,localization / international sellers,,,informational,,,0,needs_review,no,yes,yes,supplier-catalog-photos,P2
how-ai-helps-suppliers-from-the-cis,zh,localization / international sellers,,,informational,,,0,needs_review,no,yes,yes,supplier-catalog-photos,P2
how-to-create-product-content-for-international-clients,ru,localization / international sellers,как сделать товарный контент для международных клиентов,товарное фото; карточка товара; AI для маркетплейса,how-to,Как сделать товарный контент для международных клиентов,Как сделать товарный контент для международных клиентов,0,draft,yes,no,yes,supplier-catalog-photos,P2
how-to-create-product-content-for-international-clients,en,localization / international sellers,how to create product content for international clients,product photography; marketplace listing image; AI ecommerce photo,how-to,How to create product content for international clients,How to create product content for international clients,0,draft,yes,no,yes,supplier-catalog-photos,P2
how-to-create-product-content-for-international-clients,kk,localization / international sellers,,,how-to,,,0,needs_review,no,yes,yes,supplier-catalog-photos,P2
how-to-create-product-content-for-international-clients,ky,localization / international sellers,,,how-to,,,0,needs_review,no,yes,yes,supplier-catalog-photos,P2
how-to-create-product-content-for-international-clients,uz,localization / international sellers,,,how-to,,,0,needs_review,no,yes,yes,supplier-catalog-photos,P2
how-to-create-product-content-for-international-clients,tg,localization / international sellers,,,how-to,,,0,needs_review,no,yes,yes,supplier-catalog-photos,P2
how-to-create-product-content-for-international-clients,tr,localization / international sellers,,,how-to,,,0,needs_review,no,yes,yes,supplier-catalog-photos,P2
how-to-create-product-content-for-international-clients,az,localization / international sellers,,,how-to,,,0,needs_review,no,yes,yes,supplier-catalog-photos,P2
how-to-create-product-content-for-international-clients,ar,localization / international sellers,,,how-to,,,0,needs_review,no,yes,yes,supplier-catalog-photos,P2
how-to-create-product-content-for-international-clients,es,localization / international sellers,,,how-to,,,0,needs_review,no,yes,yes,supplier-catalog-photos,P2
how-to-create-product-content-for-international-clients,pt,localization / international sellers,,,how-to,,,0,needs_review,no,yes,yes,supplier-catalog-photos,P2
how-to-create-product-content-for-international-clients,fr,localization / international sellers,,,how-to,,,0,needs_review,no,yes,yes,supplier-catalog-photos,P2
how-to-create-product-content-for-international-clients,de,localization / international sellers,,,how-to,,,0,needs_review,no,yes,yes,supplier-catalog-photos,P2
how-to-create-product-content-for-international-clients,it,localization / international sellers,,,how-to,,,0,needs_review,no,yes,yes,supplier-catalog-photos,P2
how-to-create-product-content-for-international-clients,pl,localization / international sellers,,,how-to,,,0,needs_review,no,yes,yes,supplier-catalog-photos,P2
how-to-create-product-content-for-international-clients,uk,localization / international sellers,,,how-to,,,0,needs_review,no,yes,yes,supplier-catalog-photos,P2
how-to-create-product-content-for-international-clients,hi,localization / international sellers,,,how-to,,,0,needs_review,no,yes,yes,supplier-catalog-photos,P2
how-to-create-product-content-for-international-clients,id,localization / international sellers,,,how-to,,,0,needs_review,no,yes,yes,supplier-catalog-photos,P2
how-to-create-product-content-for-international-clients,vi,localization / international sellers,,,how-to,,,0,needs_review,no,yes,yes,supplier-catalog-photos,P2
how-to-create-product-content-for-international-clients,zh,localization / international sellers,,,how-to,,,0,needs_review,no,yes,yes,supplier-catalog-photos,P2
how-to-write-a-prompt-for-product-photography,ru,AI prompt / advanced,как написать prompt для товарного фото,товарное фото; карточка товара; AI для маркетплейса,how-to,Как написать prompt для товарного фото,Как написать prompt для товарного фото,0,draft,yes,no,yes,creative-product-scene,P0
how-to-write-a-prompt-for-product-photography,en,AI prompt / advanced,how to write a prompt for product photography,product photography; marketplace listing image; AI ecommerce photo,how-to,How to write a prompt for product photography,How to write a prompt for product photography,0,draft,yes,no,yes,creative-product-scene,P0
how-to-write-a-prompt-for-product-photography,kk,AI prompt / advanced,,,how-to,,,0,needs_review,no,yes,yes,creative-product-scene,P0
how-to-write-a-prompt-for-product-photography,ky,AI prompt / advanced,,,how-to,,,0,needs_review,no,yes,yes,creative-product-scene,P0
how-to-write-a-prompt-for-product-photography,uz,AI prompt / advanced,,,how-to,,,0,needs_review,no,yes,yes,creative-product-scene,P0
how-to-write-a-prompt-for-product-photography,tg,AI prompt / advanced,,,how-to,,,0,needs_review,no,yes,yes,creative-product-scene,P0
how-to-write-a-prompt-for-product-photography,tr,AI prompt / advanced,,,how-to,,,0,needs_review,no,yes,yes,creative-product-scene,P0
how-to-write-a-prompt-for-product-photography,az,AI prompt / advanced,,,how-to,,,0,needs_review,no,yes,yes,creative-product-scene,P0
how-to-write-a-prompt-for-product-photography,ar,AI prompt / advanced,,,how-to,,,0,needs_review,no,yes,yes,creative-product-scene,P0
how-to-write-a-prompt-for-product-photography,es,AI prompt / advanced,,,how-to,,,0,needs_review,no,yes,yes,creative-product-scene,P0
how-to-write-a-prompt-for-product-photography,pt,AI prompt / advanced,,,how-to,,,0,needs_review,no,yes,yes,creative-product-scene,P0
how-to-write-a-prompt-for-product-photography,fr,AI prompt / advanced,,,how-to,,,0,needs_review,no,yes,yes,creative-product-scene,P0
how-to-write-a-prompt-for-product-photography,de,AI prompt / advanced,,,how-to,,,0,needs_review,no,yes,yes,creative-product-scene,P0
how-to-write-a-prompt-for-product-photography,it,AI prompt / advanced,,,how-to,,,0,needs_review,no,yes,yes,creative-product-scene,P0
how-to-write-a-prompt-for-product-photography,pl,AI prompt / advanced,,,how-to,,,0,needs_review,no,yes,yes,creative-product-scene,P0
how-to-write-a-prompt-for-product-photography,uk,AI prompt / advanced,,,how-to,,,0,needs_review,no,yes,yes,creative-product-scene,P0
how-to-write-a-prompt-for-product-photography,hi,AI prompt / advanced,,,how-to,,,0,needs_review,no,yes,yes,creative-product-scene,P0
how-to-write-a-prompt-for-product-photography,id,AI prompt / advanced,,,how-to,,,0,needs_review,no,yes,yes,creative-product-scene,P0
how-to-write-a-prompt-for-product-photography,vi,AI prompt / advanced,,,how-to,,,0,needs_review,no,yes,yes,creative-product-scene,P0
how-to-write-a-prompt-for-product-photography,zh,AI prompt / advanced,,,how-to,,,0,needs_review,no,yes,yes,creative-product-scene,P0
how-to-improve-a-prompt-for-ai-video,ru,AI prompt / advanced,как улучшить prompt для ai-видео,товарное фото; карточка товара; AI для маркетплейса,how-to,Как улучшить prompt для AI-видео,Как улучшить prompt для AI-видео,0,draft,yes,no,yes,product-video-from-photo,P2
how-to-improve-a-prompt-for-ai-video,en,AI prompt / advanced,how to improve a prompt for ai video,product photography; marketplace listing image; AI ecommerce photo,how-to,How to improve a prompt for AI video,How to improve a prompt for AI video,0,draft,yes,no,yes,product-video-from-photo,P2
how-to-improve-a-prompt-for-ai-video,kk,AI prompt / advanced,,,how-to,,,0,needs_review,no,yes,yes,product-video-from-photo,P2
how-to-improve-a-prompt-for-ai-video,ky,AI prompt / advanced,,,how-to,,,0,needs_review,no,yes,yes,product-video-from-photo,P2
how-to-improve-a-prompt-for-ai-video,uz,AI prompt / advanced,,,how-to,,,0,needs_review,no,yes,yes,product-video-from-photo,P2
how-to-improve-a-prompt-for-ai-video,tg,AI prompt / advanced,,,how-to,,,0,needs_review,no,yes,yes,product-video-from-photo,P2
how-to-improve-a-prompt-for-ai-video,tr,AI prompt / advanced,,,how-to,,,0,needs_review,no,yes,yes,product-video-from-photo,P2
how-to-improve-a-prompt-for-ai-video,az,AI prompt / advanced,,,how-to,,,0,needs_review,no,yes,yes,product-video-from-photo,P2
how-to-improve-a-prompt-for-ai-video,ar,AI prompt / advanced,,,how-to,,,0,needs_review,no,yes,yes,product-video-from-photo,P2
how-to-improve-a-prompt-for-ai-video,es,AI prompt / advanced,,,how-to,,,0,needs_review,no,yes,yes,product-video-from-photo,P2
how-to-improve-a-prompt-for-ai-video,pt,AI prompt / advanced,,,how-to,,,0,needs_review,no,yes,yes,product-video-from-photo,P2
how-to-improve-a-prompt-for-ai-video,fr,AI prompt / advanced,,,how-to,,,0,needs_review,no,yes,yes,product-video-from-photo,P2
how-to-improve-a-prompt-for-ai-video,de,AI prompt / advanced,,,how-to,,,0,needs_review,no,yes,yes,product-video-from-photo,P2
how-to-improve-a-prompt-for-ai-video,it,AI prompt / advanced,,,how-to,,,0,needs_review,no,yes,yes,product-video-from-photo,P2
how-to-improve-a-prompt-for-ai-video,pl,AI prompt / advanced,,,how-to,,,0,needs_review,no,yes,yes,product-video-from-photo,P2
how-to-improve-a-prompt-for-ai-video,uk,AI prompt / advanced,,,how-to,,,0,needs_review,no,yes,yes,product-video-from-photo,P2
how-to-improve-a-prompt-for-ai-video,hi,AI prompt / advanced,,,how-to,,,0,needs_review,no,yes,yes,product-video-from-photo,P2
how-to-improve-a-prompt-for-ai-video,id,AI prompt / advanced,,,how-to,,,0,needs_review,no,yes,yes,product-video-from-photo,P2
how-to-improve-a-prompt-for-ai-video,vi,AI prompt / advanced,,,how-to,,,0,needs_review,no,yes,yes,product-video-from-photo,P2
how-to-improve-a-prompt-for-ai-video,zh,AI prompt / advanced,,,how-to,,,0,needs_review,no,yes,yes,product-video-from-photo,P2
how-to-describe-a-model-for-clothing-photos,ru,AI prompt / advanced,как описать модель для одежды,товарное фото; карточка товара; AI для маркетплейса,how-to,Как описать модель для одежды,Как описать модель для одежды,0,draft,yes,no,yes,clothing-on-model,P2
how-to-describe-a-model-for-clothing-photos,en,AI prompt / advanced,how to describe a model for clothing photos,product photography; marketplace listing image; AI ecommerce photo,how-to,How to describe a model for clothing photos,How to describe a model for clothing photos,0,draft,yes,no,yes,clothing-on-model,P2
how-to-describe-a-model-for-clothing-photos,kk,AI prompt / advanced,,,how-to,,,0,needs_review,no,yes,yes,clothing-on-model,P2
how-to-describe-a-model-for-clothing-photos,ky,AI prompt / advanced,,,how-to,,,0,needs_review,no,yes,yes,clothing-on-model,P2
how-to-describe-a-model-for-clothing-photos,uz,AI prompt / advanced,,,how-to,,,0,needs_review,no,yes,yes,clothing-on-model,P2
how-to-describe-a-model-for-clothing-photos,tg,AI prompt / advanced,,,how-to,,,0,needs_review,no,yes,yes,clothing-on-model,P2
how-to-describe-a-model-for-clothing-photos,tr,AI prompt / advanced,,,how-to,,,0,needs_review,no,yes,yes,clothing-on-model,P2
how-to-describe-a-model-for-clothing-photos,az,AI prompt / advanced,,,how-to,,,0,needs_review,no,yes,yes,clothing-on-model,P2
how-to-describe-a-model-for-clothing-photos,ar,AI prompt / advanced,,,how-to,,,0,needs_review,no,yes,yes,clothing-on-model,P2
how-to-describe-a-model-for-clothing-photos,es,AI prompt / advanced,,,how-to,,,0,needs_review,no,yes,yes,clothing-on-model,P2
how-to-describe-a-model-for-clothing-photos,pt,AI prompt / advanced,,,how-to,,,0,needs_review,no,yes,yes,clothing-on-model,P2
how-to-describe-a-model-for-clothing-photos,fr,AI prompt / advanced,,,how-to,,,0,needs_review,no,yes,yes,clothing-on-model,P2
how-to-describe-a-model-for-clothing-photos,de,AI prompt / advanced,,,how-to,,,0,needs_review,no,yes,yes,clothing-on-model,P2
how-to-describe-a-model-for-clothing-photos,it,AI prompt / advanced,,,how-to,,,0,needs_review,no,yes,yes,clothing-on-model,P2
how-to-describe-a-model-for-clothing-photos,pl,AI prompt / advanced,,,how-to,,,0,needs_review,no,yes,yes,clothing-on-model,P2
how-to-describe-a-model-for-clothing-photos,uk,AI prompt / advanced,,,how-to,,,0,needs_review,no,yes,yes,clothing-on-model,P2
how-to-describe-a-model-for-clothing-photos,hi,AI prompt / advanced,,,how-to,,,0,needs_review,no,yes,yes,clothing-on-model,P2
how-to-describe-a-model-for-clothing-photos,id,AI prompt / advanced,,,how-to,,,0,needs_review,no,yes,yes,clothing-on-model,P2
how-to-describe-a-model-for-clothing-photos,vi,AI prompt / advanced,,,how-to,,,0,needs_review,no,yes,yes,clothing-on-model,P2
how-to-describe-a-model-for-clothing-photos,zh,AI prompt / advanced,,,how-to,,,0,needs_review,no,yes,yes,clothing-on-model,P2
how-to-create-an-ai-background-without-changing-the-product,ru,AI prompt / advanced,как сделать ai-фон без изменения товара,товарное фото; карточка товара; AI для маркетплейса,how-to,Как сделать AI-фон без изменения товара,Как сделать AI-фон без изменения товара,0,draft,yes,no,yes,ai-background-replacement,P2
how-to-create-an-ai-background-without-changing-the-product,en,AI prompt / advanced,how to create an ai background without changing the product,product photography; marketplace listing image; AI ecommerce photo,how-to,How to create an AI background without changing the product,How to create an AI background without changing the product,0,draft,yes,no,yes,ai-background-replacement,P2
how-to-create-an-ai-background-without-changing-the-product,kk,AI prompt / advanced,,,how-to,,,0,needs_review,no,yes,yes,ai-background-replacement,P2
how-to-create-an-ai-background-without-changing-the-product,ky,AI prompt / advanced,,,how-to,,,0,needs_review,no,yes,yes,ai-background-replacement,P2
how-to-create-an-ai-background-without-changing-the-product,uz,AI prompt / advanced,,,how-to,,,0,needs_review,no,yes,yes,ai-background-replacement,P2
how-to-create-an-ai-background-without-changing-the-product,tg,AI prompt / advanced,,,how-to,,,0,needs_review,no,yes,yes,ai-background-replacement,P2
how-to-create-an-ai-background-without-changing-the-product,tr,AI prompt / advanced,,,how-to,,,0,needs_review,no,yes,yes,ai-background-replacement,P2
how-to-create-an-ai-background-without-changing-the-product,az,AI prompt / advanced,,,how-to,,,0,needs_review,no,yes,yes,ai-background-replacement,P2
how-to-create-an-ai-background-without-changing-the-product,ar,AI prompt / advanced,,,how-to,,,0,needs_review,no,yes,yes,ai-background-replacement,P2
how-to-create-an-ai-background-without-changing-the-product,es,AI prompt / advanced,,,how-to,,,0,needs_review,no,yes,yes,ai-background-replacement,P2
how-to-create-an-ai-background-without-changing-the-product,pt,AI prompt / advanced,,,how-to,,,0,needs_review,no,yes,yes,ai-background-replacement,P2
how-to-create-an-ai-background-without-changing-the-product,fr,AI prompt / advanced,,,how-to,,,0,needs_review,no,yes,yes,ai-background-replacement,P2
how-to-create-an-ai-background-without-changing-the-product,de,AI prompt / advanced,,,how-to,,,0,needs_review,no,yes,yes,ai-background-replacement,P2
how-to-create-an-ai-background-without-changing-the-product,it,AI prompt / advanced,,,how-to,,,0,needs_review,no,yes,yes,ai-background-replacement,P2
how-to-create-an-ai-background-without-changing-the-product,pl,AI prompt / advanced,,,how-to,,,0,needs_review,no,yes,yes,ai-background-replacement,P2
how-to-create-an-ai-background-without-changing-the-product,uk,AI prompt / advanced,,,how-to,,,0,needs_review,no,yes,yes,ai-background-replacement,P2
how-to-create-an-ai-background-without-changing-the-product,hi,AI prompt / advanced,,,how-to,,,0,needs_review,no,yes,yes,ai-background-replacement,P2
how-to-create-an-ai-background-without-changing-the-product,id,AI prompt / advanced,,,how-to,,,0,needs_review,no,yes,yes,ai-background-replacement,P2
how-to-create-an-ai-background-without-changing-the-product,vi,AI prompt / advanced,,,how-to,,,0,needs_review,no,yes,yes,ai-background-replacement,P2
how-to-create-an-ai-background-without-changing-the-product,zh,AI prompt / advanced,,,how-to,,,0,needs_review,no,yes,yes,ai-background-replacement,P2
how-to-make-ai-preserve-the-product,ru,AI prompt / advanced,как заставить ai сохранить товар,товарное фото; карточка товара; AI для маркетплейса,how-to,Как заставить AI сохранить товар,Как заставить AI сохранить товар,0,draft,yes,no,yes,exact-product-card,P0
how-to-make-ai-preserve-the-product,en,AI prompt / advanced,how to make ai preserve the product,product photography; marketplace listing image; AI ecommerce photo,how-to,How to make AI preserve the product,How to make AI preserve the product,0,draft,yes,no,yes,exact-product-card,P0
how-to-make-ai-preserve-the-product,kk,AI prompt / advanced,,,how-to,,,0,needs_review,no,yes,yes,exact-product-card,P0
how-to-make-ai-preserve-the-product,ky,AI prompt / advanced,,,how-to,,,0,needs_review,no,yes,yes,exact-product-card,P0
how-to-make-ai-preserve-the-product,uz,AI prompt / advanced,,,how-to,,,0,needs_review,no,yes,yes,exact-product-card,P0
how-to-make-ai-preserve-the-product,tg,AI prompt / advanced,,,how-to,,,0,needs_review,no,yes,yes,exact-product-card,P0
how-to-make-ai-preserve-the-product,tr,AI prompt / advanced,,,how-to,,,0,needs_review,no,yes,yes,exact-product-card,P0
how-to-make-ai-preserve-the-product,az,AI prompt / advanced,,,how-to,,,0,needs_review,no,yes,yes,exact-product-card,P0
how-to-make-ai-preserve-the-product,ar,AI prompt / advanced,,,how-to,,,0,needs_review,no,yes,yes,exact-product-card,P0
how-to-make-ai-preserve-the-product,es,AI prompt / advanced,,,how-to,,,0,needs_review,no,yes,yes,exact-product-card,P0
how-to-make-ai-preserve-the-product,pt,AI prompt / advanced,,,how-to,,,0,needs_review,no,yes,yes,exact-product-card,P0
how-to-make-ai-preserve-the-product,fr,AI prompt / advanced,,,how-to,,,0,needs_review,no,yes,yes,exact-product-card,P0
how-to-make-ai-preserve-the-product,de,AI prompt / advanced,,,how-to,,,0,needs_review,no,yes,yes,exact-product-card,P0
how-to-make-ai-preserve-the-product,it,AI prompt / advanced,,,how-to,,,0,needs_review,no,yes,yes,exact-product-card,P0
how-to-make-ai-preserve-the-product,pl,AI prompt / advanced,,,how-to,,,0,needs_review,no,yes,yes,exact-product-card,P0
how-to-make-ai-preserve-the-product,uk,AI prompt / advanced,,,how-to,,,0,needs_review,no,yes,yes,exact-product-card,P0
how-to-make-ai-preserve-the-product,hi,AI prompt / advanced,,,how-to,,,0,needs_review,no,yes,yes,exact-product-card,P0
how-to-make-ai-preserve-the-product,id,AI prompt / advanced,,,how-to,,,0,needs_review,no,yes,yes,exact-product-card,P0
how-to-make-ai-preserve-the-product,vi,AI prompt / advanced,,,how-to,,,0,needs_review,no,yes,yes,exact-product-card,P0
how-to-make-ai-preserve-the-product,zh,AI prompt / advanced,,,how-to,,,0,needs_review,no,yes,yes,exact-product-card,P0
how-to-check-that-ai-did-not-change-the-product,ru,AI prompt / advanced,"как проверить, что ai не изменил товар",товарное фото; карточка товара; AI для маркетплейса,how-to,"Как проверить, что AI не изменил товар","Как проверить, что AI не изменил товар",0,draft,yes,no,yes,exact-product-card,P2
how-to-check-that-ai-did-not-change-the-product,en,AI prompt / advanced,how to check that ai did not change the product,product photography; marketplace listing image; AI ecommerce photo,how-to,How to check that AI did not change the product,How to check that AI did not change the product,0,draft,yes,no,yes,exact-product-card,P2
how-to-check-that-ai-did-not-change-the-product,kk,AI prompt / advanced,,,how-to,,,0,needs_review,no,yes,yes,exact-product-card,P2
how-to-check-that-ai-did-not-change-the-product,ky,AI prompt / advanced,,,how-to,,,0,needs_review,no,yes,yes,exact-product-card,P2
how-to-check-that-ai-did-not-change-the-product,uz,AI prompt / advanced,,,how-to,,,0,needs_review,no,yes,yes,exact-product-card,P2
how-to-check-that-ai-did-not-change-the-product,tg,AI prompt / advanced,,,how-to,,,0,needs_review,no,yes,yes,exact-product-card,P2
how-to-check-that-ai-did-not-change-the-product,tr,AI prompt / advanced,,,how-to,,,0,needs_review,no,yes,yes,exact-product-card,P2
how-to-check-that-ai-did-not-change-the-product,az,AI prompt / advanced,,,how-to,,,0,needs_review,no,yes,yes,exact-product-card,P2
how-to-check-that-ai-did-not-change-the-product,ar,AI prompt / advanced,,,how-to,,,0,needs_review,no,yes,yes,exact-product-card,P2
how-to-check-that-ai-did-not-change-the-product,es,AI prompt / advanced,,,how-to,,,0,needs_review,no,yes,yes,exact-product-card,P2
how-to-check-that-ai-did-not-change-the-product,pt,AI prompt / advanced,,,how-to,,,0,needs_review,no,yes,yes,exact-product-card,P2
how-to-check-that-ai-did-not-change-the-product,fr,AI prompt / advanced,,,how-to,,,0,needs_review,no,yes,yes,exact-product-card,P2
how-to-check-that-ai-did-not-change-the-product,de,AI prompt / advanced,,,how-to,,,0,needs_review,no,yes,yes,exact-product-card,P2
how-to-check-that-ai-did-not-change-the-product,it,AI prompt / advanced,,,how-to,,,0,needs_review,no,yes,yes,exact-product-card,P2
how-to-check-that-ai-did-not-change-the-product,pl,AI prompt / advanced,,,how-to,,,0,needs_review,no,yes,yes,exact-product-card,P2
how-to-check-that-ai-did-not-change-the-product,uk,AI prompt / advanced,,,how-to,,,0,needs_review,no,yes,yes,exact-product-card,P2
how-to-check-that-ai-did-not-change-the-product,hi,AI prompt / advanced,,,how-to,,,0,needs_review,no,yes,yes,exact-product-card,P2
how-to-check-that-ai-did-not-change-the-product,id,AI prompt / advanced,,,how-to,,,0,needs_review,no,yes,yes,exact-product-card,P2
how-to-check-that-ai-did-not-change-the-product,vi,AI prompt / advanced,,,how-to,,,0,needs_review,no,yes,yes,exact-product-card,P2
how-to-check-that-ai-did-not-change-the-product,zh,AI prompt / advanced,,,how-to,,,0,needs_review,no,yes,yes,exact-product-card,P2
how-to-use-vitrina-ai-studio-for-a-store-content-plan,ru,AI prompt / advanced,как использовать vitrina ai studio для контент-плана магазина,товарное фото; карточка товара; AI для маркетплейса,how-to,Как использовать Vitrina AI Studio для контент-плана магазина,Как использовать Vitrina AI Studio для контент-плана магазина,0,draft,yes,no,yes,marketplace-content-manager-workflow,P2
how-to-use-vitrina-ai-studio-for-a-store-content-plan,en,AI prompt / advanced,how to use vitrina ai studio for a store content plan,product photography; marketplace listing image; AI ecommerce photo,how-to,How to use Vitrina AI Studio for a store content plan,How to use Vitrina AI Studio for a store content plan,0,draft,yes,no,yes,marketplace-content-manager-workflow,P2
how-to-use-vitrina-ai-studio-for-a-store-content-plan,kk,AI prompt / advanced,,,how-to,,,0,needs_review,no,yes,yes,marketplace-content-manager-workflow,P2
how-to-use-vitrina-ai-studio-for-a-store-content-plan,ky,AI prompt / advanced,,,how-to,,,0,needs_review,no,yes,yes,marketplace-content-manager-workflow,P2
how-to-use-vitrina-ai-studio-for-a-store-content-plan,uz,AI prompt / advanced,,,how-to,,,0,needs_review,no,yes,yes,marketplace-content-manager-workflow,P2
how-to-use-vitrina-ai-studio-for-a-store-content-plan,tg,AI prompt / advanced,,,how-to,,,0,needs_review,no,yes,yes,marketplace-content-manager-workflow,P2
how-to-use-vitrina-ai-studio-for-a-store-content-plan,tr,AI prompt / advanced,,,how-to,,,0,needs_review,no,yes,yes,marketplace-content-manager-workflow,P2
how-to-use-vitrina-ai-studio-for-a-store-content-plan,az,AI prompt / advanced,,,how-to,,,0,needs_review,no,yes,yes,marketplace-content-manager-workflow,P2
how-to-use-vitrina-ai-studio-for-a-store-content-plan,ar,AI prompt / advanced,,,how-to,,,0,needs_review,no,yes,yes,marketplace-content-manager-workflow,P2
how-to-use-vitrina-ai-studio-for-a-store-content-plan,es,AI prompt / advanced,,,how-to,,,0,needs_review,no,yes,yes,marketplace-content-manager-workflow,P2
how-to-use-vitrina-ai-studio-for-a-store-content-plan,pt,AI prompt / advanced,,,how-to,,,0,needs_review,no,yes,yes,marketplace-content-manager-workflow,P2
how-to-use-vitrina-ai-studio-for-a-store-content-plan,fr,AI prompt / advanced,,,how-to,,,0,needs_review,no,yes,yes,marketplace-content-manager-workflow,P2
how-to-use-vitrina-ai-studio-for-a-store-content-plan,de,AI prompt / advanced,,,how-to,,,0,needs_review,no,yes,yes,marketplace-content-manager-workflow,P2
how-to-use-vitrina-ai-studio-for-a-store-content-plan,it,AI prompt / advanced,,,how-to,,,0,needs_review,no,yes,yes,marketplace-content-manager-workflow,P2
how-to-use-vitrina-ai-studio-for-a-store-content-plan,pl,AI prompt / advanced,,,how-to,,,0,needs_review,no,yes,yes,marketplace-content-manager-workflow,P2
how-to-use-vitrina-ai-studio-for-a-store-content-plan,uk,AI prompt / advanced,,,how-to,,,0,needs_review,no,yes,yes,marketplace-content-manager-workflow,P2
how-to-use-vitrina-ai-studio-for-a-store-content-plan,hi,AI prompt / advanced,,,how-to,,,0,needs_review,no,yes,yes,marketplace-content-manager-workflow,P2
how-to-use-vitrina-ai-studio-for-a-store-content-plan,id,AI prompt / advanced,,,how-to,,,0,needs_review,no,yes,yes,marketplace-content-manager-workflow,P2
how-to-use-vitrina-ai-studio-for-a-store-content-plan,vi,AI prompt / advanced,,,how-to,,,0,needs_review,no,yes,yes,marketplace-content-manager-workflow,P2
how-to-use-vitrina-ai-studio-for-a-store-content-plan,zh,AI prompt / advanced,,,how-to,,,0,needs_review,no,yes,yes,marketplace-content-manager-workflow,P2