route,locale,status,title,meta_description,h1,canonical,hreflang,robots,sitemap_included,indexable,word_count,language_quality,content_status,internal_links,cta_studio,schema_org,notes
/ru,ru,exists,AI-студия товарных фото и видео для маркетплейсов,"Создавайте фото одежды на модели, точные карточки товара, фоны, Reels и короткие видео из одного изображения. Для продавцов маркетплейсов, интернет-магазинов, Instagram-витрин и каталогов.",AI-студия товарных фото и видео для маркетплейсов,/ru,20-locale hreflang,noindex site-wide layout,yes,yes,276,good,complete,features;platforms;blog;use-cases;studio,yes,Organization;WebSite;SoftwareApplication;WebPage;FAQPage,
/en,en,exists,AI product photo and video studio for marketplaces,"Create on-model clothing photos, precise product cards, backgrounds, Reels, and short videos from one image. Built for marketplace sellers, online stores, Instagram shops, and catalogs.",AI product photo and video studio for marketplaces,/en,20-locale hreflang,noindex site-wide layout,yes,yes,295,good,complete,features;platforms;blog;use-cases;studio,yes,Organization;WebSite;SoftwareApplication;WebPage;FAQPage,
/kk,kk,exists,Маркетплейстерге арналған AI тауар фото және видео студиясы,"Create on-model clothing photos, precise product cards, backgrounds, Reels, and short videos from one image. Built for marketplace sellers, online stores, Instagram shops, and catalogs.",Маркетплейстерге арналған AI тауар фото және видео студиясы,/kk,20-locale hreflang,noindex site-wide layout,no,no,295,EN fallback/partial,machine draft,features;platforms;blog;use-cases;studio,yes,Organization;WebSite;SoftwareApplication;WebPage;FAQPage,EN fallback landing copy
/ky,ky,exists,AI product photo and video studio for marketplaces,"Create on-model clothing photos, precise product cards, backgrounds, Reels, and short videos from one image. Built for marketplace sellers, online stores, Instagram shops, and catalogs.",AI product photo and video studio for marketplaces,/ky,20-locale hreflang,noindex site-wide layout,no,no,295,EN fallback/partial,machine draft,features;platforms;blog;use-cases;studio,yes,Organization;WebSite;SoftwareApplication;WebPage;FAQPage,EN fallback landing copy
/uz,uz,exists,AI product photo and video studio for marketplaces,"Create on-model clothing photos, precise product cards, backgrounds, Reels, and short videos from one image. Built for marketplace sellers, online stores, Instagram shops, and catalogs.",AI product photo and video studio for marketplaces,/uz,20-locale hreflang,noindex site-wide layout,no,no,295,EN fallback/partial,machine draft,features;platforms;blog;use-cases;studio,yes,Organization;WebSite;SoftwareApplication;WebPage;FAQPage,EN fallback landing copy
/tg,tg,exists,AI product photo and video studio for marketplaces,"Create on-model clothing photos, precise product cards, backgrounds, Reels, and short videos from one image. Built for marketplace sellers, online stores, Instagram shops, and catalogs.",AI product photo and video studio for marketplaces,/tg,20-locale hreflang,noindex site-wide layout,no,no,295,EN fallback/partial,machine draft,features;platforms;blog;use-cases;studio,yes,Organization;WebSite;SoftwareApplication;WebPage;FAQPage,EN fallback landing copy
/tr,tr,exists,AI product photo and video studio for marketplaces,"Create on-model clothing photos, precise product cards, backgrounds, Reels, and short videos from one image. Built for marketplace sellers, online stores, Instagram shops, and catalogs.",AI product photo and video studio for marketplaces,/tr,20-locale hreflang,noindex site-wide layout,no,no,295,EN fallback/partial,machine draft,features;platforms;blog;use-cases;studio,yes,Organization;WebSite;SoftwareApplication;WebPage;FAQPage,EN fallback landing copy
/az,az,exists,AI product photo and video studio for marketplaces,"Create on-model clothing photos, precise product cards, backgrounds, Reels, and short videos from one image. Built for marketplace sellers, online stores, Instagram shops, and catalogs.",AI product photo and video studio for marketplaces,/az,20-locale hreflang,noindex site-wide layout,no,no,295,EN fallback/partial,machine draft,features;platforms;blog;use-cases;studio,yes,Organization;WebSite;SoftwareApplication;WebPage;FAQPage,EN fallback landing copy
/ar,ar,exists,استوديو AI لصور وفيديوهات المنتجات للمتاجر,"Create on-model clothing photos, precise product cards, backgrounds, Reels, and short videos from one image. Built for marketplace sellers, online stores, Instagram shops, and catalogs.",استوديو AI لصور وفيديوهات المنتجات للمتاجر,/ar,20-locale hreflang,noindex site-wide layout,no,no,293,EN fallback/partial,machine draft,features;platforms;blog;use-cases;studio,yes,Organization;WebSite;SoftwareApplication;WebPage;FAQPage,EN fallback landing copy
/es,es,exists,AI product photo and video studio for marketplaces,"Create on-model clothing photos, precise product cards, backgrounds, Reels, and short videos from one image. Built for marketplace sellers, online stores, Instagram shops, and catalogs.",AI product photo and video studio for marketplaces,/es,20-locale hreflang,noindex site-wide layout,no,no,295,EN fallback/partial,machine draft,features;platforms;blog;use-cases;studio,yes,Organization;WebSite;SoftwareApplication;WebPage;FAQPage,EN fallback landing copy
/pt,pt,exists,AI product photo and video studio for marketplaces,"Create on-model clothing photos, precise product cards, backgrounds, Reels, and short videos from one image. Built for marketplace sellers, online stores, Instagram shops, and catalogs.",AI product photo and video studio for marketplaces,/pt,20-locale hreflang,noindex site-wide layout,no,no,295,EN fallback/partial,machine draft,features;platforms;blog;use-cases;studio,yes,Organization;WebSite;SoftwareApplication;WebPage;FAQPage,EN fallback landing copy
/fr,fr,exists,AI product photo and video studio for marketplaces,"Create on-model clothing photos, precise product cards, backgrounds, Reels, and short videos from one image. Built for marketplace sellers, online stores, Instagram shops, and catalogs.",AI product photo and video studio for marketplaces,/fr,20-locale hreflang,noindex site-wide layout,no,no,295,EN fallback/partial,machine draft,features;platforms;blog;use-cases;studio,yes,Organization;WebSite;SoftwareApplication;WebPage;FAQPage,EN fallback landing copy
/de,de,exists,AI product photo and video studio for marketplaces,"Create on-model clothing photos, precise product cards, backgrounds, Reels, and short videos from one image. Built for marketplace sellers, online stores, Instagram shops, and catalogs.",AI product photo and video studio for marketplaces,/de,20-locale hreflang,noindex site-wide layout,no,no,295,EN fallback/partial,machine draft,features;platforms;blog;use-cases;studio,yes,Organization;WebSite;SoftwareApplication;WebPage;FAQPage,EN fallback landing copy
/it,it,exists,AI product photo and video studio for marketplaces,"Create on-model clothing photos, precise product cards, backgrounds, Reels, and short videos from one image. Built for marketplace sellers, online stores, Instagram shops, and catalogs.",AI product photo and video studio for marketplaces,/it,20-locale hreflang,noindex site-wide layout,no,no,295,EN fallback/partial,machine draft,features;platforms;blog;use-cases;studio,yes,Organization;WebSite;SoftwareApplication;WebPage;FAQPage,EN fallback landing copy
/pl,pl,exists,AI product photo and video studio for marketplaces,"Create on-model clothing photos, precise product cards, backgrounds, Reels, and short videos from one image. Built for marketplace sellers, online stores, Instagram shops, and catalogs.",AI product photo and video studio for marketplaces,/pl,20-locale hreflang,noindex site-wide layout,no,no,295,EN fallback/partial,machine draft,features;platforms;blog;use-cases;studio,yes,Organization;WebSite;SoftwareApplication;WebPage;FAQPage,EN fallback landing copy
/uk,uk,exists,AI product photo and video studio for marketplaces,"Create on-model clothing photos, precise product cards, backgrounds, Reels, and short videos from one image. Built for marketplace sellers, online stores, Instagram shops, and catalogs.",AI product photo and video studio for marketplaces,/uk,20-locale hreflang,noindex site-wide layout,no,no,295,EN fallback/partial,machine draft,features;platforms;blog;use-cases;studio,yes,Organization;WebSite;SoftwareApplication;WebPage;FAQPage,EN fallback landing copy
/hi,hi,exists,AI product photo and video studio for marketplaces,"Create on-model clothing photos, precise product cards, backgrounds, Reels, and short videos from one image. Built for marketplace sellers, online stores, Instagram shops, and catalogs.",AI product photo and video studio for marketplaces,/hi,20-locale hreflang,noindex site-wide layout,no,no,295,EN fallback/partial,machine draft,features;platforms;blog;use-cases;studio,yes,Organization;WebSite;SoftwareApplication;WebPage;FAQPage,EN fallback landing copy
/id,id,exists,AI product photo and video studio for marketplaces,"Create on-model clothing photos, precise product cards, backgrounds, Reels, and short videos from one image. Built for marketplace sellers, online stores, Instagram shops, and catalogs.",AI product photo and video studio for marketplaces,/id,20-locale hreflang,noindex site-wide layout,no,no,295,EN fallback/partial,machine draft,features;platforms;blog;use-cases;studio,yes,Organization;WebSite;SoftwareApplication;WebPage;FAQPage,EN fallback landing copy
/vi,vi,exists,AI product photo and video studio for marketplaces,"Create on-model clothing photos, precise product cards, backgrounds, Reels, and short videos from one image. Built for marketplace sellers, online stores, Instagram shops, and catalogs.",AI product photo and video studio for marketplaces,/vi,20-locale hreflang,noindex site-wide layout,no,no,295,EN fallback/partial,machine draft,features;platforms;blog;use-cases;studio,yes,Organization;WebSite;SoftwareApplication;WebPage;FAQPage,EN fallback landing copy
/zh,zh,exists,面向电商平台的 AI 商品照片和视频工作室,"Create on-model clothing photos, precise product cards, backgrounds, Reels, and short videos from one image. Built for marketplace sellers, online stores, Instagram shops, and catalogs.",面向电商平台的 AI 商品照片和视频工作室,/zh,20-locale hreflang,noindex site-wide layout,no,no,290,EN fallback/partial,machine draft,features;platforms;blog;use-cases;studio,yes,Organization;WebSite;SoftwareApplication;WebPage;FAQPage,EN fallback landing copy
/ru/features,ru,exists,features,features,features,/ru/features,20-locale hreflang,noindex site-wide layout,yes,no,120,RU/EN only,complete,home;studio,yes,BreadcrumbList,
/ru/platforms,ru,exists,platforms,platforms,platforms,/ru/platforms,20-locale hreflang,noindex site-wide layout,yes,no,120,RU/EN only,complete,home;studio,yes,BreadcrumbList,
/ru/use-cases,ru,exists,use-cases,use-cases,use-cases,/ru/use-cases,20-locale hreflang,noindex site-wide layout,yes,no,120,RU/EN only,complete,home;studio,yes,BreadcrumbList,
/ru/blog,ru,exists,blog,blog,blog,/ru/blog,20-locale hreflang,noindex site-wide layout,yes,no,120,RU/EN only,complete,home;studio,yes,BreadcrumbList,
/ru/ai-summary,ru,exists,ai-summary,ai-summary,ai-summary,/ru/ai-summary,20-locale hreflang,noindex site-wide layout,yes,no,120,RU/EN only,complete,home;studio,yes,BreadcrumbList,
/en/features,en,exists,features,features,features,/en/features,20-locale hreflang,noindex site-wide layout,yes,no,120,EN fallback,complete,home;studio,yes,BreadcrumbList,
/en/platforms,en,exists,platforms,platforms,platforms,/en/platforms,20-locale hreflang,noindex site-wide layout,yes,no,120,EN fallback,complete,home;studio,yes,BreadcrumbList,
/en/use-cases,en,exists,use-cases,use-cases,use-cases,/en/use-cases,20-locale hreflang,noindex site-wide layout,yes,no,120,EN fallback,complete,home;studio,yes,BreadcrumbList,
/en/blog,en,exists,blog,blog,blog,/en/blog,20-locale hreflang,noindex site-wide layout,yes,no,120,EN fallback,complete,home;studio,yes,BreadcrumbList,
/en/ai-summary,en,exists,ai-summary,ai-summary,ai-summary,/en/ai-summary,20-locale hreflang,noindex site-wide layout,yes,no,120,EN fallback,complete,home;studio,yes,BreadcrumbList,
/kk/features,kk,exists,features,features,features,/kk/features,20-locale hreflang,noindex site-wide layout,no,no,120,EN fallback,machine draft,home;studio,yes,BreadcrumbList,
/kk/platforms,kk,exists,platforms,platforms,platforms,/kk/platforms,20-locale hreflang,noindex site-wide layout,no,no,120,EN fallback,machine draft,home;studio,yes,BreadcrumbList,
/kk/use-cases,kk,exists,use-cases,use-cases,use-cases,/kk/use-cases,20-locale hreflang,noindex site-wide layout,no,no,120,EN fallback,machine draft,home;studio,yes,BreadcrumbList,
/kk/blog,kk,exists,blog,blog,blog,/kk/blog,20-locale hreflang,noindex site-wide layout,no,no,120,EN fallback,machine draft,home;studio,yes,BreadcrumbList,
/kk/ai-summary,kk,exists,ai-summary,ai-summary,ai-summary,/kk/ai-summary,20-locale hreflang,noindex site-wide layout,no,no,120,EN fallback,machine draft,home;studio,yes,BreadcrumbList,
/ky/features,ky,exists,features,features,features,/ky/features,20-locale hreflang,noindex site-wide layout,no,no,120,EN fallback,machine draft,home;studio,yes,BreadcrumbList,
/ky/platforms,ky,exists,platforms,platforms,platforms,/ky/platforms,20-locale hreflang,noindex site-wide layout,no,no,120,EN fallback,machine draft,home;studio,yes,BreadcrumbList,
/ky/use-cases,ky,exists,use-cases,use-cases,use-cases,/ky/use-cases,20-locale hreflang,noindex site-wide layout,no,no,120,EN fallback,machine draft,home;studio,yes,BreadcrumbList,
/ky/blog,ky,exists,blog,blog,blog,/ky/blog,20-locale hreflang,noindex site-wide layout,no,no,120,EN fallback,machine draft,home;studio,yes,BreadcrumbList,
/ky/ai-summary,ky,exists,ai-summary,ai-summary,ai-summary,/ky/ai-summary,20-locale hreflang,noindex site-wide layout,no,no,120,EN fallback,machine draft,home;studio,yes,BreadcrumbList,
/uz/features,uz,exists,features,features,features,/uz/features,20-locale hreflang,noindex site-wide layout,no,no,120,EN fallback,machine draft,home;studio,yes,BreadcrumbList,
/uz/platforms,uz,exists,platforms,platforms,platforms,/uz/platforms,20-locale hreflang,noindex site-wide layout,no,no,120,EN fallback,machine draft,home;studio,yes,BreadcrumbList,
/uz/use-cases,uz,exists,use-cases,use-cases,use-cases,/uz/use-cases,20-locale hreflang,noindex site-wide layout,no,no,120,EN fallback,machine draft,home;studio,yes,BreadcrumbList,
/uz/blog,uz,exists,blog,blog,blog,/uz/blog,20-locale hreflang,noindex site-wide layout,no,no,120,EN fallback,machine draft,home;studio,yes,BreadcrumbList,
/uz/ai-summary,uz,exists,ai-summary,ai-summary,ai-summary,/uz/ai-summary,20-locale hreflang,noindex site-wide layout,no,no,120,EN fallback,machine draft,home;studio,yes,BreadcrumbList,
/tg/features,tg,exists,features,features,features,/tg/features,20-locale hreflang,noindex site-wide layout,no,no,120,EN fallback,machine draft,home;studio,yes,BreadcrumbList,
/tg/platforms,tg,exists,platforms,platforms,platforms,/tg/platforms,20-locale hreflang,noindex site-wide layout,no,no,120,EN fallback,machine draft,home;studio,yes,BreadcrumbList,
/tg/use-cases,tg,exists,use-cases,use-cases,use-cases,/tg/use-cases,20-locale hreflang,noindex site-wide layout,no,no,120,EN fallback,machine draft,home;studio,yes,BreadcrumbList,
/tg/blog,tg,exists,blog,blog,blog,/tg/blog,20-locale hreflang,noindex site-wide layout,no,no,120,EN fallback,machine draft,home;studio,yes,BreadcrumbList,
/tg/ai-summary,tg,exists,ai-summary,ai-summary,ai-summary,/tg/ai-summary,20-locale hreflang,noindex site-wide layout,no,no,120,EN fallback,machine draft,home;studio,yes,BreadcrumbList,
/tr/features,tr,exists,features,features,features,/tr/features,20-locale hreflang,noindex site-wide layout,no,no,120,EN fallback,machine draft,home;studio,yes,BreadcrumbList,
/tr/platforms,tr,exists,platforms,platforms,platforms,/tr/platforms,20-locale hreflang,noindex site-wide layout,no,no,120,EN fallback,machine draft,home;studio,yes,BreadcrumbList,
/tr/use-cases,tr,exists,use-cases,use-cases,use-cases,/tr/use-cases,20-locale hreflang,noindex site-wide layout,no,no,120,EN fallback,machine draft,home;studio,yes,BreadcrumbList,
/tr/blog,tr,exists,blog,blog,blog,/tr/blog,20-locale hreflang,noindex site-wide layout,no,no,120,EN fallback,machine draft,home;studio,yes,BreadcrumbList,
/tr/ai-summary,tr,exists,ai-summary,ai-summary,ai-summary,/tr/ai-summary,20-locale hreflang,noindex site-wide layout,no,no,120,EN fallback,machine draft,home;studio,yes,BreadcrumbList,
/az/features,az,exists,features,features,features,/az/features,20-locale hreflang,noindex site-wide layout,no,no,120,EN fallback,machine draft,home;studio,yes,BreadcrumbList,
/az/platforms,az,exists,platforms,platforms,platforms,/az/platforms,20-locale hreflang,noindex site-wide layout,no,no,120,EN fallback,machine draft,home;studio,yes,BreadcrumbList,
/az/use-cases,az,exists,use-cases,use-cases,use-cases,/az/use-cases,20-locale hreflang,noindex site-wide layout,no,no,120,EN fallback,machine draft,home;studio,yes,BreadcrumbList,
/az/blog,az,exists,blog,blog,blog,/az/blog,20-locale hreflang,noindex site-wide layout,no,no,120,EN fallback,machine draft,home;studio,yes,BreadcrumbList,
/az/ai-summary,az,exists,ai-summary,ai-summary,ai-summary,/az/ai-summary,20-locale hreflang,noindex site-wide layout,no,no,120,EN fallback,machine draft,home;studio,yes,BreadcrumbList,
/ar/features,ar,exists,features,features,features,/ar/features,20-locale hreflang,noindex site-wide layout,no,no,120,EN fallback,machine draft,home;studio,yes,BreadcrumbList,
/ar/platforms,ar,exists,platforms,platforms,platforms,/ar/platforms,20-locale hreflang,noindex site-wide layout,no,no,120,EN fallback,machine draft,home;studio,yes,BreadcrumbList,
/ar/use-cases,ar,exists,use-cases,use-cases,use-cases,/ar/use-cases,20-locale hreflang,noindex site-wide layout,no,no,120,EN fallback,machine draft,home;studio,yes,BreadcrumbList,
/ar/blog,ar,exists,blog,blog,blog,/ar/blog,20-locale hreflang,noindex site-wide layout,no,no,120,EN fallback,machine draft,home;studio,yes,BreadcrumbList,
/ar/ai-summary,ar,exists,ai-summary,ai-summary,ai-summary,/ar/ai-summary,20-locale hreflang,noindex site-wide layout,no,no,120,EN fallback,machine draft,home;studio,yes,BreadcrumbList,
/es/features,es,exists,features,features,features,/es/features,20-locale hreflang,noindex site-wide layout,no,no,120,EN fallback,machine draft,home;studio,yes,BreadcrumbList,
/es/platforms,es,exists,platforms,platforms,platforms,/es/platforms,20-locale hreflang,noindex site-wide layout,no,no,120,EN fallback,machine draft,home;studio,yes,BreadcrumbList,
/es/use-cases,es,exists,use-cases,use-cases,use-cases,/es/use-cases,20-locale hreflang,noindex site-wide layout,no,no,120,EN fallback,machine draft,home;studio,yes,BreadcrumbList,
/es/blog,es,exists,blog,blog,blog,/es/blog,20-locale hreflang,noindex site-wide layout,no,no,120,EN fallback,machine draft,home;studio,yes,BreadcrumbList,
/es/ai-summary,es,exists,ai-summary,ai-summary,ai-summary,/es/ai-summary,20-locale hreflang,noindex site-wide layout,no,no,120,EN fallback,machine draft,home;studio,yes,BreadcrumbList,
/pt/features,pt,exists,features,features,features,/pt/features,20-locale hreflang,noindex site-wide layout,no,no,120,EN fallback,machine draft,home;studio,yes,BreadcrumbList,
/pt/platforms,pt,exists,platforms,platforms,platforms,/pt/platforms,20-locale hreflang,noindex site-wide layout,no,no,120,EN fallback,machine draft,home;studio,yes,BreadcrumbList,
/pt/use-cases,pt,exists,use-cases,use-cases,use-cases,/pt/use-cases,20-locale hreflang,noindex site-wide layout,no,no,120,EN fallback,machine draft,home;studio,yes,BreadcrumbList,
/pt/blog,pt,exists,blog,blog,blog,/pt/blog,20-locale hreflang,noindex site-wide layout,no,no,120,EN fallback,machine draft,home;studio,yes,BreadcrumbList,
/pt/ai-summary,pt,exists,ai-summary,ai-summary,ai-summary,/pt/ai-summary,20-locale hreflang,noindex site-wide layout,no,no,120,EN fallback,machine draft,home;studio,yes,BreadcrumbList,
/fr/features,fr,exists,features,features,features,/fr/features,20-locale hreflang,noindex site-wide layout,no,no,120,EN fallback,machine draft,home;studio,yes,BreadcrumbList,
/fr/platforms,fr,exists,platforms,platforms,platforms,/fr/platforms,20-locale hreflang,noindex site-wide layout,no,no,120,EN fallback,machine draft,home;studio,yes,BreadcrumbList,
/fr/use-cases,fr,exists,use-cases,use-cases,use-cases,/fr/use-cases,20-locale hreflang,noindex site-wide layout,no,no,120,EN fallback,machine draft,home;studio,yes,BreadcrumbList,
/fr/blog,fr,exists,blog,blog,blog,/fr/blog,20-locale hreflang,noindex site-wide layout,no,no,120,EN fallback,machine draft,home;studio,yes,BreadcrumbList,
/fr/ai-summary,fr,exists,ai-summary,ai-summary,ai-summary,/fr/ai-summary,20-locale hreflang,noindex site-wide layout,no,no,120,EN fallback,machine draft,home;studio,yes,BreadcrumbList,
/de/features,de,exists,features,features,features,/de/features,20-locale hreflang,noindex site-wide layout,no,no,120,EN fallback,machine draft,home;studio,yes,BreadcrumbList,
/de/platforms,de,exists,platforms,platforms,platforms,/de/platforms,20-locale hreflang,noindex site-wide layout,no,no,120,EN fallback,machine draft,home;studio,yes,BreadcrumbList,
/de/use-cases,de,exists,use-cases,use-cases,use-cases,/de/use-cases,20-locale hreflang,noindex site-wide layout,no,no,120,EN fallback,machine draft,home;studio,yes,BreadcrumbList,
/de/blog,de,exists,blog,blog,blog,/de/blog,20-locale hreflang,noindex site-wide layout,no,no,120,EN fallback,machine draft,home;studio,yes,BreadcrumbList,
/de/ai-summary,de,exists,ai-summary,ai-summary,ai-summary,/de/ai-summary,20-locale hreflang,noindex site-wide layout,no,no,120,EN fallback,machine draft,home;studio,yes,BreadcrumbList,
/it/features,it,exists,features,features,features,/it/features,20-locale hreflang,noindex site-wide layout,no,no,120,EN fallback,machine draft,home;studio,yes,BreadcrumbList,
/it/platforms,it,exists,platforms,platforms,platforms,/it/platforms,20-locale hreflang,noindex site-wide layout,no,no,120,EN fallback,machine draft,home;studio,yes,BreadcrumbList,
/it/use-cases,it,exists,use-cases,use-cases,use-cases,/it/use-cases,20-locale hreflang,noindex site-wide layout,no,no,120,EN fallback,machine draft,home;studio,yes,BreadcrumbList,
/it/blog,it,exists,blog,blog,blog,/it/blog,20-locale hreflang,noindex site-wide layout,no,no,120,EN fallback,machine draft,home;studio,yes,BreadcrumbList,
/it/ai-summary,it,exists,ai-summary,ai-summary,ai-summary,/it/ai-summary,20-locale hreflang,noindex site-wide layout,no,no,120,EN fallback,machine draft,home;studio,yes,BreadcrumbList,
/pl/features,pl,exists,features,features,features,/pl/features,20-locale hreflang,noindex site-wide layout,no,no,120,EN fallback,machine draft,home;studio,yes,BreadcrumbList,
/pl/platforms,pl,exists,platforms,platforms,platforms,/pl/platforms,20-locale hreflang,noindex site-wide layout,no,no,120,EN fallback,machine draft,home;studio,yes,BreadcrumbList,
/pl/use-cases,pl,exists,use-cases,use-cases,use-cases,/pl/use-cases,20-locale hreflang,noindex site-wide layout,no,no,120,EN fallback,machine draft,home;studio,yes,BreadcrumbList,
/pl/blog,pl,exists,blog,blog,blog,/pl/blog,20-locale hreflang,noindex site-wide layout,no,no,120,EN fallback,machine draft,home;studio,yes,BreadcrumbList,
/pl/ai-summary,pl,exists,ai-summary,ai-summary,ai-summary,/pl/ai-summary,20-locale hreflang,noindex site-wide layout,no,no,120,EN fallback,machine draft,home;studio,yes,BreadcrumbList,
/uk/features,uk,exists,features,features,features,/uk/features,20-locale hreflang,noindex site-wide layout,no,no,120,EN fallback,machine draft,home;studio,yes,BreadcrumbList,
/uk/platforms,uk,exists,platforms,platforms,platforms,/uk/platforms,20-locale hreflang,noindex site-wide layout,no,no,120,EN fallback,machine draft,home;studio,yes,BreadcrumbList,
/uk/use-cases,uk,exists,use-cases,use-cases,use-cases,/uk/use-cases,20-locale hreflang,noindex site-wide layout,no,no,120,EN fallback,machine draft,home;studio,yes,BreadcrumbList,
/uk/blog,uk,exists,blog,blog,blog,/uk/blog,20-locale hreflang,noindex site-wide layout,no,no,120,EN fallback,machine draft,home;studio,yes,BreadcrumbList,
/uk/ai-summary,uk,exists,ai-summary,ai-summary,ai-summary,/uk/ai-summary,20-locale hreflang,noindex site-wide layout,no,no,120,EN fallback,machine draft,home;studio,yes,BreadcrumbList,
/hi/features,hi,exists,features,features,features,/hi/features,20-locale hreflang,noindex site-wide layout,no,no,120,EN fallback,machine draft,home;studio,yes,BreadcrumbList,
/hi/platforms,hi,exists,platforms,platforms,platforms,/hi/platforms,20-locale hreflang,noindex site-wide layout,no,no,120,EN fallback,machine draft,home;studio,yes,BreadcrumbList,
/hi/use-cases,hi,exists,use-cases,use-cases,use-cases,/hi/use-cases,20-locale hreflang,noindex site-wide layout,no,no,120,EN fallback,machine draft,home;studio,yes,BreadcrumbList,
/hi/blog,hi,exists,blog,blog,blog,/hi/blog,20-locale hreflang,noindex site-wide layout,no,no,120,EN fallback,machine draft,home;studio,yes,BreadcrumbList,
/hi/ai-summary,hi,exists,ai-summary,ai-summary,ai-summary,/hi/ai-summary,20-locale hreflang,noindex site-wide layout,no,no,120,EN fallback,machine draft,home;studio,yes,BreadcrumbList,
/id/features,id,exists,features,features,features,/id/features,20-locale hreflang,noindex site-wide layout,no,no,120,EN fallback,machine draft,home;studio,yes,BreadcrumbList,
/id/platforms,id,exists,platforms,platforms,platforms,/id/platforms,20-locale hreflang,noindex site-wide layout,no,no,120,EN fallback,machine draft,home;studio,yes,BreadcrumbList,
/id/use-cases,id,exists,use-cases,use-cases,use-cases,/id/use-cases,20-locale hreflang,noindex site-wide layout,no,no,120,EN fallback,machine draft,home;studio,yes,BreadcrumbList,
/id/blog,id,exists,blog,blog,blog,/id/blog,20-locale hreflang,noindex site-wide layout,no,no,120,EN fallback,machine draft,home;studio,yes,BreadcrumbList,
/id/ai-summary,id,exists,ai-summary,ai-summary,ai-summary,/id/ai-summary,20-locale hreflang,noindex site-wide layout,no,no,120,EN fallback,machine draft,home;studio,yes,BreadcrumbList,
/vi/features,vi,exists,features,features,features,/vi/features,20-locale hreflang,noindex site-wide layout,no,no,120,EN fallback,machine draft,home;studio,yes,BreadcrumbList,
/vi/platforms,vi,exists,platforms,platforms,platforms,/vi/platforms,20-locale hreflang,noindex site-wide layout,no,no,120,EN fallback,machine draft,home;studio,yes,BreadcrumbList,
/vi/use-cases,vi,exists,use-cases,use-cases,use-cases,/vi/use-cases,20-locale hreflang,noindex site-wide layout,no,no,120,EN fallback,machine draft,home;studio,yes,BreadcrumbList,
/vi/blog,vi,exists,blog,blog,blog,/vi/blog,20-locale hreflang,noindex site-wide layout,no,no,120,EN fallback,machine draft,home;studio,yes,BreadcrumbList,
/vi/ai-summary,vi,exists,ai-summary,ai-summary,ai-summary,/vi/ai-summary,20-locale hreflang,noindex site-wide layout,no,no,120,EN fallback,machine draft,home;studio,yes,BreadcrumbList,
/zh/features,zh,exists,features,features,features,/zh/features,20-locale hreflang,noindex site-wide layout,no,no,120,EN fallback,machine draft,home;studio,yes,BreadcrumbList,
/zh/platforms,zh,exists,platforms,platforms,platforms,/zh/platforms,20-locale hreflang,noindex site-wide layout,no,no,120,EN fallback,machine draft,home;studio,yes,BreadcrumbList,
/zh/use-cases,zh,exists,use-cases,use-cases,use-cases,/zh/use-cases,20-locale hreflang,noindex site-wide layout,no,no,120,EN fallback,machine draft,home;studio,yes,BreadcrumbList,
/zh/blog,zh,exists,blog,blog,blog,/zh/blog,20-locale hreflang,noindex site-wide layout,no,no,120,EN fallback,machine draft,home;studio,yes,BreadcrumbList,
/zh/ai-summary,zh,exists,ai-summary,ai-summary,ai-summary,/zh/ai-summary,20-locale hreflang,noindex site-wide layout,no,no,120,EN fallback,machine draft,home;studio,yes,BreadcrumbList,
/ru/ii-studiya-tovarnyh-foto,ru,exists,AI-студия товарных фото — Vitrina AI Studio,"AI-студия товарных фото: как Vitrina AI Studio помогает готовить товарный визуал, где AI может ошибаться и что проверять перед публикацией.",AI-студия товарных фото,/ru/ii-studiya-tovarnyh-foto,20-locale hreflang,noindex site-wide layout,yes,yes,60,thin template,thin,features;use-cases;studio,yes,WebPage;FAQPage;Service,
/en/ai-product-photo-studio,en,exists,AI product photo studio — Vitrina AI Studio,"AI product photo studio: how Vitrina AI Studio helps prepare product visuals, where AI can fail, and what to review before publishing.",AI product photo studio,/en/ai-product-photo-studio,20-locale hreflang,noindex site-wide layout,yes,yes,66,thin template,thin,features;use-cases;studio,yes,WebPage;FAQPage;Service,
/kk/ai-onim-foto-studiyasi,kk,exists,AI product photo studio — Vitrina AI Studio,"AI product photo studio: how Vitrina AI Studio helps prepare product visuals, where AI can fail, and what to review before publishing.",AI product photo studio,/kk/ai-onim-foto-studiyasi,20-locale hreflang,noindex site-wide layout,no,no,66,thin template,thin,features;use-cases;studio,yes,WebPage;FAQPage;Service,
/ky/ai-tovar-foto-studiyasy,ky,exists,AI product photo studio — Vitrina AI Studio,"AI product photo studio: how Vitrina AI Studio helps prepare product visuals, where AI can fail, and what to review before publishing.",AI product photo studio,/ky/ai-tovar-foto-studiyasy,20-locale hreflang,noindex site-wide layout,no,no,66,thin template,thin,features;use-cases;studio,yes,WebPage;FAQPage;Service,
/uz/ai-mahsulot-foto-studiyasi,uz,exists,AI product photo studio — Vitrina AI Studio,"AI product photo studio: how Vitrina AI Studio helps prepare product visuals, where AI can fail, and what to review before publishing.",AI product photo studio,/uz/ai-mahsulot-foto-studiyasi,20-locale hreflang,noindex site-wide layout,no,no,66,thin template,thin,features;use-cases;studio,yes,WebPage;FAQPage;Service,
/tg/ai-studiya-aks-tovar,tg,exists,AI product photo studio — Vitrina AI Studio,"AI product photo studio: how Vitrina AI Studio helps prepare product visuals, where AI can fail, and what to review before publishing.",AI product photo studio,/tg/ai-studiya-aks-tovar,20-locale hreflang,noindex site-wide layout,no,no,66,thin template,thin,features;use-cases;studio,yes,WebPage;FAQPage;Service,
/tr/ai-product-photo-studio,tr,exists,AI product photo studio — Vitrina AI Studio,"AI product photo studio: how Vitrina AI Studio helps prepare product visuals, where AI can fail, and what to review before publishing.",AI product photo studio,/tr/ai-product-photo-studio,20-locale hreflang,noindex site-wide layout,no,no,66,thin template,thin,features;use-cases;studio,yes,WebPage;FAQPage;Service,
/az/ai-product-photo-studio,az,exists,AI product photo studio — Vitrina AI Studio,"AI product photo studio: how Vitrina AI Studio helps prepare product visuals, where AI can fail, and what to review before publishing.",AI product photo studio,/az/ai-product-photo-studio,20-locale hreflang,noindex site-wide layout,no,no,66,thin template,thin,features;use-cases;studio,yes,WebPage;FAQPage;Service,
/ar/ai-product-photo-studio,ar,exists,AI product photo studio — Vitrina AI Studio,"AI product photo studio: how Vitrina AI Studio helps prepare product visuals, where AI can fail, and what to review before publishing.",AI product photo studio,/ar/ai-product-photo-studio,20-locale hreflang,noindex site-wide layout,no,no,66,thin template,thin,features;use-cases;studio,yes,WebPage;FAQPage;Service,
/es/ai-product-photo-studio,es,exists,AI product photo studio — Vitrina AI Studio,"AI product photo studio: how Vitrina AI Studio helps prepare product visuals, where AI can fail, and what to review before publishing.",AI product photo studio,/es/ai-product-photo-studio,20-locale hreflang,noindex site-wide layout,no,no,66,thin template,thin,features;use-cases;studio,yes,WebPage;FAQPage;Service,
/pt/ai-product-photo-studio,pt,exists,AI product photo studio — Vitrina AI Studio,"AI product photo studio: how Vitrina AI Studio helps prepare product visuals, where AI can fail, and what to review before publishing.",AI product photo studio,/pt/ai-product-photo-studio,20-locale hreflang,noindex site-wide layout,no,no,66,thin template,thin,features;use-cases;studio,yes,WebPage;FAQPage;Service,
/fr/ai-product-photo-studio,fr,exists,AI product photo studio — Vitrina AI Studio,"AI product photo studio: how Vitrina AI Studio helps prepare product visuals, where AI can fail, and what to review before publishing.",AI product photo studio,/fr/ai-product-photo-studio,20-locale hreflang,noindex site-wide layout,no,no,66,thin template,thin,features;use-cases;studio,yes,WebPage;FAQPage;Service,
/de/ai-product-photo-studio,de,exists,AI product photo studio — Vitrina AI Studio,"AI product photo studio: how Vitrina AI Studio helps prepare product visuals, where AI can fail, and what to review before publishing.",AI product photo studio,/de/ai-product-photo-studio,20-locale hreflang,noindex site-wide layout,no,no,66,thin template,thin,features;use-cases;studio,yes,WebPage;FAQPage;Service,
/it/ai-product-photo-studio,it,exists,AI product photo studio — Vitrina AI Studio,"AI product photo studio: how Vitrina AI Studio helps prepare product visuals, where AI can fail, and what to review before publishing.",AI product photo studio,/it/ai-product-photo-studio,20-locale hreflang,noindex site-wide layout,no,no,66,thin template,thin,features;use-cases;studio,yes,WebPage;FAQPage;Service,
/pl/ai-product-photo-studio,pl,exists,AI product photo studio — Vitrina AI Studio,"AI product photo studio: how Vitrina AI Studio helps prepare product visuals, where AI can fail, and what to review before publishing.",AI product photo studio,/pl/ai-product-photo-studio,20-locale hreflang,noindex site-wide layout,no,no,66,thin template,thin,features;use-cases;studio,yes,WebPage;FAQPage;Service,
/uk/ai-product-photo-studio,uk,exists,AI product photo studio — Vitrina AI Studio,"AI product photo studio: how Vitrina AI Studio helps prepare product visuals, where AI can fail, and what to review before publishing.",AI product photo studio,/uk/ai-product-photo-studio,20-locale hreflang,noindex site-wide layout,no,no,66,thin template,thin,features;use-cases;studio,yes,WebPage;FAQPage;Service,
/hi/ai-product-photo-studio,hi,exists,AI product photo studio — Vitrina AI Studio,"AI product photo studio: how Vitrina AI Studio helps prepare product visuals, where AI can fail, and what to review before publishing.",AI product photo studio,/hi/ai-product-photo-studio,20-locale hreflang,noindex site-wide layout,no,no,66,thin template,thin,features;use-cases;studio,yes,WebPage;FAQPage;Service,
/id/ai-product-photo-studio,id,exists,AI product photo studio — Vitrina AI Studio,"AI product photo studio: how Vitrina AI Studio helps prepare product visuals, where AI can fail, and what to review before publishing.",AI product photo studio,/id/ai-product-photo-studio,20-locale hreflang,noindex site-wide layout,no,no,66,thin template,thin,features;use-cases;studio,yes,WebPage;FAQPage;Service,
/vi/ai-product-photo-studio,vi,exists,AI product photo studio — Vitrina AI Studio,"AI product photo studio: how Vitrina AI Studio helps prepare product visuals, where AI can fail, and what to review before publishing.",AI product photo studio,/vi/ai-product-photo-studio,20-locale hreflang,noindex site-wide layout,no,no,66,thin template,thin,features;use-cases;studio,yes,WebPage;FAQPage;Service,
/zh/ai-product-photo-studio,zh,exists,AI product photo studio — Vitrina AI Studio,"AI product photo studio: how Vitrina AI Studio helps prepare product visuals, where AI can fail, and what to review before publishing.",AI product photo studio,/zh/ai-product-photo-studio,20-locale hreflang,noindex site-wide layout,no,no,66,thin template,thin,features;use-cases;studio,yes,WebPage;FAQPage;Service,
/ru/foto-tovarov-dlya-marketpleysov,ru,exists,Фото товара для маркетплейсов — Vitrina AI Studio,"Фото товара для маркетплейсов: как Vitrina AI Studio помогает готовить товарный визуал, где AI может ошибаться и что проверять перед публикацией.",Фото товара для маркетплейсов,/ru/foto-tovarov-dlya-marketpleysov,20-locale hreflang,noindex site-wide layout,yes,yes,60,thin template,thin,features;use-cases;studio,yes,WebPage;FAQPage;Service,
/en/product-photo-for-marketplaces,en,exists,Product photo for marketplaces — Vitrina AI Studio,"Product photo for marketplaces: how Vitrina AI Studio helps prepare product visuals, where AI can fail, and what to review before publishing.",Product photo for marketplaces,/en/product-photo-for-marketplaces,20-locale hreflang,noindex site-wide layout,yes,yes,63,thin template,thin,features;use-cases;studio,yes,WebPage;FAQPage;Service,
/kk/marketpleisterge-onim-fotosy,kk,exists,Product photo for marketplaces — Vitrina AI Studio,"Product photo for marketplaces: how Vitrina AI Studio helps prepare product visuals, where AI can fail, and what to review before publishing.",Product photo for marketplaces,/kk/marketpleisterge-onim-fotosy,20-locale hreflang,noindex site-wide layout,no,no,63,thin template,thin,features;use-cases;studio,yes,WebPage;FAQPage;Service,
/ky/marketpleyster-uchun-tovar-fotosu,ky,exists,Product photo for marketplaces — Vitrina AI Studio,"Product photo for marketplaces: how Vitrina AI Studio helps prepare product visuals, where AI can fail, and what to review before publishing.",Product photo for marketplaces,/ky/marketpleyster-uchun-tovar-fotosu,20-locale hreflang,noindex site-wide layout,no,no,63,thin template,thin,features;use-cases;studio,yes,WebPage;FAQPage;Service,
/uz/marketpleys-uchun-mahsulot-fotosi,uz,exists,Product photo for marketplaces — Vitrina AI Studio,"Product photo for marketplaces: how Vitrina AI Studio helps prepare product visuals, where AI can fail, and what to review before publishing.",Product photo for marketplaces,/uz/marketpleys-uchun-mahsulot-fotosi,20-locale hreflang,noindex site-wide layout,no,no,63,thin template,thin,features;use-cases;studio,yes,WebPage;FAQPage;Service,
/tg/aks-tovar-baroi-marketpleys,tg,exists,Product photo for marketplaces — Vitrina AI Studio,"Product photo for marketplaces: how Vitrina AI Studio helps prepare product visuals, where AI can fail, and what to review before publishing.",Product photo for marketplaces,/tg/aks-tovar-baroi-marketpleys,20-locale hreflang,noindex site-wide layout,no,no,63,thin template,thin,features;use-cases;studio,yes,WebPage;FAQPage;Service,
/tr/product-photo-for-marketplaces,tr,exists,Product photo for marketplaces — Vitrina AI Studio,"Product photo for marketplaces: how Vitrina AI Studio helps prepare product visuals, where AI can fail, and what to review before publishing.",Product photo for marketplaces,/tr/product-photo-for-marketplaces,20-locale hreflang,noindex site-wide layout,no,no,63,thin template,thin,features;use-cases;studio,yes,WebPage;FAQPage;Service,
/az/product-photo-for-marketplaces,az,exists,Product photo for marketplaces — Vitrina AI Studio,"Product photo for marketplaces: how Vitrina AI Studio helps prepare product visuals, where AI can fail, and what to review before publishing.",Product photo for marketplaces,/az/product-photo-for-marketplaces,20-locale hreflang,noindex site-wide layout,no,no,63,thin template,thin,features;use-cases;studio,yes,WebPage;FAQPage;Service,
/ar/product-photo-for-marketplaces,ar,exists,Product photo for marketplaces — Vitrina AI Studio,"Product photo for marketplaces: how Vitrina AI Studio helps prepare product visuals, where AI can fail, and what to review before publishing.",Product photo for marketplaces,/ar/product-photo-for-marketplaces,20-locale hreflang,noindex site-wide layout,no,no,63,thin template,thin,features;use-cases;studio,yes,WebPage;FAQPage;Service,
/es/product-photo-for-marketplaces,es,exists,Product photo for marketplaces — Vitrina AI Studio,"Product photo for marketplaces: how Vitrina AI Studio helps prepare product visuals, where AI can fail, and what to review before publishing.",Product photo for marketplaces,/es/product-photo-for-marketplaces,20-locale hreflang,noindex site-wide layout,no,no,63,thin template,thin,features;use-cases;studio,yes,WebPage;FAQPage;Service,
/pt/product-photo-for-marketplaces,pt,exists,Product photo for marketplaces — Vitrina AI Studio,"Product photo for marketplaces: how Vitrina AI Studio helps prepare product visuals, where AI can fail, and what to review before publishing.",Product photo for marketplaces,/pt/product-photo-for-marketplaces,20-locale hreflang,noindex site-wide layout,no,no,63,thin template,thin,features;use-cases;studio,yes,WebPage;FAQPage;Service,
/fr/product-photo-for-marketplaces,fr,exists,Product photo for marketplaces — Vitrina AI Studio,"Product photo for marketplaces: how Vitrina AI Studio helps prepare product visuals, where AI can fail, and what to review before publishing.",Product photo for marketplaces,/fr/product-photo-for-marketplaces,20-locale hreflang,noindex site-wide layout,no,no,63,thin template,thin,features;use-cases;studio,yes,WebPage;FAQPage;Service,
/de/product-photo-for-marketplaces,de,exists,Product photo for marketplaces — Vitrina AI Studio,"Product photo for marketplaces: how Vitrina AI Studio helps prepare product visuals, where AI can fail, and what to review before publishing.",Product photo for marketplaces,/de/product-photo-for-marketplaces,20-locale hreflang,noindex site-wide layout,no,no,63,thin template,thin,features;use-cases;studio,yes,WebPage;FAQPage;Service,
/it/product-photo-for-marketplaces,it,exists,Product photo for marketplaces — Vitrina AI Studio,"Product photo for marketplaces: how Vitrina AI Studio helps prepare product visuals, where AI can fail, and what to review before publishing.",Product photo for marketplaces,/it/product-photo-for-marketplaces,20-locale hreflang,noindex site-wide layout,no,no,63,thin template,thin,features;use-cases;studio,yes,WebPage;FAQPage;Service,
/pl/product-photo-for-marketplaces,pl,exists,Product photo for marketplaces — Vitrina AI Studio,"Product photo for marketplaces: how Vitrina AI Studio helps prepare product visuals, where AI can fail, and what to review before publishing.",Product photo for marketplaces,/pl/product-photo-for-marketplaces,20-locale hreflang,noindex site-wide layout,no,no,63,thin template,thin,features;use-cases;studio,yes,WebPage;FAQPage;Service,
/uk/product-photo-for-marketplaces,uk,exists,Product photo for marketplaces — Vitrina AI Studio,"Product photo for marketplaces: how Vitrina AI Studio helps prepare product visuals, where AI can fail, and what to review before publishing.",Product photo for marketplaces,/uk/product-photo-for-marketplaces,20-locale hreflang,noindex site-wide layout,no,no,63,thin template,thin,features;use-cases;studio,yes,WebPage;FAQPage;Service,
/hi/product-photo-for-marketplaces,hi,exists,Product photo for marketplaces — Vitrina AI Studio,"Product photo for marketplaces: how Vitrina AI Studio helps prepare product visuals, where AI can fail, and what to review before publishing.",Product photo for marketplaces,/hi/product-photo-for-marketplaces,20-locale hreflang,noindex site-wide layout,no,no,63,thin template,thin,features;use-cases;studio,yes,WebPage;FAQPage;Service,
/id/product-photo-for-marketplaces,id,exists,Product photo for marketplaces — Vitrina AI Studio,"Product photo for marketplaces: how Vitrina AI Studio helps prepare product visuals, where AI can fail, and what to review before publishing.",Product photo for marketplaces,/id/product-photo-for-marketplaces,20-locale hreflang,noindex site-wide layout,no,no,63,thin template,thin,features;use-cases;studio,yes,WebPage;FAQPage;Service,
/vi/product-photo-for-marketplaces,vi,exists,Product photo for marketplaces — Vitrina AI Studio,"Product photo for marketplaces: how Vitrina AI Studio helps prepare product visuals, where AI can fail, and what to review before publishing.",Product photo for marketplaces,/vi/product-photo-for-marketplaces,20-locale hreflang,noindex site-wide layout,no,no,63,thin template,thin,features;use-cases;studio,yes,WebPage;FAQPage;Service,
/zh/product-photo-for-marketplaces,zh,exists,Product photo for marketplaces — Vitrina AI Studio,"Product photo for marketplaces: how Vitrina AI Studio helps prepare product visuals, where AI can fail, and what to review before publishing.",Product photo for marketplaces,/zh/product-photo-for-marketplaces,20-locale hreflang,noindex site-wide layout,no,no,63,thin template,thin,features;use-cases;studio,yes,WebPage;FAQPage;Service,
/ru/generator-video-tovara,ru,exists,Видео товара из фото — Vitrina AI Studio,"Видео товара из фото: как Vitrina AI Studio помогает готовить товарный визуал, где AI может ошибаться и что проверять перед публикацией.",Видео товара из фото,/ru/generator-video-tovara,20-locale hreflang,noindex site-wide layout,yes,no,59,thin template,thin,features;use-cases;studio,yes,WebPage;FAQPage;Service,noindex by policy
/en/product-video-generator,en,exists,Product video generator — Vitrina AI Studio,"Product video generator: how Vitrina AI Studio helps prepare product visuals, where AI can fail, and what to review before publishing.",Product video generator,/en/product-video-generator,20-locale hreflang,noindex site-wide layout,no,no,67,thin template,thin,features;use-cases;studio,yes,WebPage;FAQPage;Service,noindex by policy
/kk/onim-video-generator,kk,exists,Product video generator — Vitrina AI Studio,"Product video generator: how Vitrina AI Studio helps prepare product visuals, where AI can fail, and what to review before publishing.",Product video generator,/kk/onim-video-generator,20-locale hreflang,noindex site-wide layout,no,no,67,thin template,thin,features;use-cases;studio,yes,WebPage;FAQPage;Service,noindex by policy
/ky/tovar-video-generator,ky,exists,Product video generator — Vitrina AI Studio,"Product video generator: how Vitrina AI Studio helps prepare product visuals, where AI can fail, and what to review before publishing.",Product video generator,/ky/tovar-video-generator,20-locale hreflang,noindex site-wide layout,no,no,67,thin template,thin,features;use-cases;studio,yes,WebPage;FAQPage;Service,noindex by policy
/uz/mahsulot-video-generator,uz,exists,Product video generator — Vitrina AI Studio,"Product video generator: how Vitrina AI Studio helps prepare product visuals, where AI can fail, and what to review before publishing.",Product video generator,/uz/mahsulot-video-generator,20-locale hreflang,noindex site-wide layout,no,no,67,thin template,thin,features;use-cases;studio,yes,WebPage;FAQPage;Service,noindex by policy
/tg/generator-video-tovar,tg,exists,Product video generator — Vitrina AI Studio,"Product video generator: how Vitrina AI Studio helps prepare product visuals, where AI can fail, and what to review before publishing.",Product video generator,/tg/generator-video-tovar,20-locale hreflang,noindex site-wide layout,no,no,67,thin template,thin,features;use-cases;studio,yes,WebPage;FAQPage;Service,noindex by policy
/tr/product-video-generator,tr,exists,Product video generator — Vitrina AI Studio,"Product video generator: how Vitrina AI Studio helps prepare product visuals, where AI can fail, and what to review before publishing.",Product video generator,/tr/product-video-generator,20-locale hreflang,noindex site-wide layout,no,no,67,thin template,thin,features;use-cases;studio,yes,WebPage;FAQPage;Service,noindex by policy
/az/product-video-generator,az,exists,Product video generator — Vitrina AI Studio,"Product video generator: how Vitrina AI Studio helps prepare product visuals, where AI can fail, and what to review before publishing.",Product video generator,/az/product-video-generator,20-locale hreflang,noindex site-wide layout,no,no,67,thin template,thin,features;use-cases;studio,yes,WebPage;FAQPage;Service,noindex by policy
/ar/product-video-generator,ar,exists,Product video generator — Vitrina AI Studio,"Product video generator: how Vitrina AI Studio helps prepare product visuals, where AI can fail, and what to review before publishing.",Product video generator,/ar/product-video-generator,20-locale hreflang,noindex site-wide layout,no,no,67,thin template,thin,features;use-cases;studio,yes,WebPage;FAQPage;Service,noindex by policy
/es/product-video-generator,es,exists,Product video generator — Vitrina AI Studio,"Product video generator: how Vitrina AI Studio helps prepare product visuals, where AI can fail, and what to review before publishing.",Product video generator,/es/product-video-generator,20-locale hreflang,noindex site-wide layout,no,no,67,thin template,thin,features;use-cases;studio,yes,WebPage;FAQPage;Service,noindex by policy
/pt/product-video-generator,pt,exists,Product video generator — Vitrina AI Studio,"Product video generator: how Vitrina AI Studio helps prepare product visuals, where AI can fail, and what to review before publishing.",Product video generator,/pt/product-video-generator,20-locale hreflang,noindex site-wide layout,no,no,67,thin template,thin,features;use-cases;studio,yes,WebPage;FAQPage;Service,noindex by policy
/fr/product-video-generator,fr,exists,Product video generator — Vitrina AI Studio,"Product video generator: how Vitrina AI Studio helps prepare product visuals, where AI can fail, and what to review before publishing.",Product video generator,/fr/product-video-generator,20-locale hreflang,noindex site-wide layout,no,no,67,thin template,thin,features;use-cases;studio,yes,WebPage;FAQPage;Service,noindex by policy
/de/product-video-generator,de,exists,Product video generator — Vitrina AI Studio,"Product video generator: how Vitrina AI Studio helps prepare product visuals, where AI can fail, and what to review before publishing.",Product video generator,/de/product-video-generator,20-locale hreflang,noindex site-wide layout,no,no,67,thin template,thin,features;use-cases;studio,yes,WebPage;FAQPage;Service,noindex by policy
/it/product-video-generator,it,exists,Product video generator — Vitrina AI Studio,"Product video generator: how Vitrina AI Studio helps prepare product visuals, where AI can fail, and what to review before publishing.",Product video generator,/it/product-video-generator,20-locale hreflang,noindex site-wide layout,no,no,67,thin template,thin,features;use-cases;studio,yes,WebPage;FAQPage;Service,noindex by policy
/pl/product-video-generator,pl,exists,Product video generator — Vitrina AI Studio,"Product video generator: how Vitrina AI Studio helps prepare product visuals, where AI can fail, and what to review before publishing.",Product video generator,/pl/product-video-generator,20-locale hreflang,noindex site-wide layout,no,no,67,thin template,thin,features;use-cases;studio,yes,WebPage;FAQPage;Service,noindex by policy
/uk/product-video-generator,uk,exists,Product video generator — Vitrina AI Studio,"Product video generator: how Vitrina AI Studio helps prepare product visuals, where AI can fail, and what to review before publishing.",Product video generator,/uk/product-video-generator,20-locale hreflang,noindex site-wide layout,no,no,67,thin template,thin,features;use-cases;studio,yes,WebPage;FAQPage;Service,noindex by policy
/hi/product-video-generator,hi,exists,Product video generator — Vitrina AI Studio,"Product video generator: how Vitrina AI Studio helps prepare product visuals, where AI can fail, and what to review before publishing.",Product video generator,/hi/product-video-generator,20-locale hreflang,noindex site-wide layout,no,no,67,thin template,thin,features;use-cases;studio,yes,WebPage;FAQPage;Service,noindex by policy
/id/product-video-generator,id,exists,Product video generator — Vitrina AI Studio,"Product video generator: how Vitrina AI Studio helps prepare product visuals, where AI can fail, and what to review before publishing.",Product video generator,/id/product-video-generator,20-locale hreflang,noindex site-wide layout,no,no,67,thin template,thin,features;use-cases;studio,yes,WebPage;FAQPage;Service,noindex by policy
/vi/product-video-generator,vi,exists,Product video generator — Vitrina AI Studio,"Product video generator: how Vitrina AI Studio helps prepare product visuals, where AI can fail, and what to review before publishing.",Product video generator,/vi/product-video-generator,20-locale hreflang,noindex site-wide layout,no,no,67,thin template,thin,features;use-cases;studio,yes,WebPage;FAQPage;Service,noindex by policy
/zh/product-video-generator,zh,exists,Product video generator — Vitrina AI Studio,"Product video generator: how Vitrina AI Studio helps prepare product visuals, where AI can fail, and what to review before publishing.",Product video generator,/zh/product-video-generator,20-locale hreflang,noindex site-wide layout,no,no,67,thin template,thin,features;use-cases;studio,yes,WebPage;FAQPage;Service,noindex by policy
/ru/generator-fona-dlya-tovara,ru,exists,Генератор фона для товара — Vitrina AI Studio,"Генератор фона для товара: как Vitrina AI Studio помогает готовить товарный визуал, где AI может ошибаться и что проверять перед публикацией.",Генератор фона для товара,/ru/generator-fona-dlya-tovara,20-locale hreflang,noindex site-wide layout,yes,yes,59,thin template,thin,features;use-cases;studio,yes,WebPage;FAQPage;Service,
/en/background-generator,en,exists,Product background generator — Vitrina AI Studio,"Product background generator: how Vitrina AI Studio helps prepare product visuals, where AI can fail, and what to review before publishing.",Product background generator,/en/background-generator,20-locale hreflang,noindex site-wide layout,yes,yes,64,thin template,thin,features;use-cases;studio,yes,WebPage;FAQPage;Service,
/kk/onim-fon-generator,kk,exists,Product background generator — Vitrina AI Studio,"Product background generator: how Vitrina AI Studio helps prepare product visuals, where AI can fail, and what to review before publishing.",Product background generator,/kk/onim-fon-generator,20-locale hreflang,noindex site-wide layout,no,no,64,thin template,thin,features;use-cases;studio,yes,WebPage;FAQPage;Service,
/ky/tovar-fon-generator,ky,exists,Product background generator — Vitrina AI Studio,"Product background generator: how Vitrina AI Studio helps prepare product visuals, where AI can fail, and what to review before publishing.",Product background generator,/ky/tovar-fon-generator,20-locale hreflang,noindex site-wide layout,no,no,64,thin template,thin,features;use-cases;studio,yes,WebPage;FAQPage;Service,
/uz/mahsulot-fon-generator,uz,exists,Product background generator — Vitrina AI Studio,"Product background generator: how Vitrina AI Studio helps prepare product visuals, where AI can fail, and what to review before publishing.",Product background generator,/uz/mahsulot-fon-generator,20-locale hreflang,noindex site-wide layout,no,no,64,thin template,thin,features;use-cases;studio,yes,WebPage;FAQPage;Service,
/tg/generator-fon-tovar,tg,exists,Product background generator — Vitrina AI Studio,"Product background generator: how Vitrina AI Studio helps prepare product visuals, where AI can fail, and what to review before publishing.",Product background generator,/tg/generator-fon-tovar,20-locale hreflang,noindex site-wide layout,no,no,64,thin template,thin,features;use-cases;studio,yes,WebPage;FAQPage;Service,
/tr/background-generator,tr,exists,Product background generator — Vitrina AI Studio,"Product background generator: how Vitrina AI Studio helps prepare product visuals, where AI can fail, and what to review before publishing.",Product background generator,/tr/background-generator,20-locale hreflang,noindex site-wide layout,no,no,64,thin template,thin,features;use-cases;studio,yes,WebPage;FAQPage;Service,
/az/background-generator,az,exists,Product background generator — Vitrina AI Studio,"Product background generator: how Vitrina AI Studio helps prepare product visuals, where AI can fail, and what to review before publishing.",Product background generator,/az/background-generator,20-locale hreflang,noindex site-wide layout,no,no,64,thin template,thin,features;use-cases;studio,yes,WebPage;FAQPage;Service,
/ar/background-generator,ar,exists,Product background generator — Vitrina AI Studio,"Product background generator: how Vitrina AI Studio helps prepare product visuals, where AI can fail, and what to review before publishing.",Product background generator,/ar/background-generator,20-locale hreflang,noindex site-wide layout,no,no,64,thin template,thin,features;use-cases;studio,yes,WebPage;FAQPage;Service,
/es/background-generator,es,exists,Product background generator — Vitrina AI Studio,"Product background generator: how Vitrina AI Studio helps prepare product visuals, where AI can fail, and what to review before publishing.",Product background generator,/es/background-generator,20-locale hreflang,noindex site-wide layout,no,no,64,thin template,thin,features;use-cases;studio,yes,WebPage;FAQPage;Service,
/pt/background-generator,pt,exists,Product background generator — Vitrina AI Studio,"Product background generator: how Vitrina AI Studio helps prepare product visuals, where AI can fail, and what to review before publishing.",Product background generator,/pt/background-generator,20-locale hreflang,noindex site-wide layout,no,no,64,thin template,thin,features;use-cases;studio,yes,WebPage;FAQPage;Service,
/fr/background-generator,fr,exists,Product background generator — Vitrina AI Studio,"Product background generator: how Vitrina AI Studio helps prepare product visuals, where AI can fail, and what to review before publishing.",Product background generator,/fr/background-generator,20-locale hreflang,noindex site-wide layout,no,no,64,thin template,thin,features;use-cases;studio,yes,WebPage;FAQPage;Service,
/de/background-generator,de,exists,Product background generator — Vitrina AI Studio,"Product background generator: how Vitrina AI Studio helps prepare product visuals, where AI can fail, and what to review before publishing.",Product background generator,/de/background-generator,20-locale hreflang,noindex site-wide layout,no,no,64,thin template,thin,features;use-cases;studio,yes,WebPage;FAQPage;Service,
/it/background-generator,it,exists,Product background generator — Vitrina AI Studio,"Product background generator: how Vitrina AI Studio helps prepare product visuals, where AI can fail, and what to review before publishing.",Product background generator,/it/background-generator,20-locale hreflang,noindex site-wide layout,no,no,64,thin template,thin,features;use-cases;studio,yes,WebPage;FAQPage;Service,
/pl/background-generator,pl,exists,Product background generator — Vitrina AI Studio,"Product background generator: how Vitrina AI Studio helps prepare product visuals, where AI can fail, and what to review before publishing.",Product background generator,/pl/background-generator,20-locale hreflang,noindex site-wide layout,no,no,64,thin template,thin,features;use-cases;studio,yes,WebPage;FAQPage;Service,
/uk/background-generator,uk,exists,Product background generator — Vitrina AI Studio,"Product background generator: how Vitrina AI Studio helps prepare product visuals, where AI can fail, and what to review before publishing.",Product background generator,/uk/background-generator,20-locale hreflang,noindex site-wide layout,no,no,64,thin template,thin,features;use-cases;studio,yes,WebPage;FAQPage;Service,
/hi/background-generator,hi,exists,Product background generator — Vitrina AI Studio,"Product background generator: how Vitrina AI Studio helps prepare product visuals, where AI can fail, and what to review before publishing.",Product background generator,/hi/background-generator,20-locale hreflang,noindex site-wide layout,no,no,64,thin template,thin,features;use-cases;studio,yes,WebPage;FAQPage;Service,
/id/background-generator,id,exists,Product background generator — Vitrina AI Studio,"Product background generator: how Vitrina AI Studio helps prepare product visuals, where AI can fail, and what to review before publishing.",Product background generator,/id/background-generator,20-locale hreflang,noindex site-wide layout,no,no,64,thin template,thin,features;use-cases;studio,yes,WebPage;FAQPage;Service,
/vi/background-generator,vi,exists,Product background generator — Vitrina AI Studio,"Product background generator: how Vitrina AI Studio helps prepare product visuals, where AI can fail, and what to review before publishing.",Product background generator,/vi/background-generator,20-locale hreflang,noindex site-wide layout,no,no,64,thin template,thin,features;use-cases;studio,yes,WebPage;FAQPage;Service,
/zh/background-generator,zh,exists,Product background generator — Vitrina AI Studio,"Product background generator: how Vitrina AI Studio helps prepare product visuals, where AI can fail, and what to review before publishing.",Product background generator,/zh/background-generator,20-locale hreflang,noindex site-wide layout,no,no,64,thin template,thin,features;use-cases;studio,yes,WebPage;FAQPage;Service,
/ru/foto-odezhdy-na-ai-modeli,ru,exists,Фото одежды на AI-модели — Vitrina AI Studio,"Фото одежды на AI-модели: как Vitrina AI Studio помогает готовить товарный визуал, где AI может ошибаться и что проверять перед публикацией.",Фото одежды на AI-модели,/ru/foto-odezhdy-na-ai-modeli,20-locale hreflang,noindex site-wide layout,yes,yes,60,thin template,thin,features;use-cases;studio,yes,WebPage;FAQPage;Service,
/en/fashion-model-photos,en,exists,Fashion model photos — Vitrina AI Studio,"Fashion model photos: how Vitrina AI Studio helps prepare product visuals, where AI can fail, and what to review before publishing.",Fashion model photos,/en/fashion-model-photos,20-locale hreflang,noindex site-wide layout,yes,yes,63,thin template,thin,features;use-cases;studio,yes,WebPage;FAQPage;Service,
/kk/kiim-ai-model-fotosy,kk,exists,Fashion model photos — Vitrina AI Studio,"Fashion model photos: how Vitrina AI Studio helps prepare product visuals, where AI can fail, and what to review before publishing.",Fashion model photos,/kk/kiim-ai-model-fotosy,20-locale hreflang,noindex site-wide layout,no,no,63,thin template,thin,features;use-cases;studio,yes,WebPage;FAQPage;Service,
/ky/kiyim-ai-model-fotosu,ky,exists,Fashion model photos — Vitrina AI Studio,"Fashion model photos: how Vitrina AI Studio helps prepare product visuals, where AI can fail, and what to review before publishing.",Fashion model photos,/ky/kiyim-ai-model-fotosu,20-locale hreflang,noindex site-wide layout,no,no,63,thin template,thin,features;use-cases;studio,yes,WebPage;FAQPage;Service,
/uz/kiyim-ai-model-fotosi,uz,exists,Fashion model photos — Vitrina AI Studio,"Fashion model photos: how Vitrina AI Studio helps prepare product visuals, where AI can fail, and what to review before publishing.",Fashion model photos,/uz/kiyim-ai-model-fotosi,20-locale hreflang,noindex site-wide layout,no,no,63,thin template,thin,features;use-cases;studio,yes,WebPage;FAQPage;Service,
/tg/libos-dar-ai-model,tg,exists,Fashion model photos — Vitrina AI Studio,"Fashion model photos: how Vitrina AI Studio helps prepare product visuals, where AI can fail, and what to review before publishing.",Fashion model photos,/tg/libos-dar-ai-model,20-locale hreflang,noindex site-wide layout,no,no,63,thin template,thin,features;use-cases;studio,yes,WebPage;FAQPage;Service,
/tr/fashion-model-photos,tr,exists,Fashion model photos — Vitrina AI Studio,"Fashion model photos: how Vitrina AI Studio helps prepare product visuals, where AI can fail, and what to review before publishing.",Fashion model photos,/tr/fashion-model-photos,20-locale hreflang,noindex site-wide layout,no,no,63,thin template,thin,features;use-cases;studio,yes,WebPage;FAQPage;Service,
/az/fashion-model-photos,az,exists,Fashion model photos — Vitrina AI Studio,"Fashion model photos: how Vitrina AI Studio helps prepare product visuals, where AI can fail, and what to review before publishing.",Fashion model photos,/az/fashion-model-photos,20-locale hreflang,noindex site-wide layout,no,no,63,thin template,thin,features;use-cases;studio,yes,WebPage;FAQPage;Service,
/ar/fashion-model-photos,ar,exists,Fashion model photos — Vitrina AI Studio,"Fashion model photos: how Vitrina AI Studio helps prepare product visuals, where AI can fail, and what to review before publishing.",Fashion model photos,/ar/fashion-model-photos,20-locale hreflang,noindex site-wide layout,no,no,63,thin template,thin,features;use-cases;studio,yes,WebPage;FAQPage;Service,
/es/fashion-model-photos,es,exists,Fashion model photos — Vitrina AI Studio,"Fashion model photos: how Vitrina AI Studio helps prepare product visuals, where AI can fail, and what to review before publishing.",Fashion model photos,/es/fashion-model-photos,20-locale hreflang,noindex site-wide layout,no,no,63,thin template,thin,features;use-cases;studio,yes,WebPage;FAQPage;Service,
/pt/fashion-model-photos,pt,exists,Fashion model photos — Vitrina AI Studio,"Fashion model photos: how Vitrina AI Studio helps prepare product visuals, where AI can fail, and what to review before publishing.",Fashion model photos,/pt/fashion-model-photos,20-locale hreflang,noindex site-wide layout,no,no,63,thin template,thin,features;use-cases;studio,yes,WebPage;FAQPage;Service,
/fr/fashion-model-photos,fr,exists,Fashion model photos — Vitrina AI Studio,"Fashion model photos: how Vitrina AI Studio helps prepare product visuals, where AI can fail, and what to review before publishing.",Fashion model photos,/fr/fashion-model-photos,20-locale hreflang,noindex site-wide layout,no,no,63,thin template,thin,features;use-cases;studio,yes,WebPage;FAQPage;Service,
/de/fashion-model-photos,de,exists,Fashion model photos — Vitrina AI Studio,"Fashion model photos: how Vitrina AI Studio helps prepare product visuals, where AI can fail, and what to review before publishing.",Fashion model photos,/de/fashion-model-photos,20-locale hreflang,noindex site-wide layout,no,no,63,thin template,thin,features;use-cases;studio,yes,WebPage;FAQPage;Service,
/it/fashion-model-photos,it,exists,Fashion model photos — Vitrina AI Studio,"Fashion model photos: how Vitrina AI Studio helps prepare product visuals, where AI can fail, and what to review before publishing.",Fashion model photos,/it/fashion-model-photos,20-locale hreflang,noindex site-wide layout,no,no,63,thin template,thin,features;use-cases;studio,yes,WebPage;FAQPage;Service,
/pl/fashion-model-photos,pl,exists,Fashion model photos — Vitrina AI Studio,"Fashion model photos: how Vitrina AI Studio helps prepare product visuals, where AI can fail, and what to review before publishing.",Fashion model photos,/pl/fashion-model-photos,20-locale hreflang,noindex site-wide layout,no,no,63,thin template,thin,features;use-cases;studio,yes,WebPage;FAQPage;Service,
/uk/fashion-model-photos,uk,exists,Fashion model photos — Vitrina AI Studio,"Fashion model photos: how Vitrina AI Studio helps prepare product visuals, where AI can fail, and what to review before publishing.",Fashion model photos,/uk/fashion-model-photos,20-locale hreflang,noindex site-wide layout,no,no,63,thin template,thin,features;use-cases;studio,yes,WebPage;FAQPage;Service,
/hi/fashion-model-photos,hi,exists,Fashion model photos — Vitrina AI Studio,"Fashion model photos: how Vitrina AI Studio helps prepare product visuals, where AI can fail, and what to review before publishing.",Fashion model photos,/hi/fashion-model-photos,20-locale hreflang,noindex site-wide layout,no,no,63,thin template,thin,features;use-cases;studio,yes,WebPage;FAQPage;Service,
/id/fashion-model-photos,id,exists,Fashion model photos — Vitrina AI Studio,"Fashion model photos: how Vitrina AI Studio helps prepare product visuals, where AI can fail, and what to review before publishing.",Fashion model photos,/id/fashion-model-photos,20-locale hreflang,noindex site-wide layout,no,no,63,thin template,thin,features;use-cases;studio,yes,WebPage;FAQPage;Service,
/vi/fashion-model-photos,vi,exists,Fashion model photos — Vitrina AI Studio,"Fashion model photos: how Vitrina AI Studio helps prepare product visuals, where AI can fail, and what to review before publishing.",Fashion model photos,/vi/fashion-model-photos,20-locale hreflang,noindex site-wide layout,no,no,63,thin template,thin,features;use-cases;studio,yes,WebPage;FAQPage;Service,
/zh/fashion-model-photos,zh,exists,Fashion model photos — Vitrina AI Studio,"Fashion model photos: how Vitrina AI Studio helps prepare product visuals, where AI can fail, and what to review before publishing.",Fashion model photos,/zh/fashion-model-photos,20-locale hreflang,noindex site-wide layout,no,no,63,thin template,thin,features;use-cases;studio,yes,WebPage;FAQPage;Service,
/ru/foto-bizhuterii-dlya-marketpleysa,ru,exists,Фото бижутерии для маркетплейса — Vitrina AI Studio,"Фото бижутерии для маркетплейса: как Vitrina AI Studio помогает готовить товарный визуал, где AI может ошибаться и что проверять перед публикацией.",Фото бижутерии для маркетплейса,/ru/foto-bizhuterii-dlya-marketpleysa,20-locale hreflang,noindex site-wide layout,yes,yes,58,thin template,thin,features;use-cases;studio,yes,WebPage;FAQPage;Service,
/en/jewelry-product-photos,en,exists,Jewelry product photos — Vitrina AI Studio,"Jewelry product photos: how Vitrina AI Studio helps prepare product visuals, where AI can fail, and what to review before publishing.",Jewelry product photos,/en/jewelry-product-photos,20-locale hreflang,noindex site-wide layout,yes,yes,62,thin template,thin,features;use-cases;studio,yes,WebPage;FAQPage;Service,
/kk/zergerlik-onim-fotosy,kk,exists,Jewelry product photos — Vitrina AI Studio,"Jewelry product photos: how Vitrina AI Studio helps prepare product visuals, where AI can fail, and what to review before publishing.",Jewelry product photos,/kk/zergerlik-onim-fotosy,20-locale hreflang,noindex site-wide layout,no,no,62,thin template,thin,features;use-cases;studio,yes,WebPage;FAQPage;Service,
/ky/zer-buyum-fotosu,ky,exists,Jewelry product photos — Vitrina AI Studio,"Jewelry product photos: how Vitrina AI Studio helps prepare product visuals, where AI can fail, and what to review before publishing.",Jewelry product photos,/ky/zer-buyum-fotosu,20-locale hreflang,noindex site-wide layout,no,no,62,thin template,thin,features;use-cases;studio,yes,WebPage;FAQPage;Service,
/uz/taqinchoq-mahsulot-fotosi,uz,exists,Jewelry product photos — Vitrina AI Studio,"Jewelry product photos: how Vitrina AI Studio helps prepare product visuals, where AI can fail, and what to review before publishing.",Jewelry product photos,/uz/taqinchoq-mahsulot-fotosi,20-locale hreflang,noindex site-wide layout,no,no,62,thin template,thin,features;use-cases;studio,yes,WebPage;FAQPage;Service,
/tg/aks-zeboi-baroi-marketpleys,tg,exists,Jewelry product photos — Vitrina AI Studio,"Jewelry product photos: how Vitrina AI Studio helps prepare product visuals, where AI can fail, and what to review before publishing.",Jewelry product photos,/tg/aks-zeboi-baroi-marketpleys,20-locale hreflang,noindex site-wide layout,no,no,62,thin template,thin,features;use-cases;studio,yes,WebPage;FAQPage;Service,
/tr/jewelry-product-photos,tr,exists,Jewelry product photos — Vitrina AI Studio,"Jewelry product photos: how Vitrina AI Studio helps prepare product visuals, where AI can fail, and what to review before publishing.",Jewelry product photos,/tr/jewelry-product-photos,20-locale hreflang,noindex site-wide layout,no,no,62,thin template,thin,features;use-cases;studio,yes,WebPage;FAQPage;Service,
/az/jewelry-product-photos,az,exists,Jewelry product photos — Vitrina AI Studio,"Jewelry product photos: how Vitrina AI Studio helps prepare product visuals, where AI can fail, and what to review before publishing.",Jewelry product photos,/az/jewelry-product-photos,20-locale hreflang,noindex site-wide layout,no,no,62,thin template,thin,features;use-cases;studio,yes,WebPage;FAQPage;Service,
/ar/jewelry-product-photos,ar,exists,Jewelry product photos — Vitrina AI Studio,"Jewelry product photos: how Vitrina AI Studio helps prepare product visuals, where AI can fail, and what to review before publishing.",Jewelry product photos,/ar/jewelry-product-photos,20-locale hreflang,noindex site-wide layout,no,no,62,thin template,thin,features;use-cases;studio,yes,WebPage;FAQPage;Service,
/es/jewelry-product-photos,es,exists,Jewelry product photos — Vitrina AI Studio,"Jewelry product photos: how Vitrina AI Studio helps prepare product visuals, where AI can fail, and what to review before publishing.",Jewelry product photos,/es/jewelry-product-photos,20-locale hreflang,noindex site-wide layout,no,no,62,thin template,thin,features;use-cases;studio,yes,WebPage;FAQPage;Service,
/pt/jewelry-product-photos,pt,exists,Jewelry product photos — Vitrina AI Studio,"Jewelry product photos: how Vitrina AI Studio helps prepare product visuals, where AI can fail, and what to review before publishing.",Jewelry product photos,/pt/jewelry-product-photos,20-locale hreflang,noindex site-wide layout,no,no,62,thin template,thin,features;use-cases;studio,yes,WebPage;FAQPage;Service,
/fr/jewelry-product-photos,fr,exists,Jewelry product photos — Vitrina AI Studio,"Jewelry product photos: how Vitrina AI Studio helps prepare product visuals, where AI can fail, and what to review before publishing.",Jewelry product photos,/fr/jewelry-product-photos,20-locale hreflang,noindex site-wide layout,no,no,62,thin template,thin,features;use-cases;studio,yes,WebPage;FAQPage;Service,
/de/jewelry-product-photos,de,exists,Jewelry product photos — Vitrina AI Studio,"Jewelry product photos: how Vitrina AI Studio helps prepare product visuals, where AI can fail, and what to review before publishing.",Jewelry product photos,/de/jewelry-product-photos,20-locale hreflang,noindex site-wide layout,no,no,62,thin template,thin,features;use-cases;studio,yes,WebPage;FAQPage;Service,
/it/jewelry-product-photos,it,exists,Jewelry product photos — Vitrina AI Studio,"Jewelry product photos: how Vitrina AI Studio helps prepare product visuals, where AI can fail, and what to review before publishing.",Jewelry product photos,/it/jewelry-product-photos,20-locale hreflang,noindex site-wide layout,no,no,62,thin template,thin,features;use-cases;studio,yes,WebPage;FAQPage;Service,
/pl/jewelry-product-photos,pl,exists,Jewelry product photos — Vitrina AI Studio,"Jewelry product photos: how Vitrina AI Studio helps prepare product visuals, where AI can fail, and what to review before publishing.",Jewelry product photos,/pl/jewelry-product-photos,20-locale hreflang,noindex site-wide layout,no,no,62,thin template,thin,features;use-cases;studio,yes,WebPage;FAQPage;Service,
/uk/jewelry-product-photos,uk,exists,Jewelry product photos — Vitrina AI Studio,"Jewelry product photos: how Vitrina AI Studio helps prepare product visuals, where AI can fail, and what to review before publishing.",Jewelry product photos,/uk/jewelry-product-photos,20-locale hreflang,noindex site-wide layout,no,no,62,thin template,thin,features;use-cases;studio,yes,WebPage;FAQPage;Service,
/hi/jewelry-product-photos,hi,exists,Jewelry product photos — Vitrina AI Studio,"Jewelry product photos: how Vitrina AI Studio helps prepare product visuals, where AI can fail, and what to review before publishing.",Jewelry product photos,/hi/jewelry-product-photos,20-locale hreflang,noindex site-wide layout,no,no,62,thin template,thin,features;use-cases;studio,yes,WebPage;FAQPage;Service,
/id/jewelry-product-photos,id,exists,Jewelry product photos — Vitrina AI Studio,"Jewelry product photos: how Vitrina AI Studio helps prepare product visuals, where AI can fail, and what to review before publishing.",Jewelry product photos,/id/jewelry-product-photos,20-locale hreflang,noindex site-wide layout,no,no,62,thin template,thin,features;use-cases;studio,yes,WebPage;FAQPage;Service,
/vi/jewelry-product-photos,vi,exists,Jewelry product photos — Vitrina AI Studio,"Jewelry product photos: how Vitrina AI Studio helps prepare product visuals, where AI can fail, and what to review before publishing.",Jewelry product photos,/vi/jewelry-product-photos,20-locale hreflang,noindex site-wide layout,no,no,62,thin template,thin,features;use-cases;studio,yes,WebPage;FAQPage;Service,
/zh/jewelry-product-photos,zh,exists,Jewelry product photos — Vitrina AI Studio,"Jewelry product photos: how Vitrina AI Studio helps prepare product visuals, where AI can fail, and what to review before publishing.",Jewelry product photos,/zh/jewelry-product-photos,20-locale hreflang,noindex site-wide layout,no,no,62,thin template,thin,features;use-cases;studio,yes,WebPage;FAQPage;Service,
/ru/privacy,ru,exists,Privacy Policy — Vitrina AI Studio,"Privacy Policy: базовая страница доверия Vitrina AI Studio для MVP, AI-ограничений, пользовательских обязанностей и удаления данных.",Privacy Policy,/ru/privacy,20-locale hreflang,noindex site-wide layout,yes,yes,71,thin template,thin,features;use-cases;studio,yes,WebPage,
/en/privacy,en,exists,Privacy Policy — Vitrina AI Studio,"Privacy Policy: baseline Vitrina AI Studio trust page for the MVP, AI limitations, user responsibilities, and data deletion.",Privacy Policy,/en/privacy,20-locale hreflang,noindex site-wide layout,yes,yes,77,thin template,thin,features;use-cases;studio,yes,WebPage,
/kk/privacy,kk,exists,Privacy Policy — Vitrina AI Studio,"Privacy Policy: baseline Vitrina AI Studio trust page for the MVP, AI limitations, user responsibilities, and data deletion.",Privacy Policy,/kk/privacy,20-locale hreflang,noindex site-wide layout,no,no,77,thin template,thin,features;use-cases;studio,yes,WebPage,
/ky/privacy,ky,exists,Privacy Policy — Vitrina AI Studio,"Privacy Policy: baseline Vitrina AI Studio trust page for the MVP, AI limitations, user responsibilities, and data deletion.",Privacy Policy,/ky/privacy,20-locale hreflang,noindex site-wide layout,no,no,77,thin template,thin,features;use-cases;studio,yes,WebPage,
/uz/privacy,uz,exists,Privacy Policy — Vitrina AI Studio,"Privacy Policy: baseline Vitrina AI Studio trust page for the MVP, AI limitations, user responsibilities, and data deletion.",Privacy Policy,/uz/privacy,20-locale hreflang,noindex site-wide layout,no,no,77,thin template,thin,features;use-cases;studio,yes,WebPage,
/tg/privacy,tg,exists,Privacy Policy — Vitrina AI Studio,"Privacy Policy: baseline Vitrina AI Studio trust page for the MVP, AI limitations, user responsibilities, and data deletion.",Privacy Policy,/tg/privacy,20-locale hreflang,noindex site-wide layout,no,no,77,thin template,thin,features;use-cases;studio,yes,WebPage,
/tr/privacy,tr,exists,Privacy Policy — Vitrina AI Studio,"Privacy Policy: baseline Vitrina AI Studio trust page for the MVP, AI limitations, user responsibilities, and data deletion.",Privacy Policy,/tr/privacy,20-locale hreflang,noindex site-wide layout,no,no,77,thin template,thin,features;use-cases;studio,yes,WebPage,
/az/privacy,az,exists,Privacy Policy — Vitrina AI Studio,"Privacy Policy: baseline Vitrina AI Studio trust page for the MVP, AI limitations, user responsibilities, and data deletion.",Privacy Policy,/az/privacy,20-locale hreflang,noindex site-wide layout,no,no,77,thin template,thin,features;use-cases;studio,yes,WebPage,
/ar/privacy,ar,exists,Privacy Policy — Vitrina AI Studio,"Privacy Policy: baseline Vitrina AI Studio trust page for the MVP, AI limitations, user responsibilities, and data deletion.",Privacy Policy,/ar/privacy,20-locale hreflang,noindex site-wide layout,no,no,77,thin template,thin,features;use-cases;studio,yes,WebPage,
/es/privacy,es,exists,Privacy Policy — Vitrina AI Studio,"Privacy Policy: baseline Vitrina AI Studio trust page for the MVP, AI limitations, user responsibilities, and data deletion.",Privacy Policy,/es/privacy,20-locale hreflang,noindex site-wide layout,no,no,77,thin template,thin,features;use-cases;studio,yes,WebPage,
/pt/privacy,pt,exists,Privacy Policy — Vitrina AI Studio,"Privacy Policy: baseline Vitrina AI Studio trust page for the MVP, AI limitations, user responsibilities, and data deletion.",Privacy Policy,/pt/privacy,20-locale hreflang,noindex site-wide layout,no,no,77,thin template,thin,features;use-cases;studio,yes,WebPage,
/fr/privacy,fr,exists,Privacy Policy — Vitrina AI Studio,"Privacy Policy: baseline Vitrina AI Studio trust page for the MVP, AI limitations, user responsibilities, and data deletion.",Privacy Policy,/fr/privacy,20-locale hreflang,noindex site-wide layout,no,no,77,thin template,thin,features;use-cases;studio,yes,WebPage,
/de/privacy,de,exists,Privacy Policy — Vitrina AI Studio,"Privacy Policy: baseline Vitrina AI Studio trust page for the MVP, AI limitations, user responsibilities, and data deletion.",Privacy Policy,/de/privacy,20-locale hreflang,noindex site-wide layout,no,no,77,thin template,thin,features;use-cases;studio,yes,WebPage,
/it/privacy,it,exists,Privacy Policy — Vitrina AI Studio,"Privacy Policy: baseline Vitrina AI Studio trust page for the MVP, AI limitations, user responsibilities, and data deletion.",Privacy Policy,/it/privacy,20-locale hreflang,noindex site-wide layout,no,no,77,thin template,thin,features;use-cases;studio,yes,WebPage,
/pl/privacy,pl,exists,Privacy Policy — Vitrina AI Studio,"Privacy Policy: baseline Vitrina AI Studio trust page for the MVP, AI limitations, user responsibilities, and data deletion.",Privacy Policy,/pl/privacy,20-locale hreflang,noindex site-wide layout,no,no,77,thin template,thin,features;use-cases;studio,yes,WebPage,
/uk/privacy,uk,exists,Privacy Policy — Vitrina AI Studio,"Privacy Policy: baseline Vitrina AI Studio trust page for the MVP, AI limitations, user responsibilities, and data deletion.",Privacy Policy,/uk/privacy,20-locale hreflang,noindex site-wide layout,no,no,77,thin template,thin,features;use-cases;studio,yes,WebPage,
/hi/privacy,hi,exists,Privacy Policy — Vitrina AI Studio,"Privacy Policy: baseline Vitrina AI Studio trust page for the MVP, AI limitations, user responsibilities, and data deletion.",Privacy Policy,/hi/privacy,20-locale hreflang,noindex site-wide layout,no,no,77,thin template,thin,features;use-cases;studio,yes,WebPage,
/id/privacy,id,exists,Privacy Policy — Vitrina AI Studio,"Privacy Policy: baseline Vitrina AI Studio trust page for the MVP, AI limitations, user responsibilities, and data deletion.",Privacy Policy,/id/privacy,20-locale hreflang,noindex site-wide layout,no,no,77,thin template,thin,features;use-cases;studio,yes,WebPage,
/vi/privacy,vi,exists,Privacy Policy — Vitrina AI Studio,"Privacy Policy: baseline Vitrina AI Studio trust page for the MVP, AI limitations, user responsibilities, and data deletion.",Privacy Policy,/vi/privacy,20-locale hreflang,noindex site-wide layout,no,no,77,thin template,thin,features;use-cases;studio,yes,WebPage,
/zh/privacy,zh,exists,Privacy Policy — Vitrina AI Studio,"Privacy Policy: baseline Vitrina AI Studio trust page for the MVP, AI limitations, user responsibilities, and data deletion.",Privacy Policy,/zh/privacy,20-locale hreflang,noindex site-wide layout,no,no,77,thin template,thin,features;use-cases;studio,yes,WebPage,
/ru/terms,ru,exists,Terms of Use — Vitrina AI Studio,"Terms of Use: базовая страница доверия Vitrina AI Studio для MVP, AI-ограничений, пользовательских обязанностей и удаления данных.",Terms of Use,/ru/terms,20-locale hreflang,noindex site-wide layout,yes,yes,55,thin template,thin,features;use-cases;studio,yes,WebPage,
/en/terms,en,exists,Terms of Use — Vitrina AI Studio,"Terms of Use: baseline Vitrina AI Studio trust page for the MVP, AI limitations, user responsibilities, and data deletion.",Terms of Use,/en/terms,20-locale hreflang,noindex site-wide layout,yes,yes,60,thin template,thin,features;use-cases;studio,yes,WebPage,
/kk/terms,kk,exists,Terms of Use — Vitrina AI Studio,"Terms of Use: baseline Vitrina AI Studio trust page for the MVP, AI limitations, user responsibilities, and data deletion.",Terms of Use,/kk/terms,20-locale hreflang,noindex site-wide layout,no,no,60,thin template,thin,features;use-cases;studio,yes,WebPage,
/ky/terms,ky,exists,Terms of Use — Vitrina AI Studio,"Terms of Use: baseline Vitrina AI Studio trust page for the MVP, AI limitations, user responsibilities, and data deletion.",Terms of Use,/ky/terms,20-locale hreflang,noindex site-wide layout,no,no,60,thin template,thin,features;use-cases;studio,yes,WebPage,
/uz/terms,uz,exists,Terms of Use — Vitrina AI Studio,"Terms of Use: baseline Vitrina AI Studio trust page for the MVP, AI limitations, user responsibilities, and data deletion.",Terms of Use,/uz/terms,20-locale hreflang,noindex site-wide layout,no,no,60,thin template,thin,features;use-cases;studio,yes,WebPage,
/tg/terms,tg,exists,Terms of Use — Vitrina AI Studio,"Terms of Use: baseline Vitrina AI Studio trust page for the MVP, AI limitations, user responsibilities, and data deletion.",Terms of Use,/tg/terms,20-locale hreflang,noindex site-wide layout,no,no,60,thin template,thin,features;use-cases;studio,yes,WebPage,
/tr/terms,tr,exists,Terms of Use — Vitrina AI Studio,"Terms of Use: baseline Vitrina AI Studio trust page for the MVP, AI limitations, user responsibilities, and data deletion.",Terms of Use,/tr/terms,20-locale hreflang,noindex site-wide layout,no,no,60,thin template,thin,features;use-cases;studio,yes,WebPage,
/az/terms,az,exists,Terms of Use — Vitrina AI Studio,"Terms of Use: baseline Vitrina AI Studio trust page for the MVP, AI limitations, user responsibilities, and data deletion.",Terms of Use,/az/terms,20-locale hreflang,noindex site-wide layout,no,no,60,thin template,thin,features;use-cases;studio,yes,WebPage,
/ar/terms,ar,exists,Terms of Use — Vitrina AI Studio,"Terms of Use: baseline Vitrina AI Studio trust page for the MVP, AI limitations, user responsibilities, and data deletion.",Terms of Use,/ar/terms,20-locale hreflang,noindex site-wide layout,no,no,60,thin template,thin,features;use-cases;studio,yes,WebPage,
/es/terms,es,exists,Terms of Use — Vitrina AI Studio,"Terms of Use: baseline Vitrina AI Studio trust page for the MVP, AI limitations, user responsibilities, and data deletion.",Terms of Use,/es/terms,20-locale hreflang,noindex site-wide layout,no,no,60,thin template,thin,features;use-cases;studio,yes,WebPage,
/pt/terms,pt,exists,Terms of Use — Vitrina AI Studio,"Terms of Use: baseline Vitrina AI Studio trust page for the MVP, AI limitations, user responsibilities, and data deletion.",Terms of Use,/pt/terms,20-locale hreflang,noindex site-wide layout,no,no,60,thin template,thin,features;use-cases;studio,yes,WebPage,
/fr/terms,fr,exists,Terms of Use — Vitrina AI Studio,"Terms of Use: baseline Vitrina AI Studio trust page for the MVP, AI limitations, user responsibilities, and data deletion.",Terms of Use,/fr/terms,20-locale hreflang,noindex site-wide layout,no,no,60,thin template,thin,features;use-cases;studio,yes,WebPage,
/de/terms,de,exists,Terms of Use — Vitrina AI Studio,"Terms of Use: baseline Vitrina AI Studio trust page for the MVP, AI limitations, user responsibilities, and data deletion.",Terms of Use,/de/terms,20-locale hreflang,noindex site-wide layout,no,no,60,thin template,thin,features;use-cases;studio,yes,WebPage,
/it/terms,it,exists,Terms of Use — Vitrina AI Studio,"Terms of Use: baseline Vitrina AI Studio trust page for the MVP, AI limitations, user responsibilities, and data deletion.",Terms of Use,/it/terms,20-locale hreflang,noindex site-wide layout,no,no,60,thin template,thin,features;use-cases;studio,yes,WebPage,
/pl/terms,pl,exists,Terms of Use — Vitrina AI Studio,"Terms of Use: baseline Vitrina AI Studio trust page for the MVP, AI limitations, user responsibilities, and data deletion.",Terms of Use,/pl/terms,20-locale hreflang,noindex site-wide layout,no,no,60,thin template,thin,features;use-cases;studio,yes,WebPage,
/uk/terms,uk,exists,Terms of Use — Vitrina AI Studio,"Terms of Use: baseline Vitrina AI Studio trust page for the MVP, AI limitations, user responsibilities, and data deletion.",Terms of Use,/uk/terms,20-locale hreflang,noindex site-wide layout,no,no,60,thin template,thin,features;use-cases;studio,yes,WebPage,
/hi/terms,hi,exists,Terms of Use — Vitrina AI Studio,"Terms of Use: baseline Vitrina AI Studio trust page for the MVP, AI limitations, user responsibilities, and data deletion.",Terms of Use,/hi/terms,20-locale hreflang,noindex site-wide layout,no,no,60,thin template,thin,features;use-cases;studio,yes,WebPage,
/id/terms,id,exists,Terms of Use — Vitrina AI Studio,"Terms of Use: baseline Vitrina AI Studio trust page for the MVP, AI limitations, user responsibilities, and data deletion.",Terms of Use,/id/terms,20-locale hreflang,noindex site-wide layout,no,no,60,thin template,thin,features;use-cases;studio,yes,WebPage,
/vi/terms,vi,exists,Terms of Use — Vitrina AI Studio,"Terms of Use: baseline Vitrina AI Studio trust page for the MVP, AI limitations, user responsibilities, and data deletion.",Terms of Use,/vi/terms,20-locale hreflang,noindex site-wide layout,no,no,60,thin template,thin,features;use-cases;studio,yes,WebPage,
/zh/terms,zh,exists,Terms of Use — Vitrina AI Studio,"Terms of Use: baseline Vitrina AI Studio trust page for the MVP, AI limitations, user responsibilities, and data deletion.",Terms of Use,/zh/terms,20-locale hreflang,noindex site-wide layout,no,no,60,thin template,thin,features;use-cases;studio,yes,WebPage,
/ru/acceptable-use,ru,exists,Acceptable Use Policy — Vitrina AI Studio,"Acceptable Use Policy: базовая страница доверия Vitrina AI Studio для MVP, AI-ограничений, пользовательских обязанностей и удаления данных.",Acceptable Use Policy,/ru/acceptable-use,20-locale hreflang,noindex site-wide layout,yes,yes,44,thin template,thin,features;use-cases;studio,yes,WebPage,
/en/acceptable-use,en,exists,Acceptable Use Policy — Vitrina AI Studio,"Acceptable Use Policy: baseline Vitrina AI Studio trust page for the MVP, AI limitations, user responsibilities, and data deletion.",Acceptable Use Policy,/en/acceptable-use,20-locale hreflang,noindex site-wide layout,yes,yes,46,thin template,thin,features;use-cases;studio,yes,WebPage,
/kk/acceptable-use,kk,exists,Acceptable Use Policy — Vitrina AI Studio,"Acceptable Use Policy: baseline Vitrina AI Studio trust page for the MVP, AI limitations, user responsibilities, and data deletion.",Acceptable Use Policy,/kk/acceptable-use,20-locale hreflang,noindex site-wide layout,no,no,46,thin template,thin,features;use-cases;studio,yes,WebPage,
/ky/acceptable-use,ky,exists,Acceptable Use Policy — Vitrina AI Studio,"Acceptable Use Policy: baseline Vitrina AI Studio trust page for the MVP, AI limitations, user responsibilities, and data deletion.",Acceptable Use Policy,/ky/acceptable-use,20-locale hreflang,noindex site-wide layout,no,no,46,thin template,thin,features;use-cases;studio,yes,WebPage,
/uz/acceptable-use,uz,exists,Acceptable Use Policy — Vitrina AI Studio,"Acceptable Use Policy: baseline Vitrina AI Studio trust page for the MVP, AI limitations, user responsibilities, and data deletion.",Acceptable Use Policy,/uz/acceptable-use,20-locale hreflang,noindex site-wide layout,no,no,46,thin template,thin,features;use-cases;studio,yes,WebPage,
/tg/acceptable-use,tg,exists,Acceptable Use Policy — Vitrina AI Studio,"Acceptable Use Policy: baseline Vitrina AI Studio trust page for the MVP, AI limitations, user responsibilities, and data deletion.",Acceptable Use Policy,/tg/acceptable-use,20-locale hreflang,noindex site-wide layout,no,no,46,thin template,thin,features;use-cases;studio,yes,WebPage,
/tr/acceptable-use,tr,exists,Acceptable Use Policy — Vitrina AI Studio,"Acceptable Use Policy: baseline Vitrina AI Studio trust page for the MVP, AI limitations, user responsibilities, and data deletion.",Acceptable Use Policy,/tr/acceptable-use,20-locale hreflang,noindex site-wide layout,no,no,46,thin template,thin,features;use-cases;studio,yes,WebPage,
/az/acceptable-use,az,exists,Acceptable Use Policy — Vitrina AI Studio,"Acceptable Use Policy: baseline Vitrina AI Studio trust page for the MVP, AI limitations, user responsibilities, and data deletion.",Acceptable Use Policy,/az/acceptable-use,20-locale hreflang,noindex site-wide layout,no,no,46,thin template,thin,features;use-cases;studio,yes,WebPage,
/ar/acceptable-use,ar,exists,Acceptable Use Policy — Vitrina AI Studio,"Acceptable Use Policy: baseline Vitrina AI Studio trust page for the MVP, AI limitations, user responsibilities, and data deletion.",Acceptable Use Policy,/ar/acceptable-use,20-locale hreflang,noindex site-wide layout,no,no,46,thin template,thin,features;use-cases;studio,yes,WebPage,
/es/acceptable-use,es,exists,Acceptable Use Policy — Vitrina AI Studio,"Acceptable Use Policy: baseline Vitrina AI Studio trust page for the MVP, AI limitations, user responsibilities, and data deletion.",Acceptable Use Policy,/es/acceptable-use,20-locale hreflang,noindex site-wide layout,no,no,46,thin template,thin,features;use-cases;studio,yes,WebPage,
/pt/acceptable-use,pt,exists,Acceptable Use Policy — Vitrina AI Studio,"Acceptable Use Policy: baseline Vitrina AI Studio trust page for the MVP, AI limitations, user responsibilities, and data deletion.",Acceptable Use Policy,/pt/acceptable-use,20-locale hreflang,noindex site-wide layout,no,no,46,thin template,thin,features;use-cases;studio,yes,WebPage,
/fr/acceptable-use,fr,exists,Acceptable Use Policy — Vitrina AI Studio,"Acceptable Use Policy: baseline Vitrina AI Studio trust page for the MVP, AI limitations, user responsibilities, and data deletion.",Acceptable Use Policy,/fr/acceptable-use,20-locale hreflang,noindex site-wide layout,no,no,46,thin template,thin,features;use-cases;studio,yes,WebPage,
/de/acceptable-use,de,exists,Acceptable Use Policy — Vitrina AI Studio,"Acceptable Use Policy: baseline Vitrina AI Studio trust page for the MVP, AI limitations, user responsibilities, and data deletion.",Acceptable Use Policy,/de/acceptable-use,20-locale hreflang,noindex site-wide layout,no,no,46,thin template,thin,features;use-cases;studio,yes,WebPage,
/it/acceptable-use,it,exists,Acceptable Use Policy — Vitrina AI Studio,"Acceptable Use Policy: baseline Vitrina AI Studio trust page for the MVP, AI limitations, user responsibilities, and data deletion.",Acceptable Use Policy,/it/acceptable-use,20-locale hreflang,noindex site-wide layout,no,no,46,thin template,thin,features;use-cases;studio,yes,WebPage,
/pl/acceptable-use,pl,exists,Acceptable Use Policy — Vitrina AI Studio,"Acceptable Use Policy: baseline Vitrina AI Studio trust page for the MVP, AI limitations, user responsibilities, and data deletion.",Acceptable Use Policy,/pl/acceptable-use,20-locale hreflang,noindex site-wide layout,no,no,46,thin template,thin,features;use-cases;studio,yes,WebPage,
/uk/acceptable-use,uk,exists,Acceptable Use Policy — Vitrina AI Studio,"Acceptable Use Policy: baseline Vitrina AI Studio trust page for the MVP, AI limitations, user responsibilities, and data deletion.",Acceptable Use Policy,/uk/acceptable-use,20-locale hreflang,noindex site-wide layout,no,no,46,thin template,thin,features;use-cases;studio,yes,WebPage,
/hi/acceptable-use,hi,exists,Acceptable Use Policy — Vitrina AI Studio,"Acceptable Use Policy: baseline Vitrina AI Studio trust page for the MVP, AI limitations, user responsibilities, and data deletion.",Acceptable Use Policy,/hi/acceptable-use,20-locale hreflang,noindex site-wide layout,no,no,46,thin template,thin,features;use-cases;studio,yes,WebPage,
/id/acceptable-use,id,exists,Acceptable Use Policy — Vitrina AI Studio,"Acceptable Use Policy: baseline Vitrina AI Studio trust page for the MVP, AI limitations, user responsibilities, and data deletion.",Acceptable Use Policy,/id/acceptable-use,20-locale hreflang,noindex site-wide layout,no,no,46,thin template,thin,features;use-cases;studio,yes,WebPage,
/vi/acceptable-use,vi,exists,Acceptable Use Policy — Vitrina AI Studio,"Acceptable Use Policy: baseline Vitrina AI Studio trust page for the MVP, AI limitations, user responsibilities, and data deletion.",Acceptable Use Policy,/vi/acceptable-use,20-locale hreflang,noindex site-wide layout,no,no,46,thin template,thin,features;use-cases;studio,yes,WebPage,
/zh/acceptable-use,zh,exists,Acceptable Use Policy — Vitrina AI Studio,"Acceptable Use Policy: baseline Vitrina AI Studio trust page for the MVP, AI limitations, user responsibilities, and data deletion.",Acceptable Use Policy,/zh/acceptable-use,20-locale hreflang,noindex site-wide layout,no,no,46,thin template,thin,features;use-cases;studio,yes,WebPage,
/ru/data-deletion,ru,exists,Data Deletion — Vitrina AI Studio,"Data Deletion: базовая страница доверия Vitrina AI Studio для MVP, AI-ограничений, пользовательских обязанностей и удаления данных.",Data Deletion,/ru/data-deletion,20-locale hreflang,noindex site-wide layout,yes,yes,45,thin template,thin,features;use-cases;studio,yes,WebPage,
/en/data-deletion,en,exists,Data Deletion — Vitrina AI Studio,"Data Deletion: baseline Vitrina AI Studio trust page for the MVP, AI limitations, user responsibilities, and data deletion.",Data Deletion,/en/data-deletion,20-locale hreflang,noindex site-wide layout,yes,yes,51,thin template,thin,features;use-cases;studio,yes,WebPage,
/kk/data-deletion,kk,exists,Data Deletion — Vitrina AI Studio,"Data Deletion: baseline Vitrina AI Studio trust page for the MVP, AI limitations, user responsibilities, and data deletion.",Data Deletion,/kk/data-deletion,20-locale hreflang,noindex site-wide layout,no,no,51,thin template,thin,features;use-cases;studio,yes,WebPage,
/ky/data-deletion,ky,exists,Data Deletion — Vitrina AI Studio,"Data Deletion: baseline Vitrina AI Studio trust page for the MVP, AI limitations, user responsibilities, and data deletion.",Data Deletion,/ky/data-deletion,20-locale hreflang,noindex site-wide layout,no,no,51,thin template,thin,features;use-cases;studio,yes,WebPage,
/uz/data-deletion,uz,exists,Data Deletion — Vitrina AI Studio,"Data Deletion: baseline Vitrina AI Studio trust page for the MVP, AI limitations, user responsibilities, and data deletion.",Data Deletion,/uz/data-deletion,20-locale hreflang,noindex site-wide layout,no,no,51,thin template,thin,features;use-cases;studio,yes,WebPage,
/tg/data-deletion,tg,exists,Data Deletion — Vitrina AI Studio,"Data Deletion: baseline Vitrina AI Studio trust page for the MVP, AI limitations, user responsibilities, and data deletion.",Data Deletion,/tg/data-deletion,20-locale hreflang,noindex site-wide layout,no,no,51,thin template,thin,features;use-cases;studio,yes,WebPage,
/tr/data-deletion,tr,exists,Data Deletion — Vitrina AI Studio,"Data Deletion: baseline Vitrina AI Studio trust page for the MVP, AI limitations, user responsibilities, and data deletion.",Data Deletion,/tr/data-deletion,20-locale hreflang,noindex site-wide layout,no,no,51,thin template,thin,features;use-cases;studio,yes,WebPage,
/az/data-deletion,az,exists,Data Deletion — Vitrina AI Studio,"Data Deletion: baseline Vitrina AI Studio trust page for the MVP, AI limitations, user responsibilities, and data deletion.",Data Deletion,/az/data-deletion,20-locale hreflang,noindex site-wide layout,no,no,51,thin template,thin,features;use-cases;studio,yes,WebPage,
/ar/data-deletion,ar,exists,Data Deletion — Vitrina AI Studio,"Data Deletion: baseline Vitrina AI Studio trust page for the MVP, AI limitations, user responsibilities, and data deletion.",Data Deletion,/ar/data-deletion,20-locale hreflang,noindex site-wide layout,no,no,51,thin template,thin,features;use-cases;studio,yes,WebPage,
/es/data-deletion,es,exists,Data Deletion — Vitrina AI Studio,"Data Deletion: baseline Vitrina AI Studio trust page for the MVP, AI limitations, user responsibilities, and data deletion.",Data Deletion,/es/data-deletion,20-locale hreflang,noindex site-wide layout,no,no,51,thin template,thin,features;use-cases;studio,yes,WebPage,
/pt/data-deletion,pt,exists,Data Deletion — Vitrina AI Studio,"Data Deletion: baseline Vitrina AI Studio trust page for the MVP, AI limitations, user responsibilities, and data deletion.",Data Deletion,/pt/data-deletion,20-locale hreflang,noindex site-wide layout,no,no,51,thin template,thin,features;use-cases;studio,yes,WebPage,
/fr/data-deletion,fr,exists,Data Deletion — Vitrina AI Studio,"Data Deletion: baseline Vitrina AI Studio trust page for the MVP, AI limitations, user responsibilities, and data deletion.",Data Deletion,/fr/data-deletion,20-locale hreflang,noindex site-wide layout,no,no,51,thin template,thin,features;use-cases;studio,yes,WebPage,
/de/data-deletion,de,exists,Data Deletion — Vitrina AI Studio,"Data Deletion: baseline Vitrina AI Studio trust page for the MVP, AI limitations, user responsibilities, and data deletion.",Data Deletion,/de/data-deletion,20-locale hreflang,noindex site-wide layout,no,no,51,thin template,thin,features;use-cases;studio,yes,WebPage,
/it/data-deletion,it,exists,Data Deletion — Vitrina AI Studio,"Data Deletion: baseline Vitrina AI Studio trust page for the MVP, AI limitations, user responsibilities, and data deletion.",Data Deletion,/it/data-deletion,20-locale hreflang,noindex site-wide layout,no,no,51,thin template,thin,features;use-cases;studio,yes,WebPage,
/pl/data-deletion,pl,exists,Data Deletion — Vitrina AI Studio,"Data Deletion: baseline Vitrina AI Studio trust page for the MVP, AI limitations, user responsibilities, and data deletion.",Data Deletion,/pl/data-deletion,20-locale hreflang,noindex site-wide layout,no,no,51,thin template,thin,features;use-cases;studio,yes,WebPage,
/uk/data-deletion,uk,exists,Data Deletion — Vitrina AI Studio,"Data Deletion: baseline Vitrina AI Studio trust page for the MVP, AI limitations, user responsibilities, and data deletion.",Data Deletion,/uk/data-deletion,20-locale hreflang,noindex site-wide layout,no,no,51,thin template,thin,features;use-cases;studio,yes,WebPage,
/hi/data-deletion,hi,exists,Data Deletion — Vitrina AI Studio,"Data Deletion: baseline Vitrina AI Studio trust page for the MVP, AI limitations, user responsibilities, and data deletion.",Data Deletion,/hi/data-deletion,20-locale hreflang,noindex site-wide layout,no,no,51,thin template,thin,features;use-cases;studio,yes,WebPage,
/id/data-deletion,id,exists,Data Deletion — Vitrina AI Studio,"Data Deletion: baseline Vitrina AI Studio trust page for the MVP, AI limitations, user responsibilities, and data deletion.",Data Deletion,/id/data-deletion,20-locale hreflang,noindex site-wide layout,no,no,51,thin template,thin,features;use-cases;studio,yes,WebPage,
/vi/data-deletion,vi,exists,Data Deletion — Vitrina AI Studio,"Data Deletion: baseline Vitrina AI Studio trust page for the MVP, AI limitations, user responsibilities, and data deletion.",Data Deletion,/vi/data-deletion,20-locale hreflang,noindex site-wide layout,no,no,51,thin template,thin,features;use-cases;studio,yes,WebPage,
/zh/data-deletion,zh,exists,Data Deletion — Vitrina AI Studio,"Data Deletion: baseline Vitrina AI Studio trust page for the MVP, AI limitations, user responsibilities, and data deletion.",Data Deletion,/zh/data-deletion,20-locale hreflang,noindex site-wide layout,no,no,51,thin template,thin,features;use-cases;studio,yes,WebPage,
/ru/cost,ru,missing,,,,,n/a,n/a,no,no,0,n/a,missing,,no,n/a,routeSlugs cost slug without page data
/en/cost,en,missing,,,,,n/a,n/a,no,no,0,n/a,missing,,no,n/a,routeSlugs cost slug without page data
/kk/cost,kk,missing,,,,,n/a,n/a,no,no,0,n/a,missing,,no,n/a,routeSlugs cost slug without page data
/ky/cost,ky,missing,,,,,n/a,n/a,no,no,0,n/a,missing,,no,n/a,routeSlugs cost slug without page data
/uz/cost,uz,missing,,,,,n/a,n/a,no,no,0,n/a,missing,,no,n/a,routeSlugs cost slug without page data
/tg/cost,tg,missing,,,,,n/a,n/a,no,no,0,n/a,missing,,no,n/a,routeSlugs cost slug without page data
/tr/cost,tr,missing,,,,,n/a,n/a,no,no,0,n/a,missing,,no,n/a,routeSlugs cost slug without page data
/az/cost,az,missing,,,,,n/a,n/a,no,no,0,n/a,missing,,no,n/a,routeSlugs cost slug without page data
/ar/cost,ar,missing,,,,,n/a,n/a,no,no,0,n/a,missing,,no,n/a,routeSlugs cost slug without page data
/es/cost,es,missing,,,,,n/a,n/a,no,no,0,n/a,missing,,no,n/a,routeSlugs cost slug without page data
/pt/cost,pt,missing,,,,,n/a,n/a,no,no,0,n/a,missing,,no,n/a,routeSlugs cost slug without page data
/fr/cost,fr,missing,,,,,n/a,n/a,no,no,0,n/a,missing,,no,n/a,routeSlugs cost slug without page data
/de/cost,de,missing,,,,,n/a,n/a,no,no,0,n/a,missing,,no,n/a,routeSlugs cost slug without page data
/it/cost,it,missing,,,,,n/a,n/a,no,no,0,n/a,missing,,no,n/a,routeSlugs cost slug without page data
/pl/cost,pl,missing,,,,,n/a,n/a,no,no,0,n/a,missing,,no,n/a,routeSlugs cost slug without page data
/uk/cost,uk,missing,,,,,n/a,n/a,no,no,0,n/a,missing,,no,n/a,routeSlugs cost slug without page data
/hi/cost,hi,missing,,,,,n/a,n/a,no,no,0,n/a,missing,,no,n/a,routeSlugs cost slug without page data
/id/cost,id,missing,,,,,n/a,n/a,no,no,0,n/a,missing,,no,n/a,routeSlugs cost slug without page data
/vi/cost,vi,missing,,,,,n/a,n/a,no,no,0,n/a,missing,,no,n/a,routeSlugs cost slug without page data
/zh/cost,zh,missing,,,,,n/a,n/a,no,no,0,n/a,missing,,no,n/a,routeSlugs cost slug without page data
/ru/platforms/kaspi-foto-tovarov,ru,exists,Фото товаров для Kaspi — Vitrina AI Studio,"Как подготовить изображения товаров для Kaspi: фон, точность карточки, видео, ограничения AI и ручная проверка перед публикацией.",Фото товаров для Kaspi,/ru/platforms/kaspi-foto-tovarov,20-locale hreflang,noindex site-wide layout,yes,yes,151,good template,thin,use-cases;features;studio,yes,WebPage;FAQPage,
/en/platforms/kaspi-product-photos,en,exists,Product photos for Kaspi — Vitrina AI Studio,"Prepare product images for Kaspi: clean backgrounds, exact product cards, AI limitations, and manual quality checks before publishing.",Product photos for Kaspi,/en/platforms/kaspi-product-photos,20-locale hreflang,noindex site-wide layout,yes,yes,167,good template,thin,use-cases;features;studio,yes,WebPage;FAQPage,
/kk/platforms/kaspi-product-photos,kk,exists,Product photos for Kaspi — Vitrina AI Studio,"Prepare product images for Kaspi: clean backgrounds, exact product cards, AI limitations, and manual quality checks before publishing.",Product photos for Kaspi,/kk/platforms/kaspi-product-photos,20-locale hreflang,noindex site-wide layout,no,no,167,EN duplicate,thin,use-cases;features;studio,yes,WebPage;FAQPage,
/ky/platforms/kaspi-product-photos,ky,exists,Product photos for Kaspi — Vitrina AI Studio,"Prepare product images for Kaspi: clean backgrounds, exact product cards, AI limitations, and manual quality checks before publishing.",Product photos for Kaspi,/ky/platforms/kaspi-product-photos,20-locale hreflang,noindex site-wide layout,no,no,167,EN duplicate,thin,use-cases;features;studio,yes,WebPage;FAQPage,
/uz/platforms/kaspi-product-photos,uz,exists,Product photos for Kaspi — Vitrina AI Studio,"Prepare product images for Kaspi: clean backgrounds, exact product cards, AI limitations, and manual quality checks before publishing.",Product photos for Kaspi,/uz/platforms/kaspi-product-photos,20-locale hreflang,noindex site-wide layout,no,no,167,EN duplicate,thin,use-cases;features;studio,yes,WebPage;FAQPage,
/tg/platforms/kaspi-product-photos,tg,exists,Product photos for Kaspi — Vitrina AI Studio,"Prepare product images for Kaspi: clean backgrounds, exact product cards, AI limitations, and manual quality checks before publishing.",Product photos for Kaspi,/tg/platforms/kaspi-product-photos,20-locale hreflang,noindex site-wide layout,no,no,167,EN duplicate,thin,use-cases;features;studio,yes,WebPage;FAQPage,
/tr/platforms/kaspi-product-photos,tr,exists,Product photos for Kaspi — Vitrina AI Studio,"Prepare product images for Kaspi: clean backgrounds, exact product cards, AI limitations, and manual quality checks before publishing.",Product photos for Kaspi,/tr/platforms/kaspi-product-photos,20-locale hreflang,noindex site-wide layout,no,no,167,EN duplicate,thin,use-cases;features;studio,yes,WebPage;FAQPage,
/az/platforms/kaspi-product-photos,az,exists,Product photos for Kaspi — Vitrina AI Studio,"Prepare product images for Kaspi: clean backgrounds, exact product cards, AI limitations, and manual quality checks before publishing.",Product photos for Kaspi,/az/platforms/kaspi-product-photos,20-locale hreflang,noindex site-wide layout,no,no,167,EN duplicate,thin,use-cases;features;studio,yes,WebPage;FAQPage,
/ar/platforms/kaspi-product-photos,ar,exists,Product photos for Kaspi — Vitrina AI Studio,"Prepare product images for Kaspi: clean backgrounds, exact product cards, AI limitations, and manual quality checks before publishing.",Product photos for Kaspi,/ar/platforms/kaspi-product-photos,20-locale hreflang,noindex site-wide layout,no,no,167,EN duplicate,thin,use-cases;features;studio,yes,WebPage;FAQPage,
/es/platforms/kaspi-product-photos,es,exists,Product photos for Kaspi — Vitrina AI Studio,"Prepare product images for Kaspi: clean backgrounds, exact product cards, AI limitations, and manual quality checks before publishing.",Product photos for Kaspi,/es/platforms/kaspi-product-photos,20-locale hreflang,noindex site-wide layout,no,no,167,EN duplicate,thin,use-cases;features;studio,yes,WebPage;FAQPage,
/pt/platforms/kaspi-product-photos,pt,exists,Product photos for Kaspi — Vitrina AI Studio,"Prepare product images for Kaspi: clean backgrounds, exact product cards, AI limitations, and manual quality checks before publishing.",Product photos for Kaspi,/pt/platforms/kaspi-product-photos,20-locale hreflang,noindex site-wide layout,no,no,167,EN duplicate,thin,use-cases;features;studio,yes,WebPage;FAQPage,
/fr/platforms/kaspi-product-photos,fr,exists,Product photos for Kaspi — Vitrina AI Studio,"Prepare product images for Kaspi: clean backgrounds, exact product cards, AI limitations, and manual quality checks before publishing.",Product photos for Kaspi,/fr/platforms/kaspi-product-photos,20-locale hreflang,noindex site-wide layout,no,no,167,EN duplicate,thin,use-cases;features;studio,yes,WebPage;FAQPage,
/de/platforms/kaspi-product-photos,de,exists,Product photos for Kaspi — Vitrina AI Studio,"Prepare product images for Kaspi: clean backgrounds, exact product cards, AI limitations, and manual quality checks before publishing.",Product photos for Kaspi,/de/platforms/kaspi-product-photos,20-locale hreflang,noindex site-wide layout,no,no,167,EN duplicate,thin,use-cases;features;studio,yes,WebPage;FAQPage,
/it/platforms/kaspi-product-photos,it,exists,Product photos for Kaspi — Vitrina AI Studio,"Prepare product images for Kaspi: clean backgrounds, exact product cards, AI limitations, and manual quality checks before publishing.",Product photos for Kaspi,/it/platforms/kaspi-product-photos,20-locale hreflang,noindex site-wide layout,no,no,167,EN duplicate,thin,use-cases;features;studio,yes,WebPage;FAQPage,
/pl/platforms/kaspi-product-photos,pl,exists,Product photos for Kaspi — Vitrina AI Studio,"Prepare product images for Kaspi: clean backgrounds, exact product cards, AI limitations, and manual quality checks before publishing.",Product photos for Kaspi,/pl/platforms/kaspi-product-photos,20-locale hreflang,noindex site-wide layout,no,no,167,EN duplicate,thin,use-cases;features;studio,yes,WebPage;FAQPage,
/uk/platforms/kaspi-product-photos,uk,exists,Product photos for Kaspi — Vitrina AI Studio,"Prepare product images for Kaspi: clean backgrounds, exact product cards, AI limitations, and manual quality checks before publishing.",Product photos for Kaspi,/uk/platforms/kaspi-product-photos,20-locale hreflang,noindex site-wide layout,no,no,167,EN duplicate,thin,use-cases;features;studio,yes,WebPage;FAQPage,
/hi/platforms/kaspi-product-photos,hi,exists,Product photos for Kaspi — Vitrina AI Studio,"Prepare product images for Kaspi: clean backgrounds, exact product cards, AI limitations, and manual quality checks before publishing.",Product photos for Kaspi,/hi/platforms/kaspi-product-photos,20-locale hreflang,noindex site-wide layout,no,no,167,EN duplicate,thin,use-cases;features;studio,yes,WebPage;FAQPage,
/id/platforms/kaspi-product-photos,id,exists,Product photos for Kaspi — Vitrina AI Studio,"Prepare product images for Kaspi: clean backgrounds, exact product cards, AI limitations, and manual quality checks before publishing.",Product photos for Kaspi,/id/platforms/kaspi-product-photos,20-locale hreflang,noindex site-wide layout,no,no,167,EN duplicate,thin,use-cases;features;studio,yes,WebPage;FAQPage,
/vi/platforms/kaspi-product-photos,vi,exists,Product photos for Kaspi — Vitrina AI Studio,"Prepare product images for Kaspi: clean backgrounds, exact product cards, AI limitations, and manual quality checks before publishing.",Product photos for Kaspi,/vi/platforms/kaspi-product-photos,20-locale hreflang,noindex site-wide layout,no,no,167,EN duplicate,thin,use-cases;features;studio,yes,WebPage;FAQPage,
/zh/platforms/kaspi-product-photos,zh,exists,Product photos for Kaspi — Vitrina AI Studio,"Prepare product images for Kaspi: clean backgrounds, exact product cards, AI limitations, and manual quality checks before publishing.",Product photos for Kaspi,/zh/platforms/kaspi-product-photos,20-locale hreflang,noindex site-wide layout,no,no,167,EN duplicate,thin,use-cases;features;studio,yes,WebPage;FAQPage,
/ru/platforms/wildberries-foto-tovarov,ru,exists,Фото товаров для Wildberries — Vitrina AI Studio,"Как подготовить изображения товаров для Wildberries: фон, точность карточки, видео, ограничения AI и ручная проверка перед публикацией.",Фото товаров для Wildberries,/ru/platforms/wildberries-foto-tovarov,20-locale hreflang,noindex site-wide layout,yes,yes,151,good template,thin,use-cases;features;studio,yes,WebPage;FAQPage,
/en/platforms/wildberries-product-photos,en,exists,Product photos for Wildberries — Vitrina AI Studio,"Prepare product images for Wildberries: clean backgrounds, exact product cards, AI limitations, and manual quality checks before publishing.",Product photos for Wildberries,/en/platforms/wildberries-product-photos,20-locale hreflang,noindex site-wide layout,yes,yes,167,good template,thin,use-cases;features;studio,yes,WebPage;FAQPage,
/kk/platforms/wildberries-product-photos,kk,exists,Product photos for Wildberries — Vitrina AI Studio,"Prepare product images for Wildberries: clean backgrounds, exact product cards, AI limitations, and manual quality checks before publishing.",Product photos for Wildberries,/kk/platforms/wildberries-product-photos,20-locale hreflang,noindex site-wide layout,no,no,167,EN duplicate,thin,use-cases;features;studio,yes,WebPage;FAQPage,
/ky/platforms/wildberries-product-photos,ky,exists,Product photos for Wildberries — Vitrina AI Studio,"Prepare product images for Wildberries: clean backgrounds, exact product cards, AI limitations, and manual quality checks before publishing.",Product photos for Wildberries,/ky/platforms/wildberries-product-photos,20-locale hreflang,noindex site-wide layout,no,no,167,EN duplicate,thin,use-cases;features;studio,yes,WebPage;FAQPage,
/uz/platforms/wildberries-product-photos,uz,exists,Product photos for Wildberries — Vitrina AI Studio,"Prepare product images for Wildberries: clean backgrounds, exact product cards, AI limitations, and manual quality checks before publishing.",Product photos for Wildberries,/uz/platforms/wildberries-product-photos,20-locale hreflang,noindex site-wide layout,no,no,167,EN duplicate,thin,use-cases;features;studio,yes,WebPage;FAQPage,
/tg/platforms/wildberries-product-photos,tg,exists,Product photos for Wildberries — Vitrina AI Studio,"Prepare product images for Wildberries: clean backgrounds, exact product cards, AI limitations, and manual quality checks before publishing.",Product photos for Wildberries,/tg/platforms/wildberries-product-photos,20-locale hreflang,noindex site-wide layout,no,no,167,EN duplicate,thin,use-cases;features;studio,yes,WebPage;FAQPage,
/tr/platforms/wildberries-product-photos,tr,exists,Product photos for Wildberries — Vitrina AI Studio,"Prepare product images for Wildberries: clean backgrounds, exact product cards, AI limitations, and manual quality checks before publishing.",Product photos for Wildberries,/tr/platforms/wildberries-product-photos,20-locale hreflang,noindex site-wide layout,no,no,167,EN duplicate,thin,use-cases;features;studio,yes,WebPage;FAQPage,
/az/platforms/wildberries-product-photos,az,exists,Product photos for Wildberries — Vitrina AI Studio,"Prepare product images for Wildberries: clean backgrounds, exact product cards, AI limitations, and manual quality checks before publishing.",Product photos for Wildberries,/az/platforms/wildberries-product-photos,20-locale hreflang,noindex site-wide layout,no,no,167,EN duplicate,thin,use-cases;features;studio,yes,WebPage;FAQPage,
/ar/platforms/wildberries-product-photos,ar,exists,Product photos for Wildberries — Vitrina AI Studio,"Prepare product images for Wildberries: clean backgrounds, exact product cards, AI limitations, and manual quality checks before publishing.",Product photos for Wildberries,/ar/platforms/wildberries-product-photos,20-locale hreflang,noindex site-wide layout,no,no,167,EN duplicate,thin,use-cases;features;studio,yes,WebPage;FAQPage,
/es/platforms/wildberries-product-photos,es,exists,Product photos for Wildberries — Vitrina AI Studio,"Prepare product images for Wildberries: clean backgrounds, exact product cards, AI limitations, and manual quality checks before publishing.",Product photos for Wildberries,/es/platforms/wildberries-product-photos,20-locale hreflang,noindex site-wide layout,no,no,167,EN duplicate,thin,use-cases;features;studio,yes,WebPage;FAQPage,
/pt/platforms/wildberries-product-photos,pt,exists,Product photos for Wildberries — Vitrina AI Studio,"Prepare product images for Wildberries: clean backgrounds, exact product cards, AI limitations, and manual quality checks before publishing.",Product photos for Wildberries,/pt/platforms/wildberries-product-photos,20-locale hreflang,noindex site-wide layout,no,no,167,EN duplicate,thin,use-cases;features;studio,yes,WebPage;FAQPage,
/fr/platforms/wildberries-product-photos,fr,exists,Product photos for Wildberries — Vitrina AI Studio,"Prepare product images for Wildberries: clean backgrounds, exact product cards, AI limitations, and manual quality checks before publishing.",Product photos for Wildberries,/fr/platforms/wildberries-product-photos,20-locale hreflang,noindex site-wide layout,no,no,167,EN duplicate,thin,use-cases;features;studio,yes,WebPage;FAQPage,
/de/platforms/wildberries-product-photos,de,exists,Product photos for Wildberries — Vitrina AI Studio,"Prepare product images for Wildberries: clean backgrounds, exact product cards, AI limitations, and manual quality checks before publishing.",Product photos for Wildberries,/de/platforms/wildberries-product-photos,20-locale hreflang,noindex site-wide layout,no,no,167,EN duplicate,thin,use-cases;features;studio,yes,WebPage;FAQPage,
/it/platforms/wildberries-product-photos,it,exists,Product photos for Wildberries — Vitrina AI Studio,"Prepare product images for Wildberries: clean backgrounds, exact product cards, AI limitations, and manual quality checks before publishing.",Product photos for Wildberries,/it/platforms/wildberries-product-photos,20-locale hreflang,noindex site-wide layout,no,no,167,EN duplicate,thin,use-cases;features;studio,yes,WebPage;FAQPage,
/pl/platforms/wildberries-product-photos,pl,exists,Product photos for Wildberries — Vitrina AI Studio,"Prepare product images for Wildberries: clean backgrounds, exact product cards, AI limitations, and manual quality checks before publishing.",Product photos for Wildberries,/pl/platforms/wildberries-product-photos,20-locale hreflang,noindex site-wide layout,no,no,167,EN duplicate,thin,use-cases;features;studio,yes,WebPage;FAQPage,
/uk/platforms/wildberries-product-photos,uk,exists,Product photos for Wildberries — Vitrina AI Studio,"Prepare product images for Wildberries: clean backgrounds, exact product cards, AI limitations, and manual quality checks before publishing.",Product photos for Wildberries,/uk/platforms/wildberries-product-photos,20-locale hreflang,noindex site-wide layout,no,no,167,EN duplicate,thin,use-cases;features;studio,yes,WebPage;FAQPage,
/hi/platforms/wildberries-product-photos,hi,exists,Product photos for Wildberries — Vitrina AI Studio,"Prepare product images for Wildberries: clean backgrounds, exact product cards, AI limitations, and manual quality checks before publishing.",Product photos for Wildberries,/hi/platforms/wildberries-product-photos,20-locale hreflang,noindex site-wide layout,no,no,167,EN duplicate,thin,use-cases;features;studio,yes,WebPage;FAQPage,
/id/platforms/wildberries-product-photos,id,exists,Product photos for Wildberries — Vitrina AI Studio,"Prepare product images for Wildberries: clean backgrounds, exact product cards, AI limitations, and manual quality checks before publishing.",Product photos for Wildberries,/id/platforms/wildberries-product-photos,20-locale hreflang,noindex site-wide layout,no,no,167,EN duplicate,thin,use-cases;features;studio,yes,WebPage;FAQPage,
/vi/platforms/wildberries-product-photos,vi,exists,Product photos for Wildberries — Vitrina AI Studio,"Prepare product images for Wildberries: clean backgrounds, exact product cards, AI limitations, and manual quality checks before publishing.",Product photos for Wildberries,/vi/platforms/wildberries-product-photos,20-locale hreflang,noindex site-wide layout,no,no,167,EN duplicate,thin,use-cases;features;studio,yes,WebPage;FAQPage,
/zh/platforms/wildberries-product-photos,zh,exists,Product photos for Wildberries — Vitrina AI Studio,"Prepare product images for Wildberries: clean backgrounds, exact product cards, AI limitations, and manual quality checks before publishing.",Product photos for Wildberries,/zh/platforms/wildberries-product-photos,20-locale hreflang,noindex site-wide layout,no,no,167,EN duplicate,thin,use-cases;features;studio,yes,WebPage;FAQPage,
/ru/platforms/ozon-foto-tovarov,ru,exists,Фото товаров для Ozon — Vitrina AI Studio,"Как подготовить изображения товаров для Ozon: фон, точность карточки, видео, ограничения AI и ручная проверка перед публикацией.",Фото товаров для Ozon,/ru/platforms/ozon-foto-tovarov,20-locale hreflang,noindex site-wide layout,yes,yes,151,good template,thin,use-cases;features;studio,yes,WebPage;FAQPage,
/en/platforms/ozon-product-photos,en,exists,Product photos for Ozon — Vitrina AI Studio,"Prepare product images for Ozon: clean backgrounds, exact product cards, AI limitations, and manual quality checks before publishing.",Product photos for Ozon,/en/platforms/ozon-product-photos,20-locale hreflang,noindex site-wide layout,yes,yes,167,good template,thin,use-cases;features;studio,yes,WebPage;FAQPage,
/kk/platforms/ozon-product-photos,kk,exists,Product photos for Ozon — Vitrina AI Studio,"Prepare product images for Ozon: clean backgrounds, exact product cards, AI limitations, and manual quality checks before publishing.",Product photos for Ozon,/kk/platforms/ozon-product-photos,20-locale hreflang,noindex site-wide layout,no,no,167,EN duplicate,thin,use-cases;features;studio,yes,WebPage;FAQPage,
/ky/platforms/ozon-product-photos,ky,exists,Product photos for Ozon — Vitrina AI Studio,"Prepare product images for Ozon: clean backgrounds, exact product cards, AI limitations, and manual quality checks before publishing.",Product photos for Ozon,/ky/platforms/ozon-product-photos,20-locale hreflang,noindex site-wide layout,no,no,167,EN duplicate,thin,use-cases;features;studio,yes,WebPage;FAQPage,
/uz/platforms/ozon-product-photos,uz,exists,Product photos for Ozon — Vitrina AI Studio,"Prepare product images for Ozon: clean backgrounds, exact product cards, AI limitations, and manual quality checks before publishing.",Product photos for Ozon,/uz/platforms/ozon-product-photos,20-locale hreflang,noindex site-wide layout,no,no,167,EN duplicate,thin,use-cases;features;studio,yes,WebPage;FAQPage,
/tg/platforms/ozon-product-photos,tg,exists,Product photos for Ozon — Vitrina AI Studio,"Prepare product images for Ozon: clean backgrounds, exact product cards, AI limitations, and manual quality checks before publishing.",Product photos for Ozon,/tg/platforms/ozon-product-photos,20-locale hreflang,noindex site-wide layout,no,no,167,EN duplicate,thin,use-cases;features;studio,yes,WebPage;FAQPage,
/tr/platforms/ozon-product-photos,tr,exists,Product photos for Ozon — Vitrina AI Studio,"Prepare product images for Ozon: clean backgrounds, exact product cards, AI limitations, and manual quality checks before publishing.",Product photos for Ozon,/tr/platforms/ozon-product-photos,20-locale hreflang,noindex site-wide layout,no,no,167,EN duplicate,thin,use-cases;features;studio,yes,WebPage;FAQPage,
/az/platforms/ozon-product-photos,az,exists,Product photos for Ozon — Vitrina AI Studio,"Prepare product images for Ozon: clean backgrounds, exact product cards, AI limitations, and manual quality checks before publishing.",Product photos for Ozon,/az/platforms/ozon-product-photos,20-locale hreflang,noindex site-wide layout,no,no,167,EN duplicate,thin,use-cases;features;studio,yes,WebPage;FAQPage,
/ar/platforms/ozon-product-photos,ar,exists,Product photos for Ozon — Vitrina AI Studio,"Prepare product images for Ozon: clean backgrounds, exact product cards, AI limitations, and manual quality checks before publishing.",Product photos for Ozon,/ar/platforms/ozon-product-photos,20-locale hreflang,noindex site-wide layout,no,no,167,EN duplicate,thin,use-cases;features;studio,yes,WebPage;FAQPage,
/es/platforms/ozon-product-photos,es,exists,Product photos for Ozon — Vitrina AI Studio,"Prepare product images for Ozon: clean backgrounds, exact product cards, AI limitations, and manual quality checks before publishing.",Product photos for Ozon,/es/platforms/ozon-product-photos,20-locale hreflang,noindex site-wide layout,no,no,167,EN duplicate,thin,use-cases;features;studio,yes,WebPage;FAQPage,
/pt/platforms/ozon-product-photos,pt,exists,Product photos for Ozon — Vitrina AI Studio,"Prepare product images for Ozon: clean backgrounds, exact product cards, AI limitations, and manual quality checks before publishing.",Product photos for Ozon,/pt/platforms/ozon-product-photos,20-locale hreflang,noindex site-wide layout,no,no,167,EN duplicate,thin,use-cases;features;studio,yes,WebPage;FAQPage,
/fr/platforms/ozon-product-photos,fr,exists,Product photos for Ozon — Vitrina AI Studio,"Prepare product images for Ozon: clean backgrounds, exact product cards, AI limitations, and manual quality checks before publishing.",Product photos for Ozon,/fr/platforms/ozon-product-photos,20-locale hreflang,noindex site-wide layout,no,no,167,EN duplicate,thin,use-cases;features;studio,yes,WebPage;FAQPage,
/de/platforms/ozon-product-photos,de,exists,Product photos for Ozon — Vitrina AI Studio,"Prepare product images for Ozon: clean backgrounds, exact product cards, AI limitations, and manual quality checks before publishing.",Product photos for Ozon,/de/platforms/ozon-product-photos,20-locale hreflang,noindex site-wide layout,no,no,167,EN duplicate,thin,use-cases;features;studio,yes,WebPage;FAQPage,
/it/platforms/ozon-product-photos,it,exists,Product photos for Ozon — Vitrina AI Studio,"Prepare product images for Ozon: clean backgrounds, exact product cards, AI limitations, and manual quality checks before publishing.",Product photos for Ozon,/it/platforms/ozon-product-photos,20-locale hreflang,noindex site-wide layout,no,no,167,EN duplicate,thin,use-cases;features;studio,yes,WebPage;FAQPage,
/pl/platforms/ozon-product-photos,pl,exists,Product photos for Ozon — Vitrina AI Studio,"Prepare product images for Ozon: clean backgrounds, exact product cards, AI limitations, and manual quality checks before publishing.",Product photos for Ozon,/pl/platforms/ozon-product-photos,20-locale hreflang,noindex site-wide layout,no,no,167,EN duplicate,thin,use-cases;features;studio,yes,WebPage;FAQPage,
/uk/platforms/ozon-product-photos,uk,exists,Product photos for Ozon — Vitrina AI Studio,"Prepare product images for Ozon: clean backgrounds, exact product cards, AI limitations, and manual quality checks before publishing.",Product photos for Ozon,/uk/platforms/ozon-product-photos,20-locale hreflang,noindex site-wide layout,no,no,167,EN duplicate,thin,use-cases;features;studio,yes,WebPage;FAQPage,
/hi/platforms/ozon-product-photos,hi,exists,Product photos for Ozon — Vitrina AI Studio,"Prepare product images for Ozon: clean backgrounds, exact product cards, AI limitations, and manual quality checks before publishing.",Product photos for Ozon,/hi/platforms/ozon-product-photos,20-locale hreflang,noindex site-wide layout,no,no,167,EN duplicate,thin,use-cases;features;studio,yes,WebPage;FAQPage,
/id/platforms/ozon-product-photos,id,exists,Product photos for Ozon — Vitrina AI Studio,"Prepare product images for Ozon: clean backgrounds, exact product cards, AI limitations, and manual quality checks before publishing.",Product photos for Ozon,/id/platforms/ozon-product-photos,20-locale hreflang,noindex site-wide layout,no,no,167,EN duplicate,thin,use-cases;features;studio,yes,WebPage;FAQPage,
/vi/platforms/ozon-product-photos,vi,exists,Product photos for Ozon — Vitrina AI Studio,"Prepare product images for Ozon: clean backgrounds, exact product cards, AI limitations, and manual quality checks before publishing.",Product photos for Ozon,/vi/platforms/ozon-product-photos,20-locale hreflang,noindex site-wide layout,no,no,167,EN duplicate,thin,use-cases;features;studio,yes,WebPage;FAQPage,
/zh/platforms/ozon-product-photos,zh,exists,Product photos for Ozon — Vitrina AI Studio,"Prepare product images for Ozon: clean backgrounds, exact product cards, AI limitations, and manual quality checks before publishing.",Product photos for Ozon,/zh/platforms/ozon-product-photos,20-locale hreflang,noindex site-wide layout,no,no,167,EN duplicate,thin,use-cases;features;studio,yes,WebPage;FAQPage,
/ru/platforms/ebay-foto-tovarov,ru,exists,Фото товаров для eBay — Vitrina AI Studio,"Как подготовить изображения товаров для eBay: фон, точность карточки, видео, ограничения AI и ручная проверка перед публикацией.",Фото товаров для eBay,/ru/platforms/ebay-foto-tovarov,20-locale hreflang,noindex site-wide layout,yes,yes,151,good template,thin,use-cases;features;studio,yes,WebPage;FAQPage,
/en/platforms/ebay-product-photos,en,exists,Product photos for eBay — Vitrina AI Studio,"Prepare product images for eBay: clean backgrounds, exact product cards, AI limitations, and manual quality checks before publishing.",Product photos for eBay,/en/platforms/ebay-product-photos,20-locale hreflang,noindex site-wide layout,yes,yes,167,good template,thin,use-cases;features;studio,yes,WebPage;FAQPage,
/kk/platforms/ebay-product-photos,kk,exists,Product photos for eBay — Vitrina AI Studio,"Prepare product images for eBay: clean backgrounds, exact product cards, AI limitations, and manual quality checks before publishing.",Product photos for eBay,/kk/platforms/ebay-product-photos,20-locale hreflang,noindex site-wide layout,no,no,167,EN duplicate,thin,use-cases;features;studio,yes,WebPage;FAQPage,
/ky/platforms/ebay-product-photos,ky,exists,Product photos for eBay — Vitrina AI Studio,"Prepare product images for eBay: clean backgrounds, exact product cards, AI limitations, and manual quality checks before publishing.",Product photos for eBay,/ky/platforms/ebay-product-photos,20-locale hreflang,noindex site-wide layout,no,no,167,EN duplicate,thin,use-cases;features;studio,yes,WebPage;FAQPage,
/uz/platforms/ebay-product-photos,uz,exists,Product photos for eBay — Vitrina AI Studio,"Prepare product images for eBay: clean backgrounds, exact product cards, AI limitations, and manual quality checks before publishing.",Product photos for eBay,/uz/platforms/ebay-product-photos,20-locale hreflang,noindex site-wide layout,no,no,167,EN duplicate,thin,use-cases;features;studio,yes,WebPage;FAQPage,
/tg/platforms/ebay-product-photos,tg,exists,Product photos for eBay — Vitrina AI Studio,"Prepare product images for eBay: clean backgrounds, exact product cards, AI limitations, and manual quality checks before publishing.",Product photos for eBay,/tg/platforms/ebay-product-photos,20-locale hreflang,noindex site-wide layout,no,no,167,EN duplicate,thin,use-cases;features;studio,yes,WebPage;FAQPage,
/tr/platforms/ebay-product-photos,tr,exists,Product photos for eBay — Vitrina AI Studio,"Prepare product images for eBay: clean backgrounds, exact product cards, AI limitations, and manual quality checks before publishing.",Product photos for eBay,/tr/platforms/ebay-product-photos,20-locale hreflang,noindex site-wide layout,no,no,167,EN duplicate,thin,use-cases;features;studio,yes,WebPage;FAQPage,
/az/platforms/ebay-product-photos,az,exists,Product photos for eBay — Vitrina AI Studio,"Prepare product images for eBay: clean backgrounds, exact product cards, AI limitations, and manual quality checks before publishing.",Product photos for eBay,/az/platforms/ebay-product-photos,20-locale hreflang,noindex site-wide layout,no,no,167,EN duplicate,thin,use-cases;features;studio,yes,WebPage;FAQPage,
/ar/platforms/ebay-product-photos,ar,exists,Product photos for eBay — Vitrina AI Studio,"Prepare product images for eBay: clean backgrounds, exact product cards, AI limitations, and manual quality checks before publishing.",Product photos for eBay,/ar/platforms/ebay-product-photos,20-locale hreflang,noindex site-wide layout,no,no,167,EN duplicate,thin,use-cases;features;studio,yes,WebPage;FAQPage,
/es/platforms/ebay-product-photos,es,exists,Product photos for eBay — Vitrina AI Studio,"Prepare product images for eBay: clean backgrounds, exact product cards, AI limitations, and manual quality checks before publishing.",Product photos for eBay,/es/platforms/ebay-product-photos,20-locale hreflang,noindex site-wide layout,no,no,167,EN duplicate,thin,use-cases;features;studio,yes,WebPage;FAQPage,
/pt/platforms/ebay-product-photos,pt,exists,Product photos for eBay — Vitrina AI Studio,"Prepare product images for eBay: clean backgrounds, exact product cards, AI limitations, and manual quality checks before publishing.",Product photos for eBay,/pt/platforms/ebay-product-photos,20-locale hreflang,noindex site-wide layout,no,no,167,EN duplicate,thin,use-cases;features;studio,yes,WebPage;FAQPage,
/fr/platforms/ebay-product-photos,fr,exists,Product photos for eBay — Vitrina AI Studio,"Prepare product images for eBay: clean backgrounds, exact product cards, AI limitations, and manual quality checks before publishing.",Product photos for eBay,/fr/platforms/ebay-product-photos,20-locale hreflang,noindex site-wide layout,no,no,167,EN duplicate,thin,use-cases;features;studio,yes,WebPage;FAQPage,
/de/platforms/ebay-product-photos,de,exists,Product photos for eBay — Vitrina AI Studio,"Prepare product images for eBay: clean backgrounds, exact product cards, AI limitations, and manual quality checks before publishing.",Product photos for eBay,/de/platforms/ebay-product-photos,20-locale hreflang,noindex site-wide layout,no,no,167,EN duplicate,thin,use-cases;features;studio,yes,WebPage;FAQPage,
/it/platforms/ebay-product-photos,it,exists,Product photos for eBay — Vitrina AI Studio,"Prepare product images for eBay: clean backgrounds, exact product cards, AI limitations, and manual quality checks before publishing.",Product photos for eBay,/it/platforms/ebay-product-photos,20-locale hreflang,noindex site-wide layout,no,no,167,EN duplicate,thin,use-cases;features;studio,yes,WebPage;FAQPage,
/pl/platforms/ebay-product-photos,pl,exists,Product photos for eBay — Vitrina AI Studio,"Prepare product images for eBay: clean backgrounds, exact product cards, AI limitations, and manual quality checks before publishing.",Product photos for eBay,/pl/platforms/ebay-product-photos,20-locale hreflang,noindex site-wide layout,no,no,167,EN duplicate,thin,use-cases;features;studio,yes,WebPage;FAQPage,
/uk/platforms/ebay-product-photos,uk,exists,Product photos for eBay — Vitrina AI Studio,"Prepare product images for eBay: clean backgrounds, exact product cards, AI limitations, and manual quality checks before publishing.",Product photos for eBay,/uk/platforms/ebay-product-photos,20-locale hreflang,noindex site-wide layout,no,no,167,EN duplicate,thin,use-cases;features;studio,yes,WebPage;FAQPage,
/hi/platforms/ebay-product-photos,hi,exists,Product photos for eBay — Vitrina AI Studio,"Prepare product images for eBay: clean backgrounds, exact product cards, AI limitations, and manual quality checks before publishing.",Product photos for eBay,/hi/platforms/ebay-product-photos,20-locale hreflang,noindex site-wide layout,no,no,167,EN duplicate,thin,use-cases;features;studio,yes,WebPage;FAQPage,
/id/platforms/ebay-product-photos,id,exists,Product photos for eBay — Vitrina AI Studio,"Prepare product images for eBay: clean backgrounds, exact product cards, AI limitations, and manual quality checks before publishing.",Product photos for eBay,/id/platforms/ebay-product-photos,20-locale hreflang,noindex site-wide layout,no,no,167,EN duplicate,thin,use-cases;features;studio,yes,WebPage;FAQPage,
/vi/platforms/ebay-product-photos,vi,exists,Product photos for eBay — Vitrina AI Studio,"Prepare product images for eBay: clean backgrounds, exact product cards, AI limitations, and manual quality checks before publishing.",Product photos for eBay,/vi/platforms/ebay-product-photos,20-locale hreflang,noindex site-wide layout,no,no,167,EN duplicate,thin,use-cases;features;studio,yes,WebPage;FAQPage,
/zh/platforms/ebay-product-photos,zh,exists,Product photos for eBay — Vitrina AI Studio,"Prepare product images for eBay: clean backgrounds, exact product cards, AI limitations, and manual quality checks before publishing.",Product photos for eBay,/zh/platforms/ebay-product-photos,20-locale hreflang,noindex site-wide layout,no,no,167,EN duplicate,thin,use-cases;features;studio,yes,WebPage;FAQPage,
/ru/platforms/amazon-foto-tovarov,ru,exists,Фото товаров для Amazon — Vitrina AI Studio,"Как подготовить изображения товаров для Amazon: фон, точность карточки, видео, ограничения AI и ручная проверка перед публикацией.",Фото товаров для Amazon,/ru/platforms/amazon-foto-tovarov,20-locale hreflang,noindex site-wide layout,yes,yes,151,good template,thin,use-cases;features;studio,yes,WebPage;FAQPage,
/en/platforms/amazon-product-photos,en,exists,Product photos for Amazon — Vitrina AI Studio,"Prepare product images for Amazon: clean backgrounds, exact product cards, AI limitations, and manual quality checks before publishing.",Product photos for Amazon,/en/platforms/amazon-product-photos,20-locale hreflang,noindex site-wide layout,yes,yes,167,good template,thin,use-cases;features;studio,yes,WebPage;FAQPage,
/kk/platforms/amazon-product-photos,kk,exists,Product photos for Amazon — Vitrina AI Studio,"Prepare product images for Amazon: clean backgrounds, exact product cards, AI limitations, and manual quality checks before publishing.",Product photos for Amazon,/kk/platforms/amazon-product-photos,20-locale hreflang,noindex site-wide layout,no,no,167,EN duplicate,thin,use-cases;features;studio,yes,WebPage;FAQPage,
/ky/platforms/amazon-product-photos,ky,exists,Product photos for Amazon — Vitrina AI Studio,"Prepare product images for Amazon: clean backgrounds, exact product cards, AI limitations, and manual quality checks before publishing.",Product photos for Amazon,/ky/platforms/amazon-product-photos,20-locale hreflang,noindex site-wide layout,no,no,167,EN duplicate,thin,use-cases;features;studio,yes,WebPage;FAQPage,
/uz/platforms/amazon-product-photos,uz,exists,Product photos for Amazon — Vitrina AI Studio,"Prepare product images for Amazon: clean backgrounds, exact product cards, AI limitations, and manual quality checks before publishing.",Product photos for Amazon,/uz/platforms/amazon-product-photos,20-locale hreflang,noindex site-wide layout,no,no,167,EN duplicate,thin,use-cases;features;studio,yes,WebPage;FAQPage,
/tg/platforms/amazon-product-photos,tg,exists,Product photos for Amazon — Vitrina AI Studio,"Prepare product images for Amazon: clean backgrounds, exact product cards, AI limitations, and manual quality checks before publishing.",Product photos for Amazon,/tg/platforms/amazon-product-photos,20-locale hreflang,noindex site-wide layout,no,no,167,EN duplicate,thin,use-cases;features;studio,yes,WebPage;FAQPage,
/tr/platforms/amazon-product-photos,tr,exists,Product photos for Amazon — Vitrina AI Studio,"Prepare product images for Amazon: clean backgrounds, exact product cards, AI limitations, and manual quality checks before publishing.",Product photos for Amazon,/tr/platforms/amazon-product-photos,20-locale hreflang,noindex site-wide layout,no,no,167,EN duplicate,thin,use-cases;features;studio,yes,WebPage;FAQPage,
/az/platforms/amazon-product-photos,az,exists,Product photos for Amazon — Vitrina AI Studio,"Prepare product images for Amazon: clean backgrounds, exact product cards, AI limitations, and manual quality checks before publishing.",Product photos for Amazon,/az/platforms/amazon-product-photos,20-locale hreflang,noindex site-wide layout,no,no,167,EN duplicate,thin,use-cases;features;studio,yes,WebPage;FAQPage,
/ar/platforms/amazon-product-photos,ar,exists,Product photos for Amazon — Vitrina AI Studio,"Prepare product images for Amazon: clean backgrounds, exact product cards, AI limitations, and manual quality checks before publishing.",Product photos for Amazon,/ar/platforms/amazon-product-photos,20-locale hreflang,noindex site-wide layout,no,no,167,EN duplicate,thin,use-cases;features;studio,yes,WebPage;FAQPage,
/es/platforms/amazon-product-photos,es,exists,Product photos for Amazon — Vitrina AI Studio,"Prepare product images for Amazon: clean backgrounds, exact product cards, AI limitations, and manual quality checks before publishing.",Product photos for Amazon,/es/platforms/amazon-product-photos,20-locale hreflang,noindex site-wide layout,no,no,167,EN duplicate,thin,use-cases;features;studio,yes,WebPage;FAQPage,
/pt/platforms/amazon-product-photos,pt,exists,Product photos for Amazon — Vitrina AI Studio,"Prepare product images for Amazon: clean backgrounds, exact product cards, AI limitations, and manual quality checks before publishing.",Product photos for Amazon,/pt/platforms/amazon-product-photos,20-locale hreflang,noindex site-wide layout,no,no,167,EN duplicate,thin,use-cases;features;studio,yes,WebPage;FAQPage,
/fr/platforms/amazon-product-photos,fr,exists,Product photos for Amazon — Vitrina AI Studio,"Prepare product images for Amazon: clean backgrounds, exact product cards, AI limitations, and manual quality checks before publishing.",Product photos for Amazon,/fr/platforms/amazon-product-photos,20-locale hreflang,noindex site-wide layout,no,no,167,EN duplicate,thin,use-cases;features;studio,yes,WebPage;FAQPage,
/de/platforms/amazon-product-photos,de,exists,Product photos for Amazon — Vitrina AI Studio,"Prepare product images for Amazon: clean backgrounds, exact product cards, AI limitations, and manual quality checks before publishing.",Product photos for Amazon,/de/platforms/amazon-product-photos,20-locale hreflang,noindex site-wide layout,no,no,167,EN duplicate,thin,use-cases;features;studio,yes,WebPage;FAQPage,
/it/platforms/amazon-product-photos,it,exists,Product photos for Amazon — Vitrina AI Studio,"Prepare product images for Amazon: clean backgrounds, exact product cards, AI limitations, and manual quality checks before publishing.",Product photos for Amazon,/it/platforms/amazon-product-photos,20-locale hreflang,noindex site-wide layout,no,no,167,EN duplicate,thin,use-cases;features;studio,yes,WebPage;FAQPage,
/pl/platforms/amazon-product-photos,pl,exists,Product photos for Amazon — Vitrina AI Studio,"Prepare product images for Amazon: clean backgrounds, exact product cards, AI limitations, and manual quality checks before publishing.",Product photos for Amazon,/pl/platforms/amazon-product-photos,20-locale hreflang,noindex site-wide layout,no,no,167,EN duplicate,thin,use-cases;features;studio,yes,WebPage;FAQPage,
/uk/platforms/amazon-product-photos,uk,exists,Product photos for Amazon — Vitrina AI Studio,"Prepare product images for Amazon: clean backgrounds, exact product cards, AI limitations, and manual quality checks before publishing.",Product photos for Amazon,/uk/platforms/amazon-product-photos,20-locale hreflang,noindex site-wide layout,no,no,167,EN duplicate,thin,use-cases;features;studio,yes,WebPage;FAQPage,
/hi/platforms/amazon-product-photos,hi,exists,Product photos for Amazon — Vitrina AI Studio,"Prepare product images for Amazon: clean backgrounds, exact product cards, AI limitations, and manual quality checks before publishing.",Product photos for Amazon,/hi/platforms/amazon-product-photos,20-locale hreflang,noindex site-wide layout,no,no,167,EN duplicate,thin,use-cases;features;studio,yes,WebPage;FAQPage,
/id/platforms/amazon-product-photos,id,exists,Product photos for Amazon — Vitrina AI Studio,"Prepare product images for Amazon: clean backgrounds, exact product cards, AI limitations, and manual quality checks before publishing.",Product photos for Amazon,/id/platforms/amazon-product-photos,20-locale hreflang,noindex site-wide layout,no,no,167,EN duplicate,thin,use-cases;features;studio,yes,WebPage;FAQPage,
/vi/platforms/amazon-product-photos,vi,exists,Product photos for Amazon — Vitrina AI Studio,"Prepare product images for Amazon: clean backgrounds, exact product cards, AI limitations, and manual quality checks before publishing.",Product photos for Amazon,/vi/platforms/amazon-product-photos,20-locale hreflang,noindex site-wide layout,no,no,167,EN duplicate,thin,use-cases;features;studio,yes,WebPage;FAQPage,
/zh/platforms/amazon-product-photos,zh,exists,Product photos for Amazon — Vitrina AI Studio,"Prepare product images for Amazon: clean backgrounds, exact product cards, AI limitations, and manual quality checks before publishing.",Product photos for Amazon,/zh/platforms/amazon-product-photos,20-locale hreflang,noindex site-wide layout,no,no,167,EN duplicate,thin,use-cases;features;studio,yes,WebPage;FAQPage,
/ru/platforms/etsy-foto-tovarov,ru,exists,Фото товаров для Etsy — Vitrina AI Studio,"Как подготовить изображения товаров для Etsy: фон, точность карточки, видео, ограничения AI и ручная проверка перед публикацией.",Фото товаров для Etsy,/ru/platforms/etsy-foto-tovarov,20-locale hreflang,noindex site-wide layout,yes,yes,151,good template,thin,use-cases;features;studio,yes,WebPage;FAQPage,
/en/platforms/etsy-product-photos,en,exists,Product photos for Etsy — Vitrina AI Studio,"Prepare product images for Etsy: clean backgrounds, exact product cards, AI limitations, and manual quality checks before publishing.",Product photos for Etsy,/en/platforms/etsy-product-photos,20-locale hreflang,noindex site-wide layout,yes,yes,167,good template,thin,use-cases;features;studio,yes,WebPage;FAQPage,
/kk/platforms/etsy-product-photos,kk,exists,Product photos for Etsy — Vitrina AI Studio,"Prepare product images for Etsy: clean backgrounds, exact product cards, AI limitations, and manual quality checks before publishing.",Product photos for Etsy,/kk/platforms/etsy-product-photos,20-locale hreflang,noindex site-wide layout,no,no,167,EN duplicate,thin,use-cases;features;studio,yes,WebPage;FAQPage,
/ky/platforms/etsy-product-photos,ky,exists,Product photos for Etsy — Vitrina AI Studio,"Prepare product images for Etsy: clean backgrounds, exact product cards, AI limitations, and manual quality checks before publishing.",Product photos for Etsy,/ky/platforms/etsy-product-photos,20-locale hreflang,noindex site-wide layout,no,no,167,EN duplicate,thin,use-cases;features;studio,yes,WebPage;FAQPage,
/uz/platforms/etsy-product-photos,uz,exists,Product photos for Etsy — Vitrina AI Studio,"Prepare product images for Etsy: clean backgrounds, exact product cards, AI limitations, and manual quality checks before publishing.",Product photos for Etsy,/uz/platforms/etsy-product-photos,20-locale hreflang,noindex site-wide layout,no,no,167,EN duplicate,thin,use-cases;features;studio,yes,WebPage;FAQPage,
/tg/platforms/etsy-product-photos,tg,exists,Product photos for Etsy — Vitrina AI Studio,"Prepare product images for Etsy: clean backgrounds, exact product cards, AI limitations, and manual quality checks before publishing.",Product photos for Etsy,/tg/platforms/etsy-product-photos,20-locale hreflang,noindex site-wide layout,no,no,167,EN duplicate,thin,use-cases;features;studio,yes,WebPage;FAQPage,
/tr/platforms/etsy-product-photos,tr,exists,Product photos for Etsy — Vitrina AI Studio,"Prepare product images for Etsy: clean backgrounds, exact product cards, AI limitations, and manual quality checks before publishing.",Product photos for Etsy,/tr/platforms/etsy-product-photos,20-locale hreflang,noindex site-wide layout,no,no,167,EN duplicate,thin,use-cases;features;studio,yes,WebPage;FAQPage,
/az/platforms/etsy-product-photos,az,exists,Product photos for Etsy — Vitrina AI Studio,"Prepare product images for Etsy: clean backgrounds, exact product cards, AI limitations, and manual quality checks before publishing.",Product photos for Etsy,/az/platforms/etsy-product-photos,20-locale hreflang,noindex site-wide layout,no,no,167,EN duplicate,thin,use-cases;features;studio,yes,WebPage;FAQPage,
/ar/platforms/etsy-product-photos,ar,exists,Product photos for Etsy — Vitrina AI Studio,"Prepare product images for Etsy: clean backgrounds, exact product cards, AI limitations, and manual quality checks before publishing.",Product photos for Etsy,/ar/platforms/etsy-product-photos,20-locale hreflang,noindex site-wide layout,no,no,167,EN duplicate,thin,use-cases;features;studio,yes,WebPage;FAQPage,
/es/platforms/etsy-product-photos,es,exists,Product photos for Etsy — Vitrina AI Studio,"Prepare product images for Etsy: clean backgrounds, exact product cards, AI limitations, and manual quality checks before publishing.",Product photos for Etsy,/es/platforms/etsy-product-photos,20-locale hreflang,noindex site-wide layout,no,no,167,EN duplicate,thin,use-cases;features;studio,yes,WebPage;FAQPage,
/pt/platforms/etsy-product-photos,pt,exists,Product photos for Etsy — Vitrina AI Studio,"Prepare product images for Etsy: clean backgrounds, exact product cards, AI limitations, and manual quality checks before publishing.",Product photos for Etsy,/pt/platforms/etsy-product-photos,20-locale hreflang,noindex site-wide layout,no,no,167,EN duplicate,thin,use-cases;features;studio,yes,WebPage;FAQPage,
/fr/platforms/etsy-product-photos,fr,exists,Product photos for Etsy — Vitrina AI Studio,"Prepare product images for Etsy: clean backgrounds, exact product cards, AI limitations, and manual quality checks before publishing.",Product photos for Etsy,/fr/platforms/etsy-product-photos,20-locale hreflang,noindex site-wide layout,no,no,167,EN duplicate,thin,use-cases;features;studio,yes,WebPage;FAQPage,
/de/platforms/etsy-product-photos,de,exists,Product photos for Etsy — Vitrina AI Studio,"Prepare product images for Etsy: clean backgrounds, exact product cards, AI limitations, and manual quality checks before publishing.",Product photos for Etsy,/de/platforms/etsy-product-photos,20-locale hreflang,noindex site-wide layout,no,no,167,EN duplicate,thin,use-cases;features;studio,yes,WebPage;FAQPage,
/it/platforms/etsy-product-photos,it,exists,Product photos for Etsy — Vitrina AI Studio,"Prepare product images for Etsy: clean backgrounds, exact product cards, AI limitations, and manual quality checks before publishing.",Product photos for Etsy,/it/platforms/etsy-product-photos,20-locale hreflang,noindex site-wide layout,no,no,167,EN duplicate,thin,use-cases;features;studio,yes,WebPage;FAQPage,
/pl/platforms/etsy-product-photos,pl,exists,Product photos for Etsy — Vitrina AI Studio,"Prepare product images for Etsy: clean backgrounds, exact product cards, AI limitations, and manual quality checks before publishing.",Product photos for Etsy,/pl/platforms/etsy-product-photos,20-locale hreflang,noindex site-wide layout,no,no,167,EN duplicate,thin,use-cases;features;studio,yes,WebPage;FAQPage,
/uk/platforms/etsy-product-photos,uk,exists,Product photos for Etsy — Vitrina AI Studio,"Prepare product images for Etsy: clean backgrounds, exact product cards, AI limitations, and manual quality checks before publishing.",Product photos for Etsy,/uk/platforms/etsy-product-photos,20-locale hreflang,noindex site-wide layout,no,no,167,EN duplicate,thin,use-cases;features;studio,yes,WebPage;FAQPage,
/hi/platforms/etsy-product-photos,hi,exists,Product photos for Etsy — Vitrina AI Studio,"Prepare product images for Etsy: clean backgrounds, exact product cards, AI limitations, and manual quality checks before publishing.",Product photos for Etsy,/hi/platforms/etsy-product-photos,20-locale hreflang,noindex site-wide layout,no,no,167,EN duplicate,thin,use-cases;features;studio,yes,WebPage;FAQPage,
/id/platforms/etsy-product-photos,id,exists,Product photos for Etsy — Vitrina AI Studio,"Prepare product images for Etsy: clean backgrounds, exact product cards, AI limitations, and manual quality checks before publishing.",Product photos for Etsy,/id/platforms/etsy-product-photos,20-locale hreflang,noindex site-wide layout,no,no,167,EN duplicate,thin,use-cases;features;studio,yes,WebPage;FAQPage,
/vi/platforms/etsy-product-photos,vi,exists,Product photos for Etsy — Vitrina AI Studio,"Prepare product images for Etsy: clean backgrounds, exact product cards, AI limitations, and manual quality checks before publishing.",Product photos for Etsy,/vi/platforms/etsy-product-photos,20-locale hreflang,noindex site-wide layout,no,no,167,EN duplicate,thin,use-cases;features;studio,yes,WebPage;FAQPage,
/zh/platforms/etsy-product-photos,zh,exists,Product photos for Etsy — Vitrina AI Studio,"Prepare product images for Etsy: clean backgrounds, exact product cards, AI limitations, and manual quality checks before publishing.",Product photos for Etsy,/zh/platforms/etsy-product-photos,20-locale hreflang,noindex site-wide layout,no,no,167,EN duplicate,thin,use-cases;features;studio,yes,WebPage;FAQPage,
/ru/platforms/shopify-foto-tovarov,ru,exists,Фото товаров для Shopify — Vitrina AI Studio,"Как подготовить изображения товаров для Shopify: фон, точность карточки, видео, ограничения AI и ручная проверка перед публикацией.",Фото товаров для Shopify,/ru/platforms/shopify-foto-tovarov,20-locale hreflang,noindex site-wide layout,yes,yes,151,good template,thin,use-cases;features;studio,yes,WebPage;FAQPage,
/en/platforms/shopify-product-photos,en,exists,Product photos for Shopify — Vitrina AI Studio,"Prepare product images for Shopify: clean backgrounds, exact product cards, AI limitations, and manual quality checks before publishing.",Product photos for Shopify,/en/platforms/shopify-product-photos,20-locale hreflang,noindex site-wide layout,yes,yes,167,good template,thin,use-cases;features;studio,yes,WebPage;FAQPage,
/kk/platforms/shopify-product-photos,kk,exists,Product photos for Shopify — Vitrina AI Studio,"Prepare product images for Shopify: clean backgrounds, exact product cards, AI limitations, and manual quality checks before publishing.",Product photos for Shopify,/kk/platforms/shopify-product-photos,20-locale hreflang,noindex site-wide layout,no,no,167,EN duplicate,thin,use-cases;features;studio,yes,WebPage;FAQPage,
/ky/platforms/shopify-product-photos,ky,exists,Product photos for Shopify — Vitrina AI Studio,"Prepare product images for Shopify: clean backgrounds, exact product cards, AI limitations, and manual quality checks before publishing.",Product photos for Shopify,/ky/platforms/shopify-product-photos,20-locale hreflang,noindex site-wide layout,no,no,167,EN duplicate,thin,use-cases;features;studio,yes,WebPage;FAQPage,
/uz/platforms/shopify-product-photos,uz,exists,Product photos for Shopify — Vitrina AI Studio,"Prepare product images for Shopify: clean backgrounds, exact product cards, AI limitations, and manual quality checks before publishing.",Product photos for Shopify,/uz/platforms/shopify-product-photos,20-locale hreflang,noindex site-wide layout,no,no,167,EN duplicate,thin,use-cases;features;studio,yes,WebPage;FAQPage,
/tg/platforms/shopify-product-photos,tg,exists,Product photos for Shopify — Vitrina AI Studio,"Prepare product images for Shopify: clean backgrounds, exact product cards, AI limitations, and manual quality checks before publishing.",Product photos for Shopify,/tg/platforms/shopify-product-photos,20-locale hreflang,noindex site-wide layout,no,no,167,EN duplicate,thin,use-cases;features;studio,yes,WebPage;FAQPage,
/tr/platforms/shopify-product-photos,tr,exists,Product photos for Shopify — Vitrina AI Studio,"Prepare product images for Shopify: clean backgrounds, exact product cards, AI limitations, and manual quality checks before publishing.",Product photos for Shopify,/tr/platforms/shopify-product-photos,20-locale hreflang,noindex site-wide layout,no,no,167,EN duplicate,thin,use-cases;features;studio,yes,WebPage;FAQPage,
/az/platforms/shopify-product-photos,az,exists,Product photos for Shopify — Vitrina AI Studio,"Prepare product images for Shopify: clean backgrounds, exact product cards, AI limitations, and manual quality checks before publishing.",Product photos for Shopify,/az/platforms/shopify-product-photos,20-locale hreflang,noindex site-wide layout,no,no,167,EN duplicate,thin,use-cases;features;studio,yes,WebPage;FAQPage,
/ar/platforms/shopify-product-photos,ar,exists,Product photos for Shopify — Vitrina AI Studio,"Prepare product images for Shopify: clean backgrounds, exact product cards, AI limitations, and manual quality checks before publishing.",Product photos for Shopify,/ar/platforms/shopify-product-photos,20-locale hreflang,noindex site-wide layout,no,no,167,EN duplicate,thin,use-cases;features;studio,yes,WebPage;FAQPage,
/es/platforms/shopify-product-photos,es,exists,Product photos for Shopify — Vitrina AI Studio,"Prepare product images for Shopify: clean backgrounds, exact product cards, AI limitations, and manual quality checks before publishing.",Product photos for Shopify,/es/platforms/shopify-product-photos,20-locale hreflang,noindex site-wide layout,no,no,167,EN duplicate,thin,use-cases;features;studio,yes,WebPage;FAQPage,
/pt/platforms/shopify-product-photos,pt,exists,Product photos for Shopify — Vitrina AI Studio,"Prepare product images for Shopify: clean backgrounds, exact product cards, AI limitations, and manual quality checks before publishing.",Product photos for Shopify,/pt/platforms/shopify-product-photos,20-locale hreflang,noindex site-wide layout,no,no,167,EN duplicate,thin,use-cases;features;studio,yes,WebPage;FAQPage,
/fr/platforms/shopify-product-photos,fr,exists,Product photos for Shopify — Vitrina AI Studio,"Prepare product images for Shopify: clean backgrounds, exact product cards, AI limitations, and manual quality checks before publishing.",Product photos for Shopify,/fr/platforms/shopify-product-photos,20-locale hreflang,noindex site-wide layout,no,no,167,EN duplicate,thin,use-cases;features;studio,yes,WebPage;FAQPage,
/de/platforms/shopify-product-photos,de,exists,Product photos for Shopify — Vitrina AI Studio,"Prepare product images for Shopify: clean backgrounds, exact product cards, AI limitations, and manual quality checks before publishing.",Product photos for Shopify,/de/platforms/shopify-product-photos,20-locale hreflang,noindex site-wide layout,no,no,167,EN duplicate,thin,use-cases;features;studio,yes,WebPage;FAQPage,
/it/platforms/shopify-product-photos,it,exists,Product photos for Shopify — Vitrina AI Studio,"Prepare product images for Shopify: clean backgrounds, exact product cards, AI limitations, and manual quality checks before publishing.",Product photos for Shopify,/it/platforms/shopify-product-photos,20-locale hreflang,noindex site-wide layout,no,no,167,EN duplicate,thin,use-cases;features;studio,yes,WebPage;FAQPage,
/pl/platforms/shopify-product-photos,pl,exists,Product photos for Shopify — Vitrina AI Studio,"Prepare product images for Shopify: clean backgrounds, exact product cards, AI limitations, and manual quality checks before publishing.",Product photos for Shopify,/pl/platforms/shopify-product-photos,20-locale hreflang,noindex site-wide layout,no,no,167,EN duplicate,thin,use-cases;features;studio,yes,WebPage;FAQPage,
/uk/platforms/shopify-product-photos,uk,exists,Product photos for Shopify — Vitrina AI Studio,"Prepare product images for Shopify: clean backgrounds, exact product cards, AI limitations, and manual quality checks before publishing.",Product photos for Shopify,/uk/platforms/shopify-product-photos,20-locale hreflang,noindex site-wide layout,no,no,167,EN duplicate,thin,use-cases;features;studio,yes,WebPage;FAQPage,
/hi/platforms/shopify-product-photos,hi,exists,Product photos for Shopify — Vitrina AI Studio,"Prepare product images for Shopify: clean backgrounds, exact product cards, AI limitations, and manual quality checks before publishing.",Product photos for Shopify,/hi/platforms/shopify-product-photos,20-locale hreflang,noindex site-wide layout,no,no,167,EN duplicate,thin,use-cases;features;studio,yes,WebPage;FAQPage,
/id/platforms/shopify-product-photos,id,exists,Product photos for Shopify — Vitrina AI Studio,"Prepare product images for Shopify: clean backgrounds, exact product cards, AI limitations, and manual quality checks before publishing.",Product photos for Shopify,/id/platforms/shopify-product-photos,20-locale hreflang,noindex site-wide layout,no,no,167,EN duplicate,thin,use-cases;features;studio,yes,WebPage;FAQPage,
/vi/platforms/shopify-product-photos,vi,exists,Product photos for Shopify — Vitrina AI Studio,"Prepare product images for Shopify: clean backgrounds, exact product cards, AI limitations, and manual quality checks before publishing.",Product photos for Shopify,/vi/platforms/shopify-product-photos,20-locale hreflang,noindex site-wide layout,no,no,167,EN duplicate,thin,use-cases;features;studio,yes,WebPage;FAQPage,
/zh/platforms/shopify-product-photos,zh,exists,Product photos for Shopify — Vitrina AI Studio,"Prepare product images for Shopify: clean backgrounds, exact product cards, AI limitations, and manual quality checks before publishing.",Product photos for Shopify,/zh/platforms/shopify-product-photos,20-locale hreflang,noindex site-wide layout,no,no,167,EN duplicate,thin,use-cases;features;studio,yes,WebPage;FAQPage,
/ru/platforms/instagram-shop-foto-tovarov,ru,exists,Фото товаров для Instagram Shop — Vitrina AI Studio,"Как подготовить изображения товаров для Instagram Shop: фон, точность карточки, видео, ограничения AI и ручная проверка перед публикацией.",Фото товаров для Instagram Shop,/ru/platforms/instagram-shop-foto-tovarov,20-locale hreflang,noindex site-wide layout,yes,yes,154,good template,thin,use-cases;features;studio,yes,WebPage;FAQPage,
/en/platforms/instagram-shop-product-photos,en,exists,Product photos for Instagram Shop — Vitrina AI Studio,"Prepare product images for Instagram Shop: clean backgrounds, exact product cards, AI limitations, and manual quality checks before publishing.",Product photos for Instagram Shop,/en/platforms/instagram-shop-product-photos,20-locale hreflang,noindex site-wide layout,yes,yes,170,good template,thin,use-cases;features;studio,yes,WebPage;FAQPage,
/kk/platforms/instagram-shop-product-photos,kk,exists,Product photos for Instagram Shop — Vitrina AI Studio,"Prepare product images for Instagram Shop: clean backgrounds, exact product cards, AI limitations, and manual quality checks before publishing.",Product photos for Instagram Shop,/kk/platforms/instagram-shop-product-photos,20-locale hreflang,noindex site-wide layout,no,no,170,EN duplicate,thin,use-cases;features;studio,yes,WebPage;FAQPage,
/ky/platforms/instagram-shop-product-photos,ky,exists,Product photos for Instagram Shop — Vitrina AI Studio,"Prepare product images for Instagram Shop: clean backgrounds, exact product cards, AI limitations, and manual quality checks before publishing.",Product photos for Instagram Shop,/ky/platforms/instagram-shop-product-photos,20-locale hreflang,noindex site-wide layout,no,no,170,EN duplicate,thin,use-cases;features;studio,yes,WebPage;FAQPage,
/uz/platforms/instagram-shop-product-photos,uz,exists,Product photos for Instagram Shop — Vitrina AI Studio,"Prepare product images for Instagram Shop: clean backgrounds, exact product cards, AI limitations, and manual quality checks before publishing.",Product photos for Instagram Shop,/uz/platforms/instagram-shop-product-photos,20-locale hreflang,noindex site-wide layout,no,no,170,EN duplicate,thin,use-cases;features;studio,yes,WebPage;FAQPage,
/tg/platforms/instagram-shop-product-photos,tg,exists,Product photos for Instagram Shop — Vitrina AI Studio,"Prepare product images for Instagram Shop: clean backgrounds, exact product cards, AI limitations, and manual quality checks before publishing.",Product photos for Instagram Shop,/tg/platforms/instagram-shop-product-photos,20-locale hreflang,noindex site-wide layout,no,no,170,EN duplicate,thin,use-cases;features;studio,yes,WebPage;FAQPage,
/tr/platforms/instagram-shop-product-photos,tr,exists,Product photos for Instagram Shop — Vitrina AI Studio,"Prepare product images for Instagram Shop: clean backgrounds, exact product cards, AI limitations, and manual quality checks before publishing.",Product photos for Instagram Shop,/tr/platforms/instagram-shop-product-photos,20-locale hreflang,noindex site-wide layout,no,no,170,EN duplicate,thin,use-cases;features;studio,yes,WebPage;FAQPage,
/az/platforms/instagram-shop-product-photos,az,exists,Product photos for Instagram Shop — Vitrina AI Studio,"Prepare product images for Instagram Shop: clean backgrounds, exact product cards, AI limitations, and manual quality checks before publishing.",Product photos for Instagram Shop,/az/platforms/instagram-shop-product-photos,20-locale hreflang,noindex site-wide layout,no,no,170,EN duplicate,thin,use-cases;features;studio,yes,WebPage;FAQPage,
/ar/platforms/instagram-shop-product-photos,ar,exists,Product photos for Instagram Shop — Vitrina AI Studio,"Prepare product images for Instagram Shop: clean backgrounds, exact product cards, AI limitations, and manual quality checks before publishing.",Product photos for Instagram Shop,/ar/platforms/instagram-shop-product-photos,20-locale hreflang,noindex site-wide layout,no,no,170,EN duplicate,thin,use-cases;features;studio,yes,WebPage;FAQPage,
/es/platforms/instagram-shop-product-photos,es,exists,Product photos for Instagram Shop — Vitrina AI Studio,"Prepare product images for Instagram Shop: clean backgrounds, exact product cards, AI limitations, and manual quality checks before publishing.",Product photos for Instagram Shop,/es/platforms/instagram-shop-product-photos,20-locale hreflang,noindex site-wide layout,no,no,170,EN duplicate,thin,use-cases;features;studio,yes,WebPage;FAQPage,
/pt/platforms/instagram-shop-product-photos,pt,exists,Product photos for Instagram Shop — Vitrina AI Studio,"Prepare product images for Instagram Shop: clean backgrounds, exact product cards, AI limitations, and manual quality checks before publishing.",Product photos for Instagram Shop,/pt/platforms/instagram-shop-product-photos,20-locale hreflang,noindex site-wide layout,no,no,170,EN duplicate,thin,use-cases;features;studio,yes,WebPage;FAQPage,
/fr/platforms/instagram-shop-product-photos,fr,exists,Product photos for Instagram Shop — Vitrina AI Studio,"Prepare product images for Instagram Shop: clean backgrounds, exact product cards, AI limitations, and manual quality checks before publishing.",Product photos for Instagram Shop,/fr/platforms/instagram-shop-product-photos,20-locale hreflang,noindex site-wide layout,no,no,170,EN duplicate,thin,use-cases;features;studio,yes,WebPage;FAQPage,
/de/platforms/instagram-shop-product-photos,de,exists,Product photos for Instagram Shop — Vitrina AI Studio,"Prepare product images for Instagram Shop: clean backgrounds, exact product cards, AI limitations, and manual quality checks before publishing.",Product photos for Instagram Shop,/de/platforms/instagram-shop-product-photos,20-locale hreflang,noindex site-wide layout,no,no,170,EN duplicate,thin,use-cases;features;studio,yes,WebPage;FAQPage,
/it/platforms/instagram-shop-product-photos,it,exists,Product photos for Instagram Shop — Vitrina AI Studio,"Prepare product images for Instagram Shop: clean backgrounds, exact product cards, AI limitations, and manual quality checks before publishing.",Product photos for Instagram Shop,/it/platforms/instagram-shop-product-photos,20-locale hreflang,noindex site-wide layout,no,no,170,EN duplicate,thin,use-cases;features;studio,yes,WebPage;FAQPage,
/pl/platforms/instagram-shop-product-photos,pl,exists,Product photos for Instagram Shop — Vitrina AI Studio,"Prepare product images for Instagram Shop: clean backgrounds, exact product cards, AI limitations, and manual quality checks before publishing.",Product photos for Instagram Shop,/pl/platforms/instagram-shop-product-photos,20-locale hreflang,noindex site-wide layout,no,no,170,EN duplicate,thin,use-cases;features;studio,yes,WebPage;FAQPage,
/uk/platforms/instagram-shop-product-photos,uk,exists,Product photos for Instagram Shop — Vitrina AI Studio,"Prepare product images for Instagram Shop: clean backgrounds, exact product cards, AI limitations, and manual quality checks before publishing.",Product photos for Instagram Shop,/uk/platforms/instagram-shop-product-photos,20-locale hreflang,noindex site-wide layout,no,no,170,EN duplicate,thin,use-cases;features;studio,yes,WebPage;FAQPage,
/hi/platforms/instagram-shop-product-photos,hi,exists,Product photos for Instagram Shop — Vitrina AI Studio,"Prepare product images for Instagram Shop: clean backgrounds, exact product cards, AI limitations, and manual quality checks before publishing.",Product photos for Instagram Shop,/hi/platforms/instagram-shop-product-photos,20-locale hreflang,noindex site-wide layout,no,no,170,EN duplicate,thin,use-cases;features;studio,yes,WebPage;FAQPage,
/id/platforms/instagram-shop-product-photos,id,exists,Product photos for Instagram Shop — Vitrina AI Studio,"Prepare product images for Instagram Shop: clean backgrounds, exact product cards, AI limitations, and manual quality checks before publishing.",Product photos for Instagram Shop,/id/platforms/instagram-shop-product-photos,20-locale hreflang,noindex site-wide layout,no,no,170,EN duplicate,thin,use-cases;features;studio,yes,WebPage;FAQPage,
/vi/platforms/instagram-shop-product-photos,vi,exists,Product photos for Instagram Shop — Vitrina AI Studio,"Prepare product images for Instagram Shop: clean backgrounds, exact product cards, AI limitations, and manual quality checks before publishing.",Product photos for Instagram Shop,/vi/platforms/instagram-shop-product-photos,20-locale hreflang,noindex site-wide layout,no,no,170,EN duplicate,thin,use-cases;features;studio,yes,WebPage;FAQPage,
/zh/platforms/instagram-shop-product-photos,zh,exists,Product photos for Instagram Shop — Vitrina AI Studio,"Prepare product images for Instagram Shop: clean backgrounds, exact product cards, AI limitations, and manual quality checks before publishing.",Product photos for Instagram Shop,/zh/platforms/instagram-shop-product-photos,20-locale hreflang,noindex site-wide layout,no,no,170,EN duplicate,thin,use-cases;features;studio,yes,WebPage;FAQPage,
/ru/platforms/tiktok-shop-foto-tovarov,ru,exists,Фото товаров для TikTok Shop — Vitrina AI Studio,"Как подготовить изображения товаров для TikTok Shop: фон, точность карточки, видео, ограничения AI и ручная проверка перед публикацией.",Фото товаров для TikTok Shop,/ru/platforms/tiktok-shop-foto-tovarov,20-locale hreflang,noindex site-wide layout,yes,yes,154,good template,thin,use-cases;features;studio,yes,WebPage;FAQPage,
/en/platforms/tiktok-shop-product-photos,en,exists,Product photos for TikTok Shop — Vitrina AI Studio,"Prepare product images for TikTok Shop: clean backgrounds, exact product cards, AI limitations, and manual quality checks before publishing.",Product photos for TikTok Shop,/en/platforms/tiktok-shop-product-photos,20-locale hreflang,noindex site-wide layout,yes,yes,170,good template,thin,use-cases;features;studio,yes,WebPage;FAQPage,
/kk/platforms/tiktok-shop-product-photos,kk,exists,Product photos for TikTok Shop — Vitrina AI Studio,"Prepare product images for TikTok Shop: clean backgrounds, exact product cards, AI limitations, and manual quality checks before publishing.",Product photos for TikTok Shop,/kk/platforms/tiktok-shop-product-photos,20-locale hreflang,noindex site-wide layout,no,no,170,EN duplicate,thin,use-cases;features;studio,yes,WebPage;FAQPage,
/ky/platforms/tiktok-shop-product-photos,ky,exists,Product photos for TikTok Shop — Vitrina AI Studio,"Prepare product images for TikTok Shop: clean backgrounds, exact product cards, AI limitations, and manual quality checks before publishing.",Product photos for TikTok Shop,/ky/platforms/tiktok-shop-product-photos,20-locale hreflang,noindex site-wide layout,no,no,170,EN duplicate,thin,use-cases;features;studio,yes,WebPage;FAQPage,
/uz/platforms/tiktok-shop-product-photos,uz,exists,Product photos for TikTok Shop — Vitrina AI Studio,"Prepare product images for TikTok Shop: clean backgrounds, exact product cards, AI limitations, and manual quality checks before publishing.",Product photos for TikTok Shop,/uz/platforms/tiktok-shop-product-photos,20-locale hreflang,noindex site-wide layout,no,no,170,EN duplicate,thin,use-cases;features;studio,yes,WebPage;FAQPage,
/tg/platforms/tiktok-shop-product-photos,tg,exists,Product photos for TikTok Shop — Vitrina AI Studio,"Prepare product images for TikTok Shop: clean backgrounds, exact product cards, AI limitations, and manual quality checks before publishing.",Product photos for TikTok Shop,/tg/platforms/tiktok-shop-product-photos,20-locale hreflang,noindex site-wide layout,no,no,170,EN duplicate,thin,use-cases;features;studio,yes,WebPage;FAQPage,
/tr/platforms/tiktok-shop-product-photos,tr,exists,Product photos for TikTok Shop — Vitrina AI Studio,"Prepare product images for TikTok Shop: clean backgrounds, exact product cards, AI limitations, and manual quality checks before publishing.",Product photos for TikTok Shop,/tr/platforms/tiktok-shop-product-photos,20-locale hreflang,noindex site-wide layout,no,no,170,EN duplicate,thin,use-cases;features;studio,yes,WebPage;FAQPage,
/az/platforms/tiktok-shop-product-photos,az,exists,Product photos for TikTok Shop — Vitrina AI Studio,"Prepare product images for TikTok Shop: clean backgrounds, exact product cards, AI limitations, and manual quality checks before publishing.",Product photos for TikTok Shop,/az/platforms/tiktok-shop-product-photos,20-locale hreflang,noindex site-wide layout,no,no,170,EN duplicate,thin,use-cases;features;studio,yes,WebPage;FAQPage,
/ar/platforms/tiktok-shop-product-photos,ar,exists,Product photos for TikTok Shop — Vitrina AI Studio,"Prepare product images for TikTok Shop: clean backgrounds, exact product cards, AI limitations, and manual quality checks before publishing.",Product photos for TikTok Shop,/ar/platforms/tiktok-shop-product-photos,20-locale hreflang,noindex site-wide layout,no,no,170,EN duplicate,thin,use-cases;features;studio,yes,WebPage;FAQPage,
/es/platforms/tiktok-shop-product-photos,es,exists,Product photos for TikTok Shop — Vitrina AI Studio,"Prepare product images for TikTok Shop: clean backgrounds, exact product cards, AI limitations, and manual quality checks before publishing.",Product photos for TikTok Shop,/es/platforms/tiktok-shop-product-photos,20-locale hreflang,noindex site-wide layout,no,no,170,EN duplicate,thin,use-cases;features;studio,yes,WebPage;FAQPage,
/pt/platforms/tiktok-shop-product-photos,pt,exists,Product photos for TikTok Shop — Vitrina AI Studio,"Prepare product images for TikTok Shop: clean backgrounds, exact product cards, AI limitations, and manual quality checks before publishing.",Product photos for TikTok Shop,/pt/platforms/tiktok-shop-product-photos,20-locale hreflang,noindex site-wide layout,no,no,170,EN duplicate,thin,use-cases;features;studio,yes,WebPage;FAQPage,
/fr/platforms/tiktok-shop-product-photos,fr,exists,Product photos for TikTok Shop — Vitrina AI Studio,"Prepare product images for TikTok Shop: clean backgrounds, exact product cards, AI limitations, and manual quality checks before publishing.",Product photos for TikTok Shop,/fr/platforms/tiktok-shop-product-photos,20-locale hreflang,noindex site-wide layout,no,no,170,EN duplicate,thin,use-cases;features;studio,yes,WebPage;FAQPage,
/de/platforms/tiktok-shop-product-photos,de,exists,Product photos for TikTok Shop — Vitrina AI Studio,"Prepare product images for TikTok Shop: clean backgrounds, exact product cards, AI limitations, and manual quality checks before publishing.",Product photos for TikTok Shop,/de/platforms/tiktok-shop-product-photos,20-locale hreflang,noindex site-wide layout,no,no,170,EN duplicate,thin,use-cases;features;studio,yes,WebPage;FAQPage,
/it/platforms/tiktok-shop-product-photos,it,exists,Product photos for TikTok Shop — Vitrina AI Studio,"Prepare product images for TikTok Shop: clean backgrounds, exact product cards, AI limitations, and manual quality checks before publishing.",Product photos for TikTok Shop,/it/platforms/tiktok-shop-product-photos,20-locale hreflang,noindex site-wide layout,no,no,170,EN duplicate,thin,use-cases;features;studio,yes,WebPage;FAQPage,
/pl/platforms/tiktok-shop-product-photos,pl,exists,Product photos for TikTok Shop — Vitrina AI Studio,"Prepare product images for TikTok Shop: clean backgrounds, exact product cards, AI limitations, and manual quality checks before publishing.",Product photos for TikTok Shop,/pl/platforms/tiktok-shop-product-photos,20-locale hreflang,noindex site-wide layout,no,no,170,EN duplicate,thin,use-cases;features;studio,yes,WebPage;FAQPage,
/uk/platforms/tiktok-shop-product-photos,uk,exists,Product photos for TikTok Shop — Vitrina AI Studio,"Prepare product images for TikTok Shop: clean backgrounds, exact product cards, AI limitations, and manual quality checks before publishing.",Product photos for TikTok Shop,/uk/platforms/tiktok-shop-product-photos,20-locale hreflang,noindex site-wide layout,no,no,170,EN duplicate,thin,use-cases;features;studio,yes,WebPage;FAQPage,
/hi/platforms/tiktok-shop-product-photos,hi,exists,Product photos for TikTok Shop — Vitrina AI Studio,"Prepare product images for TikTok Shop: clean backgrounds, exact product cards, AI limitations, and manual quality checks before publishing.",Product photos for TikTok Shop,/hi/platforms/tiktok-shop-product-photos,20-locale hreflang,noindex site-wide layout,no,no,170,EN duplicate,thin,use-cases;features;studio,yes,WebPage;FAQPage,
/id/platforms/tiktok-shop-product-photos,id,exists,Product photos for TikTok Shop — Vitrina AI Studio,"Prepare product images for TikTok Shop: clean backgrounds, exact product cards, AI limitations, and manual quality checks before publishing.",Product photos for TikTok Shop,/id/platforms/tiktok-shop-product-photos,20-locale hreflang,noindex site-wide layout,no,no,170,EN duplicate,thin,use-cases;features;studio,yes,WebPage;FAQPage,
/vi/platforms/tiktok-shop-product-photos,vi,exists,Product photos for TikTok Shop — Vitrina AI Studio,"Prepare product images for TikTok Shop: clean backgrounds, exact product cards, AI limitations, and manual quality checks before publishing.",Product photos for TikTok Shop,/vi/platforms/tiktok-shop-product-photos,20-locale hreflang,noindex site-wide layout,no,no,170,EN duplicate,thin,use-cases;features;studio,yes,WebPage;FAQPage,
/zh/platforms/tiktok-shop-product-photos,zh,exists,Product photos for TikTok Shop — Vitrina AI Studio,"Prepare product images for TikTok Shop: clean backgrounds, exact product cards, AI limitations, and manual quality checks before publishing.",Product photos for TikTok Shop,/zh/platforms/tiktok-shop-product-photos,20-locale hreflang,noindex site-wide layout,no,no,170,EN duplicate,thin,use-cases;features;studio,yes,WebPage;FAQPage,
/ru/platforms/facebook-marketplace-foto-tovarov,ru,exists,Фото товаров для Facebook Marketplace — Vitrina AI Studio,"Как подготовить изображения товаров для Facebook Marketplace: фон, точность карточки, видео, ограничения AI и ручная проверка перед публикацией.",Фото товаров для Facebook Marketplace,/ru/platforms/facebook-marketplace-foto-tovarov,20-locale hreflang,noindex site-wide layout,yes,yes,154,good template,thin,use-cases;features;studio,yes,WebPage;FAQPage,
/en/platforms/facebook-marketplace-product-photos,en,exists,Product photos for Facebook Marketplace — Vitrina AI Studio,"Prepare product images for Facebook Marketplace: clean backgrounds, exact product cards, AI limitations, and manual quality checks before publishing.",Product photos for Facebook Marketplace,/en/platforms/facebook-marketplace-product-photos,20-locale hreflang,noindex site-wide layout,yes,yes,170,good template,thin,use-cases;features;studio,yes,WebPage;FAQPage,
/kk/platforms/facebook-marketplace-product-photos,kk,exists,Product photos for Facebook Marketplace — Vitrina AI Studio,"Prepare product images for Facebook Marketplace: clean backgrounds, exact product cards, AI limitations, and manual quality checks before publishing.",Product photos for Facebook Marketplace,/kk/platforms/facebook-marketplace-product-photos,20-locale hreflang,noindex site-wide layout,no,no,170,EN duplicate,thin,use-cases;features;studio,yes,WebPage;FAQPage,
/ky/platforms/facebook-marketplace-product-photos,ky,exists,Product photos for Facebook Marketplace — Vitrina AI Studio,"Prepare product images for Facebook Marketplace: clean backgrounds, exact product cards, AI limitations, and manual quality checks before publishing.",Product photos for Facebook Marketplace,/ky/platforms/facebook-marketplace-product-photos,20-locale hreflang,noindex site-wide layout,no,no,170,EN duplicate,thin,use-cases;features;studio,yes,WebPage;FAQPage,
/uz/platforms/facebook-marketplace-product-photos,uz,exists,Product photos for Facebook Marketplace — Vitrina AI Studio,"Prepare product images for Facebook Marketplace: clean backgrounds, exact product cards, AI limitations, and manual quality checks before publishing.",Product photos for Facebook Marketplace,/uz/platforms/facebook-marketplace-product-photos,20-locale hreflang,noindex site-wide layout,no,no,170,EN duplicate,thin,use-cases;features;studio,yes,WebPage;FAQPage,
/tg/platforms/facebook-marketplace-product-photos,tg,exists,Product photos for Facebook Marketplace — Vitrina AI Studio,"Prepare product images for Facebook Marketplace: clean backgrounds, exact product cards, AI limitations, and manual quality checks before publishing.",Product photos for Facebook Marketplace,/tg/platforms/facebook-marketplace-product-photos,20-locale hreflang,noindex site-wide layout,no,no,170,EN duplicate,thin,use-cases;features;studio,yes,WebPage;FAQPage,
/tr/platforms/facebook-marketplace-product-photos,tr,exists,Product photos for Facebook Marketplace — Vitrina AI Studio,"Prepare product images for Facebook Marketplace: clean backgrounds, exact product cards, AI limitations, and manual quality checks before publishing.",Product photos for Facebook Marketplace,/tr/platforms/facebook-marketplace-product-photos,20-locale hreflang,noindex site-wide layout,no,no,170,EN duplicate,thin,use-cases;features;studio,yes,WebPage;FAQPage,
/az/platforms/facebook-marketplace-product-photos,az,exists,Product photos for Facebook Marketplace — Vitrina AI Studio,"Prepare product images for Facebook Marketplace: clean backgrounds, exact product cards, AI limitations, and manual quality checks before publishing.",Product photos for Facebook Marketplace,/az/platforms/facebook-marketplace-product-photos,20-locale hreflang,noindex site-wide layout,no,no,170,EN duplicate,thin,use-cases;features;studio,yes,WebPage;FAQPage,
/ar/platforms/facebook-marketplace-product-photos,ar,exists,Product photos for Facebook Marketplace — Vitrina AI Studio,"Prepare product images for Facebook Marketplace: clean backgrounds, exact product cards, AI limitations, and manual quality checks before publishing.",Product photos for Facebook Marketplace,/ar/platforms/facebook-marketplace-product-photos,20-locale hreflang,noindex site-wide layout,no,no,170,EN duplicate,thin,use-cases;features;studio,yes,WebPage;FAQPage,
/es/platforms/facebook-marketplace-product-photos,es,exists,Product photos for Facebook Marketplace — Vitrina AI Studio,"Prepare product images for Facebook Marketplace: clean backgrounds, exact product cards, AI limitations, and manual quality checks before publishing.",Product photos for Facebook Marketplace,/es/platforms/facebook-marketplace-product-photos,20-locale hreflang,noindex site-wide layout,no,no,170,EN duplicate,thin,use-cases;features;studio,yes,WebPage;FAQPage,
/pt/platforms/facebook-marketplace-product-photos,pt,exists,Product photos for Facebook Marketplace — Vitrina AI Studio,"Prepare product images for Facebook Marketplace: clean backgrounds, exact product cards, AI limitations, and manual quality checks before publishing.",Product photos for Facebook Marketplace,/pt/platforms/facebook-marketplace-product-photos,20-locale hreflang,noindex site-wide layout,no,no,170,EN duplicate,thin,use-cases;features;studio,yes,WebPage;FAQPage,
/fr/platforms/facebook-marketplace-product-photos,fr,exists,Product photos for Facebook Marketplace — Vitrina AI Studio,"Prepare product images for Facebook Marketplace: clean backgrounds, exact product cards, AI limitations, and manual quality checks before publishing.",Product photos for Facebook Marketplace,/fr/platforms/facebook-marketplace-product-photos,20-locale hreflang,noindex site-wide layout,no,no,170,EN duplicate,thin,use-cases;features;studio,yes,WebPage;FAQPage,
/de/platforms/facebook-marketplace-product-photos,de,exists,Product photos for Facebook Marketplace — Vitrina AI Studio,"Prepare product images for Facebook Marketplace: clean backgrounds, exact product cards, AI limitations, and manual quality checks before publishing.",Product photos for Facebook Marketplace,/de/platforms/facebook-marketplace-product-photos,20-locale hreflang,noindex site-wide layout,no,no,170,EN duplicate,thin,use-cases;features;studio,yes,WebPage;FAQPage,
/it/platforms/facebook-marketplace-product-photos,it,exists,Product photos for Facebook Marketplace — Vitrina AI Studio,"Prepare product images for Facebook Marketplace: clean backgrounds, exact product cards, AI limitations, and manual quality checks before publishing.",Product photos for Facebook Marketplace,/it/platforms/facebook-marketplace-product-photos,20-locale hreflang,noindex site-wide layout,no,no,170,EN duplicate,thin,use-cases;features;studio,yes,WebPage;FAQPage,
/pl/platforms/facebook-marketplace-product-photos,pl,exists,Product photos for Facebook Marketplace — Vitrina AI Studio,"Prepare product images for Facebook Marketplace: clean backgrounds, exact product cards, AI limitations, and manual quality checks before publishing.",Product photos for Facebook Marketplace,/pl/platforms/facebook-marketplace-product-photos,20-locale hreflang,noindex site-wide layout,no,no,170,EN duplicate,thin,use-cases;features;studio,yes,WebPage;FAQPage,
/uk/platforms/facebook-marketplace-product-photos,uk,exists,Product photos for Facebook Marketplace — Vitrina AI Studio,"Prepare product images for Facebook Marketplace: clean backgrounds, exact product cards, AI limitations, and manual quality checks before publishing.",Product photos for Facebook Marketplace,/uk/platforms/facebook-marketplace-product-photos,20-locale hreflang,noindex site-wide layout,no,no,170,EN duplicate,thin,use-cases;features;studio,yes,WebPage;FAQPage,
/hi/platforms/facebook-marketplace-product-photos,hi,exists,Product photos for Facebook Marketplace — Vitrina AI Studio,"Prepare product images for Facebook Marketplace: clean backgrounds, exact product cards, AI limitations, and manual quality checks before publishing.",Product photos for Facebook Marketplace,/hi/platforms/facebook-marketplace-product-photos,20-locale hreflang,noindex site-wide layout,no,no,170,EN duplicate,thin,use-cases;features;studio,yes,WebPage;FAQPage,
/id/platforms/facebook-marketplace-product-photos,id,exists,Product photos for Facebook Marketplace — Vitrina AI Studio,"Prepare product images for Facebook Marketplace: clean backgrounds, exact product cards, AI limitations, and manual quality checks before publishing.",Product photos for Facebook Marketplace,/id/platforms/facebook-marketplace-product-photos,20-locale hreflang,noindex site-wide layout,no,no,170,EN duplicate,thin,use-cases;features;studio,yes,WebPage;FAQPage,
/vi/platforms/facebook-marketplace-product-photos,vi,exists,Product photos for Facebook Marketplace — Vitrina AI Studio,"Prepare product images for Facebook Marketplace: clean backgrounds, exact product cards, AI limitations, and manual quality checks before publishing.",Product photos for Facebook Marketplace,/vi/platforms/facebook-marketplace-product-photos,20-locale hreflang,noindex site-wide layout,no,no,170,EN duplicate,thin,use-cases;features;studio,yes,WebPage;FAQPage,
/zh/platforms/facebook-marketplace-product-photos,zh,exists,Product photos for Facebook Marketplace — Vitrina AI Studio,"Prepare product images for Facebook Marketplace: clean backgrounds, exact product cards, AI limitations, and manual quality checks before publishing.",Product photos for Facebook Marketplace,/zh/platforms/facebook-marketplace-product-photos,20-locale hreflang,noindex site-wide layout,no,no,170,EN duplicate,thin,use-cases;features;studio,yes,WebPage;FAQPage,
/ru/platforms/olx-foto-tovarov,ru,exists,Фото товаров для OLX — Vitrina AI Studio,"Как подготовить изображения товаров для OLX: фон, точность карточки, видео, ограничения AI и ручная проверка перед публикацией.",Фото товаров для OLX,/ru/platforms/olx-foto-tovarov,20-locale hreflang,noindex site-wide layout,yes,yes,151,good template,thin,use-cases;features;studio,yes,WebPage;FAQPage,
/en/platforms/olx-product-photos,en,exists,Product photos for OLX — Vitrina AI Studio,"Prepare product images for OLX: clean backgrounds, exact product cards, AI limitations, and manual quality checks before publishing.",Product photos for OLX,/en/platforms/olx-product-photos,20-locale hreflang,noindex site-wide layout,yes,yes,167,good template,thin,use-cases;features;studio,yes,WebPage;FAQPage,
/kk/platforms/olx-product-photos,kk,exists,Product photos for OLX — Vitrina AI Studio,"Prepare product images for OLX: clean backgrounds, exact product cards, AI limitations, and manual quality checks before publishing.",Product photos for OLX,/kk/platforms/olx-product-photos,20-locale hreflang,noindex site-wide layout,no,no,167,EN duplicate,thin,use-cases;features;studio,yes,WebPage;FAQPage,
/ky/platforms/olx-product-photos,ky,exists,Product photos for OLX — Vitrina AI Studio,"Prepare product images for OLX: clean backgrounds, exact product cards, AI limitations, and manual quality checks before publishing.",Product photos for OLX,/ky/platforms/olx-product-photos,20-locale hreflang,noindex site-wide layout,no,no,167,EN duplicate,thin,use-cases;features;studio,yes,WebPage;FAQPage,
/uz/platforms/olx-product-photos,uz,exists,Product photos for OLX — Vitrina AI Studio,"Prepare product images for OLX: clean backgrounds, exact product cards, AI limitations, and manual quality checks before publishing.",Product photos for OLX,/uz/platforms/olx-product-photos,20-locale hreflang,noindex site-wide layout,no,no,167,EN duplicate,thin,use-cases;features;studio,yes,WebPage;FAQPage,
/tg/platforms/olx-product-photos,tg,exists,Product photos for OLX — Vitrina AI Studio,"Prepare product images for OLX: clean backgrounds, exact product cards, AI limitations, and manual quality checks before publishing.",Product photos for OLX,/tg/platforms/olx-product-photos,20-locale hreflang,noindex site-wide layout,no,no,167,EN duplicate,thin,use-cases;features;studio,yes,WebPage;FAQPage,
/tr/platforms/olx-product-photos,tr,exists,Product photos for OLX — Vitrina AI Studio,"Prepare product images for OLX: clean backgrounds, exact product cards, AI limitations, and manual quality checks before publishing.",Product photos for OLX,/tr/platforms/olx-product-photos,20-locale hreflang,noindex site-wide layout,no,no,167,EN duplicate,thin,use-cases;features;studio,yes,WebPage;FAQPage,
/az/platforms/olx-product-photos,az,exists,Product photos for OLX — Vitrina AI Studio,"Prepare product images for OLX: clean backgrounds, exact product cards, AI limitations, and manual quality checks before publishing.",Product photos for OLX,/az/platforms/olx-product-photos,20-locale hreflang,noindex site-wide layout,no,no,167,EN duplicate,thin,use-cases;features;studio,yes,WebPage;FAQPage,
/ar/platforms/olx-product-photos,ar,exists,Product photos for OLX — Vitrina AI Studio,"Prepare product images for OLX: clean backgrounds, exact product cards, AI limitations, and manual quality checks before publishing.",Product photos for OLX,/ar/platforms/olx-product-photos,20-locale hreflang,noindex site-wide layout,no,no,167,EN duplicate,thin,use-cases;features;studio,yes,WebPage;FAQPage,
/es/platforms/olx-product-photos,es,exists,Product photos for OLX — Vitrina AI Studio,"Prepare product images for OLX: clean backgrounds, exact product cards, AI limitations, and manual quality checks before publishing.",Product photos for OLX,/es/platforms/olx-product-photos,20-locale hreflang,noindex site-wide layout,no,no,167,EN duplicate,thin,use-cases;features;studio,yes,WebPage;FAQPage,
/pt/platforms/olx-product-photos,pt,exists,Product photos for OLX — Vitrina AI Studio,"Prepare product images for OLX: clean backgrounds, exact product cards, AI limitations, and manual quality checks before publishing.",Product photos for OLX,/pt/platforms/olx-product-photos,20-locale hreflang,noindex site-wide layout,no,no,167,EN duplicate,thin,use-cases;features;studio,yes,WebPage;FAQPage,
/fr/platforms/olx-product-photos,fr,exists,Product photos for OLX — Vitrina AI Studio,"Prepare product images for OLX: clean backgrounds, exact product cards, AI limitations, and manual quality checks before publishing.",Product photos for OLX,/fr/platforms/olx-product-photos,20-locale hreflang,noindex site-wide layout,no,no,167,EN duplicate,thin,use-cases;features;studio,yes,WebPage;FAQPage,
/de/platforms/olx-product-photos,de,exists,Product photos for OLX — Vitrina AI Studio,"Prepare product images for OLX: clean backgrounds, exact product cards, AI limitations, and manual quality checks before publishing.",Product photos for OLX,/de/platforms/olx-product-photos,20-locale hreflang,noindex site-wide layout,no,no,167,EN duplicate,thin,use-cases;features;studio,yes,WebPage;FAQPage,
/it/platforms/olx-product-photos,it,exists,Product photos for OLX — Vitrina AI Studio,"Prepare product images for OLX: clean backgrounds, exact product cards, AI limitations, and manual quality checks before publishing.",Product photos for OLX,/it/platforms/olx-product-photos,20-locale hreflang,noindex site-wide layout,no,no,167,EN duplicate,thin,use-cases;features;studio,yes,WebPage;FAQPage,
/pl/platforms/olx-product-photos,pl,exists,Product photos for OLX — Vitrina AI Studio,"Prepare product images for OLX: clean backgrounds, exact product cards, AI limitations, and manual quality checks before publishing.",Product photos for OLX,/pl/platforms/olx-product-photos,20-locale hreflang,noindex site-wide layout,no,no,167,EN duplicate,thin,use-cases;features;studio,yes,WebPage;FAQPage,
/uk/platforms/olx-product-photos,uk,exists,Product photos for OLX — Vitrina AI Studio,"Prepare product images for OLX: clean backgrounds, exact product cards, AI limitations, and manual quality checks before publishing.",Product photos for OLX,/uk/platforms/olx-product-photos,20-locale hreflang,noindex site-wide layout,no,no,167,EN duplicate,thin,use-cases;features;studio,yes,WebPage;FAQPage,
/hi/platforms/olx-product-photos,hi,exists,Product photos for OLX — Vitrina AI Studio,"Prepare product images for OLX: clean backgrounds, exact product cards, AI limitations, and manual quality checks before publishing.",Product photos for OLX,/hi/platforms/olx-product-photos,20-locale hreflang,noindex site-wide layout,no,no,167,EN duplicate,thin,use-cases;features;studio,yes,WebPage;FAQPage,
/id/platforms/olx-product-photos,id,exists,Product photos for OLX — Vitrina AI Studio,"Prepare product images for OLX: clean backgrounds, exact product cards, AI limitations, and manual quality checks before publishing.",Product photos for OLX,/id/platforms/olx-product-photos,20-locale hreflang,noindex site-wide layout,no,no,167,EN duplicate,thin,use-cases;features;studio,yes,WebPage;FAQPage,
/vi/platforms/olx-product-photos,vi,exists,Product photos for OLX — Vitrina AI Studio,"Prepare product images for OLX: clean backgrounds, exact product cards, AI limitations, and manual quality checks before publishing.",Product photos for OLX,/vi/platforms/olx-product-photos,20-locale hreflang,noindex site-wide layout,no,no,167,EN duplicate,thin,use-cases;features;studio,yes,WebPage;FAQPage,
/zh/platforms/olx-product-photos,zh,exists,Product photos for OLX — Vitrina AI Studio,"Prepare product images for OLX: clean backgrounds, exact product cards, AI limitations, and manual quality checks before publishing.",Product photos for OLX,/zh/platforms/olx-product-photos,20-locale hreflang,noindex site-wide layout,no,no,167,EN duplicate,thin,use-cases;features;studio,yes,WebPage;FAQPage,
/ru/platforms/aliexpress-foto-tovarov,ru,exists,Фото товаров для AliExpress — Vitrina AI Studio,"Как подготовить изображения товаров для AliExpress: фон, точность карточки, видео, ограничения AI и ручная проверка перед публикацией.",Фото товаров для AliExpress,/ru/platforms/aliexpress-foto-tovarov,20-locale hreflang,noindex site-wide layout,yes,yes,151,good template,thin,use-cases;features;studio,yes,WebPage;FAQPage,
/en/platforms/aliexpress-product-photos,en,exists,Product photos for AliExpress — Vitrina AI Studio,"Prepare product images for AliExpress: clean backgrounds, exact product cards, AI limitations, and manual quality checks before publishing.",Product photos for AliExpress,/en/platforms/aliexpress-product-photos,20-locale hreflang,noindex site-wide layout,yes,yes,167,good template,thin,use-cases;features;studio,yes,WebPage;FAQPage,
/kk/platforms/aliexpress-product-photos,kk,exists,Product photos for AliExpress — Vitrina AI Studio,"Prepare product images for AliExpress: clean backgrounds, exact product cards, AI limitations, and manual quality checks before publishing.",Product photos for AliExpress,/kk/platforms/aliexpress-product-photos,20-locale hreflang,noindex site-wide layout,no,no,167,EN duplicate,thin,use-cases;features;studio,yes,WebPage;FAQPage,
/ky/platforms/aliexpress-product-photos,ky,exists,Product photos for AliExpress — Vitrina AI Studio,"Prepare product images for AliExpress: clean backgrounds, exact product cards, AI limitations, and manual quality checks before publishing.",Product photos for AliExpress,/ky/platforms/aliexpress-product-photos,20-locale hreflang,noindex site-wide layout,no,no,167,EN duplicate,thin,use-cases;features;studio,yes,WebPage;FAQPage,
/uz/platforms/aliexpress-product-photos,uz,exists,Product photos for AliExpress — Vitrina AI Studio,"Prepare product images for AliExpress: clean backgrounds, exact product cards, AI limitations, and manual quality checks before publishing.",Product photos for AliExpress,/uz/platforms/aliexpress-product-photos,20-locale hreflang,noindex site-wide layout,no,no,167,EN duplicate,thin,use-cases;features;studio,yes,WebPage;FAQPage,
/tg/platforms/aliexpress-product-photos,tg,exists,Product photos for AliExpress — Vitrina AI Studio,"Prepare product images for AliExpress: clean backgrounds, exact product cards, AI limitations, and manual quality checks before publishing.",Product photos for AliExpress,/tg/platforms/aliexpress-product-photos,20-locale hreflang,noindex site-wide layout,no,no,167,EN duplicate,thin,use-cases;features;studio,yes,WebPage;FAQPage,
/tr/platforms/aliexpress-product-photos,tr,exists,Product photos for AliExpress — Vitrina AI Studio,"Prepare product images for AliExpress: clean backgrounds, exact product cards, AI limitations, and manual quality checks before publishing.",Product photos for AliExpress,/tr/platforms/aliexpress-product-photos,20-locale hreflang,noindex site-wide layout,no,no,167,EN duplicate,thin,use-cases;features;studio,yes,WebPage;FAQPage,
/az/platforms/aliexpress-product-photos,az,exists,Product photos for AliExpress — Vitrina AI Studio,"Prepare product images for AliExpress: clean backgrounds, exact product cards, AI limitations, and manual quality checks before publishing.",Product photos for AliExpress,/az/platforms/aliexpress-product-photos,20-locale hreflang,noindex site-wide layout,no,no,167,EN duplicate,thin,use-cases;features;studio,yes,WebPage;FAQPage,
/ar/platforms/aliexpress-product-photos,ar,exists,Product photos for AliExpress — Vitrina AI Studio,"Prepare product images for AliExpress: clean backgrounds, exact product cards, AI limitations, and manual quality checks before publishing.",Product photos for AliExpress,/ar/platforms/aliexpress-product-photos,20-locale hreflang,noindex site-wide layout,no,no,167,EN duplicate,thin,use-cases;features;studio,yes,WebPage;FAQPage,
/es/platforms/aliexpress-product-photos,es,exists,Product photos for AliExpress — Vitrina AI Studio,"Prepare product images for AliExpress: clean backgrounds, exact product cards, AI limitations, and manual quality checks before publishing.",Product photos for AliExpress,/es/platforms/aliexpress-product-photos,20-locale hreflang,noindex site-wide layout,no,no,167,EN duplicate,thin,use-cases;features;studio,yes,WebPage;FAQPage,
/pt/platforms/aliexpress-product-photos,pt,exists,Product photos for AliExpress — Vitrina AI Studio,"Prepare product images for AliExpress: clean backgrounds, exact product cards, AI limitations, and manual quality checks before publishing.",Product photos for AliExpress,/pt/platforms/aliexpress-product-photos,20-locale hreflang,noindex site-wide layout,no,no,167,EN duplicate,thin,use-cases;features;studio,yes,WebPage;FAQPage,
/fr/platforms/aliexpress-product-photos,fr,exists,Product photos for AliExpress — Vitrina AI Studio,"Prepare product images for AliExpress: clean backgrounds, exact product cards, AI limitations, and manual quality checks before publishing.",Product photos for AliExpress,/fr/platforms/aliexpress-product-photos,20-locale hreflang,noindex site-wide layout,no,no,167,EN duplicate,thin,use-cases;features;studio,yes,WebPage;FAQPage,
/de/platforms/aliexpress-product-photos,de,exists,Product photos for AliExpress — Vitrina AI Studio,"Prepare product images for AliExpress: clean backgrounds, exact product cards, AI limitations, and manual quality checks before publishing.",Product photos for AliExpress,/de/platforms/aliexpress-product-photos,20-locale hreflang,noindex site-wide layout,no,no,167,EN duplicate,thin,use-cases;features;studio,yes,WebPage;FAQPage,
/it/platforms/aliexpress-product-photos,it,exists,Product photos for AliExpress — Vitrina AI Studio,"Prepare product images for AliExpress: clean backgrounds, exact product cards, AI limitations, and manual quality checks before publishing.",Product photos for AliExpress,/it/platforms/aliexpress-product-photos,20-locale hreflang,noindex site-wide layout,no,no,167,EN duplicate,thin,use-cases;features;studio,yes,WebPage;FAQPage,
/pl/platforms/aliexpress-product-photos,pl,exists,Product photos for AliExpress — Vitrina AI Studio,"Prepare product images for AliExpress: clean backgrounds, exact product cards, AI limitations, and manual quality checks before publishing.",Product photos for AliExpress,/pl/platforms/aliexpress-product-photos,20-locale hreflang,noindex site-wide layout,no,no,167,EN duplicate,thin,use-cases;features;studio,yes,WebPage;FAQPage,
/uk/platforms/aliexpress-product-photos,uk,exists,Product photos for AliExpress — Vitrina AI Studio,"Prepare product images for AliExpress: clean backgrounds, exact product cards, AI limitations, and manual quality checks before publishing.",Product photos for AliExpress,/uk/platforms/aliexpress-product-photos,20-locale hreflang,noindex site-wide layout,no,no,167,EN duplicate,thin,use-cases;features;studio,yes,WebPage;FAQPage,
/hi/platforms/aliexpress-product-photos,hi,exists,Product photos for AliExpress — Vitrina AI Studio,"Prepare product images for AliExpress: clean backgrounds, exact product cards, AI limitations, and manual quality checks before publishing.",Product photos for AliExpress,/hi/platforms/aliexpress-product-photos,20-locale hreflang,noindex site-wide layout,no,no,167,EN duplicate,thin,use-cases;features;studio,yes,WebPage;FAQPage,
/id/platforms/aliexpress-product-photos,id,exists,Product photos for AliExpress — Vitrina AI Studio,"Prepare product images for AliExpress: clean backgrounds, exact product cards, AI limitations, and manual quality checks before publishing.",Product photos for AliExpress,/id/platforms/aliexpress-product-photos,20-locale hreflang,noindex site-wide layout,no,no,167,EN duplicate,thin,use-cases;features;studio,yes,WebPage;FAQPage,
/vi/platforms/aliexpress-product-photos,vi,exists,Product photos for AliExpress — Vitrina AI Studio,"Prepare product images for AliExpress: clean backgrounds, exact product cards, AI limitations, and manual quality checks before publishing.",Product photos for AliExpress,/vi/platforms/aliexpress-product-photos,20-locale hreflang,noindex site-wide layout,no,no,167,EN duplicate,thin,use-cases;features;studio,yes,WebPage;FAQPage,
/zh/platforms/aliexpress-product-photos,zh,exists,Product photos for AliExpress — Vitrina AI Studio,"Prepare product images for AliExpress: clean backgrounds, exact product cards, AI limitations, and manual quality checks before publishing.",Product photos for AliExpress,/zh/platforms/aliexpress-product-photos,20-locale hreflang,noindex site-wide layout,no,no,167,EN duplicate,thin,use-cases;features;studio,yes,WebPage;FAQPage,
/ru/platforms/temu-foto-tovarov,ru,exists,Фото товаров для Temu — Vitrina AI Studio,"Как подготовить изображения товаров для Temu: фон, точность карточки, видео, ограничения AI и ручная проверка перед публикацией.",Фото товаров для Temu,/ru/platforms/temu-foto-tovarov,20-locale hreflang,noindex site-wide layout,yes,yes,151,good template,thin,use-cases;features;studio,yes,WebPage;FAQPage,
/en/platforms/temu-product-photos,en,exists,Product photos for Temu — Vitrina AI Studio,"Prepare product images for Temu: clean backgrounds, exact product cards, AI limitations, and manual quality checks before publishing.",Product photos for Temu,/en/platforms/temu-product-photos,20-locale hreflang,noindex site-wide layout,yes,yes,167,good template,thin,use-cases;features;studio,yes,WebPage;FAQPage,
/kk/platforms/temu-product-photos,kk,exists,Product photos for Temu — Vitrina AI Studio,"Prepare product images for Temu: clean backgrounds, exact product cards, AI limitations, and manual quality checks before publishing.",Product photos for Temu,/kk/platforms/temu-product-photos,20-locale hreflang,noindex site-wide layout,no,no,167,EN duplicate,thin,use-cases;features;studio,yes,WebPage;FAQPage,
/ky/platforms/temu-product-photos,ky,exists,Product photos for Temu — Vitrina AI Studio,"Prepare product images for Temu: clean backgrounds, exact product cards, AI limitations, and manual quality checks before publishing.",Product photos for Temu,/ky/platforms/temu-product-photos,20-locale hreflang,noindex site-wide layout,no,no,167,EN duplicate,thin,use-cases;features;studio,yes,WebPage;FAQPage,
/uz/platforms/temu-product-photos,uz,exists,Product photos for Temu — Vitrina AI Studio,"Prepare product images for Temu: clean backgrounds, exact product cards, AI limitations, and manual quality checks before publishing.",Product photos for Temu,/uz/platforms/temu-product-photos,20-locale hreflang,noindex site-wide layout,no,no,167,EN duplicate,thin,use-cases;features;studio,yes,WebPage;FAQPage,
/tg/platforms/temu-product-photos,tg,exists,Product photos for Temu — Vitrina AI Studio,"Prepare product images for Temu: clean backgrounds, exact product cards, AI limitations, and manual quality checks before publishing.",Product photos for Temu,/tg/platforms/temu-product-photos,20-locale hreflang,noindex site-wide layout,no,no,167,EN duplicate,thin,use-cases;features;studio,yes,WebPage;FAQPage,
/tr/platforms/temu-product-photos,tr,exists,Product photos for Temu — Vitrina AI Studio,"Prepare product images for Temu: clean backgrounds, exact product cards, AI limitations, and manual quality checks before publishing.",Product photos for Temu,/tr/platforms/temu-product-photos,20-locale hreflang,noindex site-wide layout,no,no,167,EN duplicate,thin,use-cases;features;studio,yes,WebPage;FAQPage,
/az/platforms/temu-product-photos,az,exists,Product photos for Temu — Vitrina AI Studio,"Prepare product images for Temu: clean backgrounds, exact product cards, AI limitations, and manual quality checks before publishing.",Product photos for Temu,/az/platforms/temu-product-photos,20-locale hreflang,noindex site-wide layout,no,no,167,EN duplicate,thin,use-cases;features;studio,yes,WebPage;FAQPage,
/ar/platforms/temu-product-photos,ar,exists,Product photos for Temu — Vitrina AI Studio,"Prepare product images for Temu: clean backgrounds, exact product cards, AI limitations, and manual quality checks before publishing.",Product photos for Temu,/ar/platforms/temu-product-photos,20-locale hreflang,noindex site-wide layout,no,no,167,EN duplicate,thin,use-cases;features;studio,yes,WebPage;FAQPage,
/es/platforms/temu-product-photos,es,exists,Product photos for Temu — Vitrina AI Studio,"Prepare product images for Temu: clean backgrounds, exact product cards, AI limitations, and manual quality checks before publishing.",Product photos for Temu,/es/platforms/temu-product-photos,20-locale hreflang,noindex site-wide layout,no,no,167,EN duplicate,thin,use-cases;features;studio,yes,WebPage;FAQPage,
/pt/platforms/temu-product-photos,pt,exists,Product photos for Temu — Vitrina AI Studio,"Prepare product images for Temu: clean backgrounds, exact product cards, AI limitations, and manual quality checks before publishing.",Product photos for Temu,/pt/platforms/temu-product-photos,20-locale hreflang,noindex site-wide layout,no,no,167,EN duplicate,thin,use-cases;features;studio,yes,WebPage;FAQPage,
/fr/platforms/temu-product-photos,fr,exists,Product photos for Temu — Vitrina AI Studio,"Prepare product images for Temu: clean backgrounds, exact product cards, AI limitations, and manual quality checks before publishing.",Product photos for Temu,/fr/platforms/temu-product-photos,20-locale hreflang,noindex site-wide layout,no,no,167,EN duplicate,thin,use-cases;features;studio,yes,WebPage;FAQPage,
/de/platforms/temu-product-photos,de,exists,Product photos for Temu — Vitrina AI Studio,"Prepare product images for Temu: clean backgrounds, exact product cards, AI limitations, and manual quality checks before publishing.",Product photos for Temu,/de/platforms/temu-product-photos,20-locale hreflang,noindex site-wide layout,no,no,167,EN duplicate,thin,use-cases;features;studio,yes,WebPage;FAQPage,
/it/platforms/temu-product-photos,it,exists,Product photos for Temu — Vitrina AI Studio,"Prepare product images for Temu: clean backgrounds, exact product cards, AI limitations, and manual quality checks before publishing.",Product photos for Temu,/it/platforms/temu-product-photos,20-locale hreflang,noindex site-wide layout,no,no,167,EN duplicate,thin,use-cases;features;studio,yes,WebPage;FAQPage,
/pl/platforms/temu-product-photos,pl,exists,Product photos for Temu — Vitrina AI Studio,"Prepare product images for Temu: clean backgrounds, exact product cards, AI limitations, and manual quality checks before publishing.",Product photos for Temu,/pl/platforms/temu-product-photos,20-locale hreflang,noindex site-wide layout,no,no,167,EN duplicate,thin,use-cases;features;studio,yes,WebPage;FAQPage,
/uk/platforms/temu-product-photos,uk,exists,Product photos for Temu — Vitrina AI Studio,"Prepare product images for Temu: clean backgrounds, exact product cards, AI limitations, and manual quality checks before publishing.",Product photos for Temu,/uk/platforms/temu-product-photos,20-locale hreflang,noindex site-wide layout,no,no,167,EN duplicate,thin,use-cases;features;studio,yes,WebPage;FAQPage,
/hi/platforms/temu-product-photos,hi,exists,Product photos for Temu — Vitrina AI Studio,"Prepare product images for Temu: clean backgrounds, exact product cards, AI limitations, and manual quality checks before publishing.",Product photos for Temu,/hi/platforms/temu-product-photos,20-locale hreflang,noindex site-wide layout,no,no,167,EN duplicate,thin,use-cases;features;studio,yes,WebPage;FAQPage,
/id/platforms/temu-product-photos,id,exists,Product photos for Temu — Vitrina AI Studio,"Prepare product images for Temu: clean backgrounds, exact product cards, AI limitations, and manual quality checks before publishing.",Product photos for Temu,/id/platforms/temu-product-photos,20-locale hreflang,noindex site-wide layout,no,no,167,EN duplicate,thin,use-cases;features;studio,yes,WebPage;FAQPage,
/vi/platforms/temu-product-photos,vi,exists,Product photos for Temu — Vitrina AI Studio,"Prepare product images for Temu: clean backgrounds, exact product cards, AI limitations, and manual quality checks before publishing.",Product photos for Temu,/vi/platforms/temu-product-photos,20-locale hreflang,noindex site-wide layout,no,no,167,EN duplicate,thin,use-cases;features;studio,yes,WebPage;FAQPage,
/zh/platforms/temu-product-photos,zh,exists,Product photos for Temu — Vitrina AI Studio,"Prepare product images for Temu: clean backgrounds, exact product cards, AI limitations, and manual quality checks before publishing.",Product photos for Temu,/zh/platforms/temu-product-photos,20-locale hreflang,noindex site-wide layout,no,no,167,EN duplicate,thin,use-cases;features;studio,yes,WebPage;FAQPage,
/ru/use-cases/odezhda-na-ai-modeli,ru,exists,Одежда на AI-модели — Vitrina AI Studio,"Как использовать Vitrina AI Studio для сценария «одежда на AI-модели»: подготовка фото, проверка качества, ограничения AI и ссылки на платформы.",Одежда на AI-модели,/ru/use-cases/odezhda-na-ai-modeli,20-locale hreflang,noindex site-wide layout,yes,yes,121,ok,thin,platforms;features;studio,yes,WebPage;FAQPage,
/en/use-cases/clothing-on-ai-model,en,exists,Clothing on AI model — Vitrina AI Studio,"How to use Vitrina AI Studio for clothing on AI model: photo preparation, quality review, AI limitations, and internal links to related platforms.",Clothing on AI model,/en/use-cases/clothing-on-ai-model,20-locale hreflang,noindex site-wide layout,yes,yes,133,ok,thin,platforms;features;studio,yes,WebPage;FAQPage,
/kk/use-cases/clothing-on-ai-model,kk,exists,Clothing on AI model — Vitrina AI Studio,"How to use Vitrina AI Studio for clothing on AI model: photo preparation, quality review, AI limitations, and internal links to related platforms.",Clothing on AI model,/kk/use-cases/clothing-on-ai-model,20-locale hreflang,noindex site-wide layout,no,no,133,EN duplicate,thin,platforms;features;studio,yes,WebPage;FAQPage,
/ky/use-cases/clothing-on-ai-model,ky,exists,Clothing on AI model — Vitrina AI Studio,"How to use Vitrina AI Studio for clothing on AI model: photo preparation, quality review, AI limitations, and internal links to related platforms.",Clothing on AI model,/ky/use-cases/clothing-on-ai-model,20-locale hreflang,noindex site-wide layout,no,no,133,EN duplicate,thin,platforms;features;studio,yes,WebPage;FAQPage,
/uz/use-cases/clothing-on-ai-model,uz,exists,Clothing on AI model — Vitrina AI Studio,"How to use Vitrina AI Studio for clothing on AI model: photo preparation, quality review, AI limitations, and internal links to related platforms.",Clothing on AI model,/uz/use-cases/clothing-on-ai-model,20-locale hreflang,noindex site-wide layout,no,no,133,EN duplicate,thin,platforms;features;studio,yes,WebPage;FAQPage,
/tg/use-cases/clothing-on-ai-model,tg,exists,Clothing on AI model — Vitrina AI Studio,"How to use Vitrina AI Studio for clothing on AI model: photo preparation, quality review, AI limitations, and internal links to related platforms.",Clothing on AI model,/tg/use-cases/clothing-on-ai-model,20-locale hreflang,noindex site-wide layout,no,no,133,EN duplicate,thin,platforms;features;studio,yes,WebPage;FAQPage,
/tr/use-cases/clothing-on-ai-model,tr,exists,Clothing on AI model — Vitrina AI Studio,"How to use Vitrina AI Studio for clothing on AI model: photo preparation, quality review, AI limitations, and internal links to related platforms.",Clothing on AI model,/tr/use-cases/clothing-on-ai-model,20-locale hreflang,noindex site-wide layout,no,no,133,EN duplicate,thin,platforms;features;studio,yes,WebPage;FAQPage,
/az/use-cases/clothing-on-ai-model,az,exists,Clothing on AI model — Vitrina AI Studio,"How to use Vitrina AI Studio for clothing on AI model: photo preparation, quality review, AI limitations, and internal links to related platforms.",Clothing on AI model,/az/use-cases/clothing-on-ai-model,20-locale hreflang,noindex site-wide layout,no,no,133,EN duplicate,thin,platforms;features;studio,yes,WebPage;FAQPage,
/ar/use-cases/clothing-on-ai-model,ar,exists,Clothing on AI model — Vitrina AI Studio,"How to use Vitrina AI Studio for clothing on AI model: photo preparation, quality review, AI limitations, and internal links to related platforms.",Clothing on AI model,/ar/use-cases/clothing-on-ai-model,20-locale hreflang,noindex site-wide layout,no,no,133,EN duplicate,thin,platforms;features;studio,yes,WebPage;FAQPage,
/es/use-cases/clothing-on-ai-model,es,exists,Clothing on AI model — Vitrina AI Studio,"How to use Vitrina AI Studio for clothing on AI model: photo preparation, quality review, AI limitations, and internal links to related platforms.",Clothing on AI model,/es/use-cases/clothing-on-ai-model,20-locale hreflang,noindex site-wide layout,no,no,133,EN duplicate,thin,platforms;features;studio,yes,WebPage;FAQPage,
/pt/use-cases/clothing-on-ai-model,pt,exists,Clothing on AI model — Vitrina AI Studio,"How to use Vitrina AI Studio for clothing on AI model: photo preparation, quality review, AI limitations, and internal links to related platforms.",Clothing on AI model,/pt/use-cases/clothing-on-ai-model,20-locale hreflang,noindex site-wide layout,no,no,133,EN duplicate,thin,platforms;features;studio,yes,WebPage;FAQPage,
/fr/use-cases/clothing-on-ai-model,fr,exists,Clothing on AI model — Vitrina AI Studio,"How to use Vitrina AI Studio for clothing on AI model: photo preparation, quality review, AI limitations, and internal links to related platforms.",Clothing on AI model,/fr/use-cases/clothing-on-ai-model,20-locale hreflang,noindex site-wide layout,no,no,133,EN duplicate,thin,platforms;features;studio,yes,WebPage;FAQPage,
/de/use-cases/clothing-on-ai-model,de,exists,Clothing on AI model — Vitrina AI Studio,"How to use Vitrina AI Studio for clothing on AI model: photo preparation, quality review, AI limitations, and internal links to related platforms.",Clothing on AI model,/de/use-cases/clothing-on-ai-model,20-locale hreflang,noindex site-wide layout,no,no,133,EN duplicate,thin,platforms;features;studio,yes,WebPage;FAQPage,
/it/use-cases/clothing-on-ai-model,it,exists,Clothing on AI model — Vitrina AI Studio,"How to use Vitrina AI Studio for clothing on AI model: photo preparation, quality review, AI limitations, and internal links to related platforms.",Clothing on AI model,/it/use-cases/clothing-on-ai-model,20-locale hreflang,noindex site-wide layout,no,no,133,EN duplicate,thin,platforms;features;studio,yes,WebPage;FAQPage,
/pl/use-cases/clothing-on-ai-model,pl,exists,Clothing on AI model — Vitrina AI Studio,"How to use Vitrina AI Studio for clothing on AI model: photo preparation, quality review, AI limitations, and internal links to related platforms.",Clothing on AI model,/pl/use-cases/clothing-on-ai-model,20-locale hreflang,noindex site-wide layout,no,no,133,EN duplicate,thin,platforms;features;studio,yes,WebPage;FAQPage,
/uk/use-cases/clothing-on-ai-model,uk,exists,Clothing on AI model — Vitrina AI Studio,"How to use Vitrina AI Studio for clothing on AI model: photo preparation, quality review, AI limitations, and internal links to related platforms.",Clothing on AI model,/uk/use-cases/clothing-on-ai-model,20-locale hreflang,noindex site-wide layout,no,no,133,EN duplicate,thin,platforms;features;studio,yes,WebPage;FAQPage,
/hi/use-cases/clothing-on-ai-model,hi,exists,Clothing on AI model — Vitrina AI Studio,"How to use Vitrina AI Studio for clothing on AI model: photo preparation, quality review, AI limitations, and internal links to related platforms.",Clothing on AI model,/hi/use-cases/clothing-on-ai-model,20-locale hreflang,noindex site-wide layout,no,no,133,EN duplicate,thin,platforms;features;studio,yes,WebPage;FAQPage,
/id/use-cases/clothing-on-ai-model,id,exists,Clothing on AI model — Vitrina AI Studio,"How to use Vitrina AI Studio for clothing on AI model: photo preparation, quality review, AI limitations, and internal links to related platforms.",Clothing on AI model,/id/use-cases/clothing-on-ai-model,20-locale hreflang,noindex site-wide layout,no,no,133,EN duplicate,thin,platforms;features;studio,yes,WebPage;FAQPage,
/vi/use-cases/clothing-on-ai-model,vi,exists,Clothing on AI model — Vitrina AI Studio,"How to use Vitrina AI Studio for clothing on AI model: photo preparation, quality review, AI limitations, and internal links to related platforms.",Clothing on AI model,/vi/use-cases/clothing-on-ai-model,20-locale hreflang,noindex site-wide layout,no,no,133,EN duplicate,thin,platforms;features;studio,yes,WebPage;FAQPage,
/zh/use-cases/clothing-on-ai-model,zh,exists,Clothing on AI model — Vitrina AI Studio,"How to use Vitrina AI Studio for clothing on AI model: photo preparation, quality review, AI limitations, and internal links to related platforms.",Clothing on AI model,/zh/use-cases/clothing-on-ai-model,20-locale hreflang,noindex site-wide layout,no,no,133,EN duplicate,thin,platforms;features;studio,yes,WebPage;FAQPage,
/ru/use-cases/bele-na-ai-modeli,ru,exists,Бельё на AI-модели — Vitrina AI Studio,"Как использовать Vitrina AI Studio для сценария «бельё на AI-модели»: подготовка фото, проверка качества, ограничения AI и ссылки на платформы.",Бельё на AI-модели,/ru/use-cases/bele-na-ai-modeli,20-locale hreflang,noindex site-wide layout,yes,yes,119,ok,thin,platforms;features;studio,yes,WebPage;FAQPage,
/en/use-cases/lingerie-on-ai-model,en,exists,Lingerie on AI model — Vitrina AI Studio,"How to use Vitrina AI Studio for lingerie on AI model: photo preparation, quality review, AI limitations, and internal links to related platforms.",Lingerie on AI model,/en/use-cases/lingerie-on-ai-model,20-locale hreflang,noindex site-wide layout,yes,yes,131,ok,thin,platforms;features;studio,yes,WebPage;FAQPage,
/kk/use-cases/lingerie-on-ai-model,kk,exists,Lingerie on AI model — Vitrina AI Studio,"How to use Vitrina AI Studio for lingerie on AI model: photo preparation, quality review, AI limitations, and internal links to related platforms.",Lingerie on AI model,/kk/use-cases/lingerie-on-ai-model,20-locale hreflang,noindex site-wide layout,no,no,131,EN duplicate,thin,platforms;features;studio,yes,WebPage;FAQPage,
/ky/use-cases/lingerie-on-ai-model,ky,exists,Lingerie on AI model — Vitrina AI Studio,"How to use Vitrina AI Studio for lingerie on AI model: photo preparation, quality review, AI limitations, and internal links to related platforms.",Lingerie on AI model,/ky/use-cases/lingerie-on-ai-model,20-locale hreflang,noindex site-wide layout,no,no,131,EN duplicate,thin,platforms;features;studio,yes,WebPage;FAQPage,
/uz/use-cases/lingerie-on-ai-model,uz,exists,Lingerie on AI model — Vitrina AI Studio,"How to use Vitrina AI Studio for lingerie on AI model: photo preparation, quality review, AI limitations, and internal links to related platforms.",Lingerie on AI model,/uz/use-cases/lingerie-on-ai-model,20-locale hreflang,noindex site-wide layout,no,no,131,EN duplicate,thin,platforms;features;studio,yes,WebPage;FAQPage,
/tg/use-cases/lingerie-on-ai-model,tg,exists,Lingerie on AI model — Vitrina AI Studio,"How to use Vitrina AI Studio for lingerie on AI model: photo preparation, quality review, AI limitations, and internal links to related platforms.",Lingerie on AI model,/tg/use-cases/lingerie-on-ai-model,20-locale hreflang,noindex site-wide layout,no,no,131,EN duplicate,thin,platforms;features;studio,yes,WebPage;FAQPage,
/tr/use-cases/lingerie-on-ai-model,tr,exists,Lingerie on AI model — Vitrina AI Studio,"How to use Vitrina AI Studio for lingerie on AI model: photo preparation, quality review, AI limitations, and internal links to related platforms.",Lingerie on AI model,/tr/use-cases/lingerie-on-ai-model,20-locale hreflang,noindex site-wide layout,no,no,131,EN duplicate,thin,platforms;features;studio,yes,WebPage;FAQPage,
/az/use-cases/lingerie-on-ai-model,az,exists,Lingerie on AI model — Vitrina AI Studio,"How to use Vitrina AI Studio for lingerie on AI model: photo preparation, quality review, AI limitations, and internal links to related platforms.",Lingerie on AI model,/az/use-cases/lingerie-on-ai-model,20-locale hreflang,noindex site-wide layout,no,no,131,EN duplicate,thin,platforms;features;studio,yes,WebPage;FAQPage,
/ar/use-cases/lingerie-on-ai-model,ar,exists,Lingerie on AI model — Vitrina AI Studio,"How to use Vitrina AI Studio for lingerie on AI model: photo preparation, quality review, AI limitations, and internal links to related platforms.",Lingerie on AI model,/ar/use-cases/lingerie-on-ai-model,20-locale hreflang,noindex site-wide layout,no,no,131,EN duplicate,thin,platforms;features;studio,yes,WebPage;FAQPage,
/es/use-cases/lingerie-on-ai-model,es,exists,Lingerie on AI model — Vitrina AI Studio,"How to use Vitrina AI Studio for lingerie on AI model: photo preparation, quality review, AI limitations, and internal links to related platforms.",Lingerie on AI model,/es/use-cases/lingerie-on-ai-model,20-locale hreflang,noindex site-wide layout,no,no,131,EN duplicate,thin,platforms;features;studio,yes,WebPage;FAQPage,
/pt/use-cases/lingerie-on-ai-model,pt,exists,Lingerie on AI model — Vitrina AI Studio,"How to use Vitrina AI Studio for lingerie on AI model: photo preparation, quality review, AI limitations, and internal links to related platforms.",Lingerie on AI model,/pt/use-cases/lingerie-on-ai-model,20-locale hreflang,noindex site-wide layout,no,no,131,EN duplicate,thin,platforms;features;studio,yes,WebPage;FAQPage,
/fr/use-cases/lingerie-on-ai-model,fr,exists,Lingerie on AI model — Vitrina AI Studio,"How to use Vitrina AI Studio for lingerie on AI model: photo preparation, quality review, AI limitations, and internal links to related platforms.",Lingerie on AI model,/fr/use-cases/lingerie-on-ai-model,20-locale hreflang,noindex site-wide layout,no,no,131,EN duplicate,thin,platforms;features;studio,yes,WebPage;FAQPage,
/de/use-cases/lingerie-on-ai-model,de,exists,Lingerie on AI model — Vitrina AI Studio,"How to use Vitrina AI Studio for lingerie on AI model: photo preparation, quality review, AI limitations, and internal links to related platforms.",Lingerie on AI model,/de/use-cases/lingerie-on-ai-model,20-locale hreflang,noindex site-wide layout,no,no,131,EN duplicate,thin,platforms;features;studio,yes,WebPage;FAQPage,
/it/use-cases/lingerie-on-ai-model,it,exists,Lingerie on AI model — Vitrina AI Studio,"How to use Vitrina AI Studio for lingerie on AI model: photo preparation, quality review, AI limitations, and internal links to related platforms.",Lingerie on AI model,/it/use-cases/lingerie-on-ai-model,20-locale hreflang,noindex site-wide layout,no,no,131,EN duplicate,thin,platforms;features;studio,yes,WebPage;FAQPage,
/pl/use-cases/lingerie-on-ai-model,pl,exists,Lingerie on AI model — Vitrina AI Studio,"How to use Vitrina AI Studio for lingerie on AI model: photo preparation, quality review, AI limitations, and internal links to related platforms.",Lingerie on AI model,/pl/use-cases/lingerie-on-ai-model,20-locale hreflang,noindex site-wide layout,no,no,131,EN duplicate,thin,platforms;features;studio,yes,WebPage;FAQPage,
/uk/use-cases/lingerie-on-ai-model,uk,exists,Lingerie on AI model — Vitrina AI Studio,"How to use Vitrina AI Studio for lingerie on AI model: photo preparation, quality review, AI limitations, and internal links to related platforms.",Lingerie on AI model,/uk/use-cases/lingerie-on-ai-model,20-locale hreflang,noindex site-wide layout,no,no,131,EN duplicate,thin,platforms;features;studio,yes,WebPage;FAQPage,
/hi/use-cases/lingerie-on-ai-model,hi,exists,Lingerie on AI model — Vitrina AI Studio,"How to use Vitrina AI Studio for lingerie on AI model: photo preparation, quality review, AI limitations, and internal links to related platforms.",Lingerie on AI model,/hi/use-cases/lingerie-on-ai-model,20-locale hreflang,noindex site-wide layout,no,no,131,EN duplicate,thin,platforms;features;studio,yes,WebPage;FAQPage,
/id/use-cases/lingerie-on-ai-model,id,exists,Lingerie on AI model — Vitrina AI Studio,"How to use Vitrina AI Studio for lingerie on AI model: photo preparation, quality review, AI limitations, and internal links to related platforms.",Lingerie on AI model,/id/use-cases/lingerie-on-ai-model,20-locale hreflang,noindex site-wide layout,no,no,131,EN duplicate,thin,platforms;features;studio,yes,WebPage;FAQPage,
/vi/use-cases/lingerie-on-ai-model,vi,exists,Lingerie on AI model — Vitrina AI Studio,"How to use Vitrina AI Studio for lingerie on AI model: photo preparation, quality review, AI limitations, and internal links to related platforms.",Lingerie on AI model,/vi/use-cases/lingerie-on-ai-model,20-locale hreflang,noindex site-wide layout,no,no,131,EN duplicate,thin,platforms;features;studio,yes,WebPage;FAQPage,
/zh/use-cases/lingerie-on-ai-model,zh,exists,Lingerie on AI model — Vitrina AI Studio,"How to use Vitrina AI Studio for lingerie on AI model: photo preparation, quality review, AI limitations, and internal links to related platforms.",Lingerie on AI model,/zh/use-cases/lingerie-on-ai-model,20-locale hreflang,noindex site-wide layout,no,no,131,EN duplicate,thin,platforms;features;studio,yes,WebPage;FAQPage,
/ru/use-cases/plus-size-model-foto,ru,exists,Фото plus-size модели для одежды — Vitrina AI Studio,"Как использовать Vitrina AI Studio для сценария «фото plus-size модели для одежды»: подготовка фото, проверка качества, ограничения AI и ссылки на платформы.",Фото plus-size модели для одежды,/ru/use-cases/plus-size-model-foto,20-locale hreflang,noindex site-wide layout,yes,yes,122,ok,thin,platforms;features;studio,yes,WebPage;FAQPage,
/en/use-cases/plus-size-model-photos,en,exists,Plus-size model photos — Vitrina AI Studio,"How to use Vitrina AI Studio for plus-size model photos: photo preparation, quality review, AI limitations, and internal links to related platforms.",Plus-size model photos,/en/use-cases/plus-size-model-photos,20-locale hreflang,noindex site-wide layout,yes,yes,131,ok,thin,platforms;features;studio,yes,WebPage;FAQPage,
/kk/use-cases/plus-size-model-photos,kk,exists,Plus-size model photos — Vitrina AI Studio,"How to use Vitrina AI Studio for plus-size model photos: photo preparation, quality review, AI limitations, and internal links to related platforms.",Plus-size model photos,/kk/use-cases/plus-size-model-photos,20-locale hreflang,noindex site-wide layout,no,no,131,EN duplicate,thin,platforms;features;studio,yes,WebPage;FAQPage,
/ky/use-cases/plus-size-model-photos,ky,exists,Plus-size model photos — Vitrina AI Studio,"How to use Vitrina AI Studio for plus-size model photos: photo preparation, quality review, AI limitations, and internal links to related platforms.",Plus-size model photos,/ky/use-cases/plus-size-model-photos,20-locale hreflang,noindex site-wide layout,no,no,131,EN duplicate,thin,platforms;features;studio,yes,WebPage;FAQPage,
/uz/use-cases/plus-size-model-photos,uz,exists,Plus-size model photos — Vitrina AI Studio,"How to use Vitrina AI Studio for plus-size model photos: photo preparation, quality review, AI limitations, and internal links to related platforms.",Plus-size model photos,/uz/use-cases/plus-size-model-photos,20-locale hreflang,noindex site-wide layout,no,no,131,EN duplicate,thin,platforms;features;studio,yes,WebPage;FAQPage,
/tg/use-cases/plus-size-model-photos,tg,exists,Plus-size model photos — Vitrina AI Studio,"How to use Vitrina AI Studio for plus-size model photos: photo preparation, quality review, AI limitations, and internal links to related platforms.",Plus-size model photos,/tg/use-cases/plus-size-model-photos,20-locale hreflang,noindex site-wide layout,no,no,131,EN duplicate,thin,platforms;features;studio,yes,WebPage;FAQPage,
/tr/use-cases/plus-size-model-photos,tr,exists,Plus-size model photos — Vitrina AI Studio,"How to use Vitrina AI Studio for plus-size model photos: photo preparation, quality review, AI limitations, and internal links to related platforms.",Plus-size model photos,/tr/use-cases/plus-size-model-photos,20-locale hreflang,noindex site-wide layout,no,no,131,EN duplicate,thin,platforms;features;studio,yes,WebPage;FAQPage,
/az/use-cases/plus-size-model-photos,az,exists,Plus-size model photos — Vitrina AI Studio,"How to use Vitrina AI Studio for plus-size model photos: photo preparation, quality review, AI limitations, and internal links to related platforms.",Plus-size model photos,/az/use-cases/plus-size-model-photos,20-locale hreflang,noindex site-wide layout,no,no,131,EN duplicate,thin,platforms;features;studio,yes,WebPage;FAQPage,
/ar/use-cases/plus-size-model-photos,ar,exists,Plus-size model photos — Vitrina AI Studio,"How to use Vitrina AI Studio for plus-size model photos: photo preparation, quality review, AI limitations, and internal links to related platforms.",Plus-size model photos,/ar/use-cases/plus-size-model-photos,20-locale hreflang,noindex site-wide layout,no,no,131,EN duplicate,thin,platforms;features;studio,yes,WebPage;FAQPage,
/es/use-cases/plus-size-model-photos,es,exists,Plus-size model photos — Vitrina AI Studio,"How to use Vitrina AI Studio for plus-size model photos: photo preparation, quality review, AI limitations, and internal links to related platforms.",Plus-size model photos,/es/use-cases/plus-size-model-photos,20-locale hreflang,noindex site-wide layout,no,no,131,EN duplicate,thin,platforms;features;studio,yes,WebPage;FAQPage,
/pt/use-cases/plus-size-model-photos,pt,exists,Plus-size model photos — Vitrina AI Studio,"How to use Vitrina AI Studio for plus-size model photos: photo preparation, quality review, AI limitations, and internal links to related platforms.",Plus-size model photos,/pt/use-cases/plus-size-model-photos,20-locale hreflang,noindex site-wide layout,no,no,131,EN duplicate,thin,platforms;features;studio,yes,WebPage;FAQPage,
/fr/use-cases/plus-size-model-photos,fr,exists,Plus-size model photos — Vitrina AI Studio,"How to use Vitrina AI Studio for plus-size model photos: photo preparation, quality review, AI limitations, and internal links to related platforms.",Plus-size model photos,/fr/use-cases/plus-size-model-photos,20-locale hreflang,noindex site-wide layout,no,no,131,EN duplicate,thin,platforms;features;studio,yes,WebPage;FAQPage,
/de/use-cases/plus-size-model-photos,de,exists,Plus-size model photos — Vitrina AI Studio,"How to use Vitrina AI Studio for plus-size model photos: photo preparation, quality review, AI limitations, and internal links to related platforms.",Plus-size model photos,/de/use-cases/plus-size-model-photos,20-locale hreflang,noindex site-wide layout,no,no,131,EN duplicate,thin,platforms;features;studio,yes,WebPage;FAQPage,
/it/use-cases/plus-size-model-photos,it,exists,Plus-size model photos — Vitrina AI Studio,"How to use Vitrina AI Studio for plus-size model photos: photo preparation, quality review, AI limitations, and internal links to related platforms.",Plus-size model photos,/it/use-cases/plus-size-model-photos,20-locale hreflang,noindex site-wide layout,no,no,131,EN duplicate,thin,platforms;features;studio,yes,WebPage;FAQPage,
/pl/use-cases/plus-size-model-photos,pl,exists,Plus-size model photos — Vitrina AI Studio,"How to use Vitrina AI Studio for plus-size model photos: photo preparation, quality review, AI limitations, and internal links to related platforms.",Plus-size model photos,/pl/use-cases/plus-size-model-photos,20-locale hreflang,noindex site-wide layout,no,no,131,EN duplicate,thin,platforms;features;studio,yes,WebPage;FAQPage,
/uk/use-cases/plus-size-model-photos,uk,exists,Plus-size model photos — Vitrina AI Studio,"How to use Vitrina AI Studio for plus-size model photos: photo preparation, quality review, AI limitations, and internal links to related platforms.",Plus-size model photos,/uk/use-cases/plus-size-model-photos,20-locale hreflang,noindex site-wide layout,no,no,131,EN duplicate,thin,platforms;features;studio,yes,WebPage;FAQPage,
/hi/use-cases/plus-size-model-photos,hi,exists,Plus-size model photos — Vitrina AI Studio,"How to use Vitrina AI Studio for plus-size model photos: photo preparation, quality review, AI limitations, and internal links to related platforms.",Plus-size model photos,/hi/use-cases/plus-size-model-photos,20-locale hreflang,noindex site-wide layout,no,no,131,EN duplicate,thin,platforms;features;studio,yes,WebPage;FAQPage,
/id/use-cases/plus-size-model-photos,id,exists,Plus-size model photos — Vitrina AI Studio,"How to use Vitrina AI Studio for plus-size model photos: photo preparation, quality review, AI limitations, and internal links to related platforms.",Plus-size model photos,/id/use-cases/plus-size-model-photos,20-locale hreflang,noindex site-wide layout,no,no,131,EN duplicate,thin,platforms;features;studio,yes,WebPage;FAQPage,
/vi/use-cases/plus-size-model-photos,vi,exists,Plus-size model photos — Vitrina AI Studio,"How to use Vitrina AI Studio for plus-size model photos: photo preparation, quality review, AI limitations, and internal links to related platforms.",Plus-size model photos,/vi/use-cases/plus-size-model-photos,20-locale hreflang,noindex site-wide layout,no,no,131,EN duplicate,thin,platforms;features;studio,yes,WebPage;FAQPage,
/zh/use-cases/plus-size-model-photos,zh,exists,Plus-size model photos — Vitrina AI Studio,"How to use Vitrina AI Studio for plus-size model photos: photo preparation, quality review, AI limitations, and internal links to related platforms.",Plus-size model photos,/zh/use-cases/plus-size-model-photos,20-locale hreflang,noindex site-wide layout,no,no,131,EN duplicate,thin,platforms;features;studio,yes,WebPage;FAQPage,
/ru/use-cases/foto-bizhuterii,ru,exists,Фото бижутерии для маркетплейса — Vitrina AI Studio,"Как использовать Vitrina AI Studio для сценария «фото бижутерии для маркетплейса»: подготовка фото, проверка качества, ограничения AI и ссылки на платформы.",Фото бижутерии для маркетплейса,/ru/use-cases/foto-bizhuterii,20-locale hreflang,noindex site-wide layout,yes,yes,120,ok,thin,platforms;features;studio,yes,WebPage;FAQPage,
/en/use-cases/jewelry-product-photos,en,exists,Jewelry product photos — Vitrina AI Studio,"How to use Vitrina AI Studio for jewelry product photos: photo preparation, quality review, AI limitations, and internal links to related platforms.",Jewelry product photos,/en/use-cases/jewelry-product-photos,20-locale hreflang,noindex site-wide layout,yes,yes,130,ok,thin,platforms;features;studio,yes,WebPage;FAQPage,
/kk/use-cases/jewelry-product-photos,kk,exists,Jewelry product photos — Vitrina AI Studio,"How to use Vitrina AI Studio for jewelry product photos: photo preparation, quality review, AI limitations, and internal links to related platforms.",Jewelry product photos,/kk/use-cases/jewelry-product-photos,20-locale hreflang,noindex site-wide layout,no,no,130,EN duplicate,thin,platforms;features;studio,yes,WebPage;FAQPage,
/ky/use-cases/jewelry-product-photos,ky,exists,Jewelry product photos — Vitrina AI Studio,"How to use Vitrina AI Studio for jewelry product photos: photo preparation, quality review, AI limitations, and internal links to related platforms.",Jewelry product photos,/ky/use-cases/jewelry-product-photos,20-locale hreflang,noindex site-wide layout,no,no,130,EN duplicate,thin,platforms;features;studio,yes,WebPage;FAQPage,
/uz/use-cases/jewelry-product-photos,uz,exists,Jewelry product photos — Vitrina AI Studio,"How to use Vitrina AI Studio for jewelry product photos: photo preparation, quality review, AI limitations, and internal links to related platforms.",Jewelry product photos,/uz/use-cases/jewelry-product-photos,20-locale hreflang,noindex site-wide layout,no,no,130,EN duplicate,thin,platforms;features;studio,yes,WebPage;FAQPage,
/tg/use-cases/jewelry-product-photos,tg,exists,Jewelry product photos — Vitrina AI Studio,"How to use Vitrina AI Studio for jewelry product photos: photo preparation, quality review, AI limitations, and internal links to related platforms.",Jewelry product photos,/tg/use-cases/jewelry-product-photos,20-locale hreflang,noindex site-wide layout,no,no,130,EN duplicate,thin,platforms;features;studio,yes,WebPage;FAQPage,
/tr/use-cases/jewelry-product-photos,tr,exists,Jewelry product photos — Vitrina AI Studio,"How to use Vitrina AI Studio for jewelry product photos: photo preparation, quality review, AI limitations, and internal links to related platforms.",Jewelry product photos,/tr/use-cases/jewelry-product-photos,20-locale hreflang,noindex site-wide layout,no,no,130,EN duplicate,thin,platforms;features;studio,yes,WebPage;FAQPage,
/az/use-cases/jewelry-product-photos,az,exists,Jewelry product photos — Vitrina AI Studio,"How to use Vitrina AI Studio for jewelry product photos: photo preparation, quality review, AI limitations, and internal links to related platforms.",Jewelry product photos,/az/use-cases/jewelry-product-photos,20-locale hreflang,noindex site-wide layout,no,no,130,EN duplicate,thin,platforms;features;studio,yes,WebPage;FAQPage,
/ar/use-cases/jewelry-product-photos,ar,exists,Jewelry product photos — Vitrina AI Studio,"How to use Vitrina AI Studio for jewelry product photos: photo preparation, quality review, AI limitations, and internal links to related platforms.",Jewelry product photos,/ar/use-cases/jewelry-product-photos,20-locale hreflang,noindex site-wide layout,no,no,130,EN duplicate,thin,platforms;features;studio,yes,WebPage;FAQPage,
/es/use-cases/jewelry-product-photos,es,exists,Jewelry product photos — Vitrina AI Studio,"How to use Vitrina AI Studio for jewelry product photos: photo preparation, quality review, AI limitations, and internal links to related platforms.",Jewelry product photos,/es/use-cases/jewelry-product-photos,20-locale hreflang,noindex site-wide layout,no,no,130,EN duplicate,thin,platforms;features;studio,yes,WebPage;FAQPage,
/pt/use-cases/jewelry-product-photos,pt,exists,Jewelry product photos — Vitrina AI Studio,"How to use Vitrina AI Studio for jewelry product photos: photo preparation, quality review, AI limitations, and internal links to related platforms.",Jewelry product photos,/pt/use-cases/jewelry-product-photos,20-locale hreflang,noindex site-wide layout,no,no,130,EN duplicate,thin,platforms;features;studio,yes,WebPage;FAQPage,
/fr/use-cases/jewelry-product-photos,fr,exists,Jewelry product photos — Vitrina AI Studio,"How to use Vitrina AI Studio for jewelry product photos: photo preparation, quality review, AI limitations, and internal links to related platforms.",Jewelry product photos,/fr/use-cases/jewelry-product-photos,20-locale hreflang,noindex site-wide layout,no,no,130,EN duplicate,thin,platforms;features;studio,yes,WebPage;FAQPage,
/de/use-cases/jewelry-product-photos,de,exists,Jewelry product photos — Vitrina AI Studio,"How to use Vitrina AI Studio for jewelry product photos: photo preparation, quality review, AI limitations, and internal links to related platforms.",Jewelry product photos,/de/use-cases/jewelry-product-photos,20-locale hreflang,noindex site-wide layout,no,no,130,EN duplicate,thin,platforms;features;studio,yes,WebPage;FAQPage,
/it/use-cases/jewelry-product-photos,it,exists,Jewelry product photos — Vitrina AI Studio,"How to use Vitrina AI Studio for jewelry product photos: photo preparation, quality review, AI limitations, and internal links to related platforms.",Jewelry product photos,/it/use-cases/jewelry-product-photos,20-locale hreflang,noindex site-wide layout,no,no,130,EN duplicate,thin,platforms;features;studio,yes,WebPage;FAQPage,
/pl/use-cases/jewelry-product-photos,pl,exists,Jewelry product photos — Vitrina AI Studio,"How to use Vitrina AI Studio for jewelry product photos: photo preparation, quality review, AI limitations, and internal links to related platforms.",Jewelry product photos,/pl/use-cases/jewelry-product-photos,20-locale hreflang,noindex site-wide layout,no,no,130,EN duplicate,thin,platforms;features;studio,yes,WebPage;FAQPage,
/uk/use-cases/jewelry-product-photos,uk,exists,Jewelry product photos — Vitrina AI Studio,"How to use Vitrina AI Studio for jewelry product photos: photo preparation, quality review, AI limitations, and internal links to related platforms.",Jewelry product photos,/uk/use-cases/jewelry-product-photos,20-locale hreflang,noindex site-wide layout,no,no,130,EN duplicate,thin,platforms;features;studio,yes,WebPage;FAQPage,
/hi/use-cases/jewelry-product-photos,hi,exists,Jewelry product photos — Vitrina AI Studio,"How to use Vitrina AI Studio for jewelry product photos: photo preparation, quality review, AI limitations, and internal links to related platforms.",Jewelry product photos,/hi/use-cases/jewelry-product-photos,20-locale hreflang,noindex site-wide layout,no,no,130,EN duplicate,thin,platforms;features;studio,yes,WebPage;FAQPage,
/id/use-cases/jewelry-product-photos,id,exists,Jewelry product photos — Vitrina AI Studio,"How to use Vitrina AI Studio for jewelry product photos: photo preparation, quality review, AI limitations, and internal links to related platforms.",Jewelry product photos,/id/use-cases/jewelry-product-photos,20-locale hreflang,noindex site-wide layout,no,no,130,EN duplicate,thin,platforms;features;studio,yes,WebPage;FAQPage,
/vi/use-cases/jewelry-product-photos,vi,exists,Jewelry product photos — Vitrina AI Studio,"How to use Vitrina AI Studio for jewelry product photos: photo preparation, quality review, AI limitations, and internal links to related platforms.",Jewelry product photos,/vi/use-cases/jewelry-product-photos,20-locale hreflang,noindex site-wide layout,no,no,130,EN duplicate,thin,platforms;features;studio,yes,WebPage;FAQPage,
/zh/use-cases/jewelry-product-photos,zh,exists,Jewelry product photos — Vitrina AI Studio,"How to use Vitrina AI Studio for jewelry product photos: photo preparation, quality review, AI limitations, and internal links to related platforms.",Jewelry product photos,/zh/use-cases/jewelry-product-photos,20-locale hreflang,noindex site-wide layout,no,no,130,EN duplicate,thin,platforms;features;studio,yes,WebPage;FAQPage,
/ru/use-cases/foto-obuvi,ru,exists,Фото обуви для карточки товара — Vitrina AI Studio,"Как использовать Vitrina AI Studio для сценария «фото обуви для карточки товара»: подготовка фото, проверка качества, ограничения AI и ссылки на платформы.",Фото обуви для карточки товара,/ru/use-cases/foto-obuvi,20-locale hreflang,noindex site-wide layout,yes,yes,121,ok,thin,platforms;features;studio,yes,WebPage;FAQPage,
/en/use-cases/shoes-product-photos,en,exists,Shoes product photos — Vitrina AI Studio,"How to use Vitrina AI Studio for shoes product photos: photo preparation, quality review, AI limitations, and internal links to related platforms.",Shoes product photos,/en/use-cases/shoes-product-photos,20-locale hreflang,noindex site-wide layout,yes,yes,130,ok,thin,platforms;features;studio,yes,WebPage;FAQPage,
/kk/use-cases/shoes-product-photos,kk,exists,Shoes product photos — Vitrina AI Studio,"How to use Vitrina AI Studio for shoes product photos: photo preparation, quality review, AI limitations, and internal links to related platforms.",Shoes product photos,/kk/use-cases/shoes-product-photos,20-locale hreflang,noindex site-wide layout,no,no,130,EN duplicate,thin,platforms;features;studio,yes,WebPage;FAQPage,
/ky/use-cases/shoes-product-photos,ky,exists,Shoes product photos — Vitrina AI Studio,"How to use Vitrina AI Studio for shoes product photos: photo preparation, quality review, AI limitations, and internal links to related platforms.",Shoes product photos,/ky/use-cases/shoes-product-photos,20-locale hreflang,noindex site-wide layout,no,no,130,EN duplicate,thin,platforms;features;studio,yes,WebPage;FAQPage,
/uz/use-cases/shoes-product-photos,uz,exists,Shoes product photos — Vitrina AI Studio,"How to use Vitrina AI Studio for shoes product photos: photo preparation, quality review, AI limitations, and internal links to related platforms.",Shoes product photos,/uz/use-cases/shoes-product-photos,20-locale hreflang,noindex site-wide layout,no,no,130,EN duplicate,thin,platforms;features;studio,yes,WebPage;FAQPage,
/tg/use-cases/shoes-product-photos,tg,exists,Shoes product photos — Vitrina AI Studio,"How to use Vitrina AI Studio for shoes product photos: photo preparation, quality review, AI limitations, and internal links to related platforms.",Shoes product photos,/tg/use-cases/shoes-product-photos,20-locale hreflang,noindex site-wide layout,no,no,130,EN duplicate,thin,platforms;features;studio,yes,WebPage;FAQPage,
/tr/use-cases/shoes-product-photos,tr,exists,Shoes product photos — Vitrina AI Studio,"How to use Vitrina AI Studio for shoes product photos: photo preparation, quality review, AI limitations, and internal links to related platforms.",Shoes product photos,/tr/use-cases/shoes-product-photos,20-locale hreflang,noindex site-wide layout,no,no,130,EN duplicate,thin,platforms;features;studio,yes,WebPage;FAQPage,
/az/use-cases/shoes-product-photos,az,exists,Shoes product photos — Vitrina AI Studio,"How to use Vitrina AI Studio for shoes product photos: photo preparation, quality review, AI limitations, and internal links to related platforms.",Shoes product photos,/az/use-cases/shoes-product-photos,20-locale hreflang,noindex site-wide layout,no,no,130,EN duplicate,thin,platforms;features;studio,yes,WebPage;FAQPage,
/ar/use-cases/shoes-product-photos,ar,exists,Shoes product photos — Vitrina AI Studio,"How to use Vitrina AI Studio for shoes product photos: photo preparation, quality review, AI limitations, and internal links to related platforms.",Shoes product photos,/ar/use-cases/shoes-product-photos,20-locale hreflang,noindex site-wide layout,no,no,130,EN duplicate,thin,platforms;features;studio,yes,WebPage;FAQPage,
/es/use-cases/shoes-product-photos,es,exists,Shoes product photos — Vitrina AI Studio,"How to use Vitrina AI Studio for shoes product photos: photo preparation, quality review, AI limitations, and internal links to related platforms.",Shoes product photos,/es/use-cases/shoes-product-photos,20-locale hreflang,noindex site-wide layout,no,no,130,EN duplicate,thin,platforms;features;studio,yes,WebPage;FAQPage,
/pt/use-cases/shoes-product-photos,pt,exists,Shoes product photos — Vitrina AI Studio,"How to use Vitrina AI Studio for shoes product photos: photo preparation, quality review, AI limitations, and internal links to related platforms.",Shoes product photos,/pt/use-cases/shoes-product-photos,20-locale hreflang,noindex site-wide layout,no,no,130,EN duplicate,thin,platforms;features;studio,yes,WebPage;FAQPage,
/fr/use-cases/shoes-product-photos,fr,exists,Shoes product photos — Vitrina AI Studio,"How to use Vitrina AI Studio for shoes product photos: photo preparation, quality review, AI limitations, and internal links to related platforms.",Shoes product photos,/fr/use-cases/shoes-product-photos,20-locale hreflang,noindex site-wide layout,no,no,130,EN duplicate,thin,platforms;features;studio,yes,WebPage;FAQPage,
/de/use-cases/shoes-product-photos,de,exists,Shoes product photos — Vitrina AI Studio,"How to use Vitrina AI Studio for shoes product photos: photo preparation, quality review, AI limitations, and internal links to related platforms.",Shoes product photos,/de/use-cases/shoes-product-photos,20-locale hreflang,noindex site-wide layout,no,no,130,EN duplicate,thin,platforms;features;studio,yes,WebPage;FAQPage,
/it/use-cases/shoes-product-photos,it,exists,Shoes product photos — Vitrina AI Studio,"How to use Vitrina AI Studio for shoes product photos: photo preparation, quality review, AI limitations, and internal links to related platforms.",Shoes product photos,/it/use-cases/shoes-product-photos,20-locale hreflang,noindex site-wide layout,no,no,130,EN duplicate,thin,platforms;features;studio,yes,WebPage;FAQPage,
/pl/use-cases/shoes-product-photos,pl,exists,Shoes product photos — Vitrina AI Studio,"How to use Vitrina AI Studio for shoes product photos: photo preparation, quality review, AI limitations, and internal links to related platforms.",Shoes product photos,/pl/use-cases/shoes-product-photos,20-locale hreflang,noindex site-wide layout,no,no,130,EN duplicate,thin,platforms;features;studio,yes,WebPage;FAQPage,
/uk/use-cases/shoes-product-photos,uk,exists,Shoes product photos — Vitrina AI Studio,"How to use Vitrina AI Studio for shoes product photos: photo preparation, quality review, AI limitations, and internal links to related platforms.",Shoes product photos,/uk/use-cases/shoes-product-photos,20-locale hreflang,noindex site-wide layout,no,no,130,EN duplicate,thin,platforms;features;studio,yes,WebPage;FAQPage,
/hi/use-cases/shoes-product-photos,hi,exists,Shoes product photos — Vitrina AI Studio,"How to use Vitrina AI Studio for shoes product photos: photo preparation, quality review, AI limitations, and internal links to related platforms.",Shoes product photos,/hi/use-cases/shoes-product-photos,20-locale hreflang,noindex site-wide layout,no,no,130,EN duplicate,thin,platforms;features;studio,yes,WebPage;FAQPage,
/id/use-cases/shoes-product-photos,id,exists,Shoes product photos — Vitrina AI Studio,"How to use Vitrina AI Studio for shoes product photos: photo preparation, quality review, AI limitations, and internal links to related platforms.",Shoes product photos,/id/use-cases/shoes-product-photos,20-locale hreflang,noindex site-wide layout,no,no,130,EN duplicate,thin,platforms;features;studio,yes,WebPage;FAQPage,
/vi/use-cases/shoes-product-photos,vi,exists,Shoes product photos — Vitrina AI Studio,"How to use Vitrina AI Studio for shoes product photos: photo preparation, quality review, AI limitations, and internal links to related platforms.",Shoes product photos,/vi/use-cases/shoes-product-photos,20-locale hreflang,noindex site-wide layout,no,no,130,EN duplicate,thin,platforms;features;studio,yes,WebPage;FAQPage,
/zh/use-cases/shoes-product-photos,zh,exists,Shoes product photos — Vitrina AI Studio,"How to use Vitrina AI Studio for shoes product photos: photo preparation, quality review, AI limitations, and internal links to related platforms.",Shoes product photos,/zh/use-cases/shoes-product-photos,20-locale hreflang,noindex site-wide layout,no,no,130,EN duplicate,thin,platforms;features;studio,yes,WebPage;FAQPage,
/ru/use-cases/foto-sumok,ru,exists,Фото сумок для маркетплейса — Vitrina AI Studio,"Как использовать Vitrina AI Studio для сценария «фото сумок для маркетплейса»: подготовка фото, проверка качества, ограничения AI и ссылки на платформы.",Фото сумок для маркетплейса,/ru/use-cases/foto-sumok,20-locale hreflang,noindex site-wide layout,yes,yes,121,ok,thin,platforms;features;studio,yes,WebPage;FAQPage,
/en/use-cases/bags-product-photos,en,exists,Bags product photos — Vitrina AI Studio,"How to use Vitrina AI Studio for bags product photos: photo preparation, quality review, AI limitations, and internal links to related platforms.",Bags product photos,/en/use-cases/bags-product-photos,20-locale hreflang,noindex site-wide layout,yes,yes,131,ok,thin,platforms;features;studio,yes,WebPage;FAQPage,
/kk/use-cases/bags-product-photos,kk,exists,Bags product photos — Vitrina AI Studio,"How to use Vitrina AI Studio for bags product photos: photo preparation, quality review, AI limitations, and internal links to related platforms.",Bags product photos,/kk/use-cases/bags-product-photos,20-locale hreflang,noindex site-wide layout,no,no,131,EN duplicate,thin,platforms;features;studio,yes,WebPage;FAQPage,
/ky/use-cases/bags-product-photos,ky,exists,Bags product photos — Vitrina AI Studio,"How to use Vitrina AI Studio for bags product photos: photo preparation, quality review, AI limitations, and internal links to related platforms.",Bags product photos,/ky/use-cases/bags-product-photos,20-locale hreflang,noindex site-wide layout,no,no,131,EN duplicate,thin,platforms;features;studio,yes,WebPage;FAQPage,
/uz/use-cases/bags-product-photos,uz,exists,Bags product photos — Vitrina AI Studio,"How to use Vitrina AI Studio for bags product photos: photo preparation, quality review, AI limitations, and internal links to related platforms.",Bags product photos,/uz/use-cases/bags-product-photos,20-locale hreflang,noindex site-wide layout,no,no,131,EN duplicate,thin,platforms;features;studio,yes,WebPage;FAQPage,
/tg/use-cases/bags-product-photos,tg,exists,Bags product photos — Vitrina AI Studio,"How to use Vitrina AI Studio for bags product photos: photo preparation, quality review, AI limitations, and internal links to related platforms.",Bags product photos,/tg/use-cases/bags-product-photos,20-locale hreflang,noindex site-wide layout,no,no,131,EN duplicate,thin,platforms;features;studio,yes,WebPage;FAQPage,
/tr/use-cases/bags-product-photos,tr,exists,Bags product photos — Vitrina AI Studio,"How to use Vitrina AI Studio for bags product photos: photo preparation, quality review, AI limitations, and internal links to related platforms.",Bags product photos,/tr/use-cases/bags-product-photos,20-locale hreflang,noindex site-wide layout,no,no,131,EN duplicate,thin,platforms;features;studio,yes,WebPage;FAQPage,
/az/use-cases/bags-product-photos,az,exists,Bags product photos — Vitrina AI Studio,"How to use Vitrina AI Studio for bags product photos: photo preparation, quality review, AI limitations, and internal links to related platforms.",Bags product photos,/az/use-cases/bags-product-photos,20-locale hreflang,noindex site-wide layout,no,no,131,EN duplicate,thin,platforms;features;studio,yes,WebPage;FAQPage,
/ar/use-cases/bags-product-photos,ar,exists,Bags product photos — Vitrina AI Studio,"How to use Vitrina AI Studio for bags product photos: photo preparation, quality review, AI limitations, and internal links to related platforms.",Bags product photos,/ar/use-cases/bags-product-photos,20-locale hreflang,noindex site-wide layout,no,no,131,EN duplicate,thin,platforms;features;studio,yes,WebPage;FAQPage,
/es/use-cases/bags-product-photos,es,exists,Bags product photos — Vitrina AI Studio,"How to use Vitrina AI Studio for bags product photos: photo preparation, quality review, AI limitations, and internal links to related platforms.",Bags product photos,/es/use-cases/bags-product-photos,20-locale hreflang,noindex site-wide layout,no,no,131,EN duplicate,thin,platforms;features;studio,yes,WebPage;FAQPage,
/pt/use-cases/bags-product-photos,pt,exists,Bags product photos — Vitrina AI Studio,"How to use Vitrina AI Studio for bags product photos: photo preparation, quality review, AI limitations, and internal links to related platforms.",Bags product photos,/pt/use-cases/bags-product-photos,20-locale hreflang,noindex site-wide layout,no,no,131,EN duplicate,thin,platforms;features;studio,yes,WebPage;FAQPage,
/fr/use-cases/bags-product-photos,fr,exists,Bags product photos — Vitrina AI Studio,"How to use Vitrina AI Studio for bags product photos: photo preparation, quality review, AI limitations, and internal links to related platforms.",Bags product photos,/fr/use-cases/bags-product-photos,20-locale hreflang,noindex site-wide layout,no,no,131,EN duplicate,thin,platforms;features;studio,yes,WebPage;FAQPage,
/de/use-cases/bags-product-photos,de,exists,Bags product photos — Vitrina AI Studio,"How to use Vitrina AI Studio for bags product photos: photo preparation, quality review, AI limitations, and internal links to related platforms.",Bags product photos,/de/use-cases/bags-product-photos,20-locale hreflang,noindex site-wide layout,no,no,131,EN duplicate,thin,platforms;features;studio,yes,WebPage;FAQPage,
/it/use-cases/bags-product-photos,it,exists,Bags product photos — Vitrina AI Studio,"How to use Vitrina AI Studio for bags product photos: photo preparation, quality review, AI limitations, and internal links to related platforms.",Bags product photos,/it/use-cases/bags-product-photos,20-locale hreflang,noindex site-wide layout,no,no,131,EN duplicate,thin,platforms;features;studio,yes,WebPage;FAQPage,
/pl/use-cases/bags-product-photos,pl,exists,Bags product photos — Vitrina AI Studio,"How to use Vitrina AI Studio for bags product photos: photo preparation, quality review, AI limitations, and internal links to related platforms.",Bags product photos,/pl/use-cases/bags-product-photos,20-locale hreflang,noindex site-wide layout,no,no,131,EN duplicate,thin,platforms;features;studio,yes,WebPage;FAQPage,
/uk/use-cases/bags-product-photos,uk,exists,Bags product photos — Vitrina AI Studio,"How to use Vitrina AI Studio for bags product photos: photo preparation, quality review, AI limitations, and internal links to related platforms.",Bags product photos,/uk/use-cases/bags-product-photos,20-locale hreflang,noindex site-wide layout,no,no,131,EN duplicate,thin,platforms;features;studio,yes,WebPage;FAQPage,
/hi/use-cases/bags-product-photos,hi,exists,Bags product photos — Vitrina AI Studio,"How to use Vitrina AI Studio for bags product photos: photo preparation, quality review, AI limitations, and internal links to related platforms.",Bags product photos,/hi/use-cases/bags-product-photos,20-locale hreflang,noindex site-wide layout,no,no,131,EN duplicate,thin,platforms;features;studio,yes,WebPage;FAQPage,
/id/use-cases/bags-product-photos,id,exists,Bags product photos — Vitrina AI Studio,"How to use Vitrina AI Studio for bags product photos: photo preparation, quality review, AI limitations, and internal links to related platforms.",Bags product photos,/id/use-cases/bags-product-photos,20-locale hreflang,noindex site-wide layout,no,no,131,EN duplicate,thin,platforms;features;studio,yes,WebPage;FAQPage,
/vi/use-cases/bags-product-photos,vi,exists,Bags product photos — Vitrina AI Studio,"How to use Vitrina AI Studio for bags product photos: photo preparation, quality review, AI limitations, and internal links to related platforms.",Bags product photos,/vi/use-cases/bags-product-photos,20-locale hreflang,noindex site-wide layout,no,no,131,EN duplicate,thin,platforms;features;studio,yes,WebPage;FAQPage,
/zh/use-cases/bags-product-photos,zh,exists,Bags product photos — Vitrina AI Studio,"How to use Vitrina AI Studio for bags product photos: photo preparation, quality review, AI limitations, and internal links to related platforms.",Bags product photos,/zh/use-cases/bags-product-photos,20-locale hreflang,noindex site-wide layout,no,no,131,EN duplicate,thin,platforms;features;studio,yes,WebPage;FAQPage,
/ru/use-cases/foto-kosmetiki,ru,exists,Фото косметики для каталога — Vitrina AI Studio,"Как использовать Vitrina AI Studio для сценария «фото косметики для каталога»: подготовка фото, проверка качества, ограничения AI и ссылки на платформы.",Фото косметики для каталога,/ru/use-cases/foto-kosmetiki,20-locale hreflang,noindex site-wide layout,yes,yes,121,ok,thin,platforms;features;studio,yes,WebPage;FAQPage,
/en/use-cases/cosmetics-product-photos,en,exists,Cosmetics product photos — Vitrina AI Studio,"How to use Vitrina AI Studio for cosmetics product photos: photo preparation, quality review, AI limitations, and internal links to related platforms.",Cosmetics product photos,/en/use-cases/cosmetics-product-photos,20-locale hreflang,noindex site-wide layout,yes,yes,131,ok,thin,platforms;features;studio,yes,WebPage;FAQPage,
/kk/use-cases/cosmetics-product-photos,kk,exists,Cosmetics product photos — Vitrina AI Studio,"How to use Vitrina AI Studio for cosmetics product photos: photo preparation, quality review, AI limitations, and internal links to related platforms.",Cosmetics product photos,/kk/use-cases/cosmetics-product-photos,20-locale hreflang,noindex site-wide layout,no,no,131,EN duplicate,thin,platforms;features;studio,yes,WebPage;FAQPage,
/ky/use-cases/cosmetics-product-photos,ky,exists,Cosmetics product photos — Vitrina AI Studio,"How to use Vitrina AI Studio for cosmetics product photos: photo preparation, quality review, AI limitations, and internal links to related platforms.",Cosmetics product photos,/ky/use-cases/cosmetics-product-photos,20-locale hreflang,noindex site-wide layout,no,no,131,EN duplicate,thin,platforms;features;studio,yes,WebPage;FAQPage,
/uz/use-cases/cosmetics-product-photos,uz,exists,Cosmetics product photos — Vitrina AI Studio,"How to use Vitrina AI Studio for cosmetics product photos: photo preparation, quality review, AI limitations, and internal links to related platforms.",Cosmetics product photos,/uz/use-cases/cosmetics-product-photos,20-locale hreflang,noindex site-wide layout,no,no,131,EN duplicate,thin,platforms;features;studio,yes,WebPage;FAQPage,
/tg/use-cases/cosmetics-product-photos,tg,exists,Cosmetics product photos — Vitrina AI Studio,"How to use Vitrina AI Studio for cosmetics product photos: photo preparation, quality review, AI limitations, and internal links to related platforms.",Cosmetics product photos,/tg/use-cases/cosmetics-product-photos,20-locale hreflang,noindex site-wide layout,no,no,131,EN duplicate,thin,platforms;features;studio,yes,WebPage;FAQPage,
/tr/use-cases/cosmetics-product-photos,tr,exists,Cosmetics product photos — Vitrina AI Studio,"How to use Vitrina AI Studio for cosmetics product photos: photo preparation, quality review, AI limitations, and internal links to related platforms.",Cosmetics product photos,/tr/use-cases/cosmetics-product-photos,20-locale hreflang,noindex site-wide layout,no,no,131,EN duplicate,thin,platforms;features;studio,yes,WebPage;FAQPage,
/az/use-cases/cosmetics-product-photos,az,exists,Cosmetics product photos — Vitrina AI Studio,"How to use Vitrina AI Studio for cosmetics product photos: photo preparation, quality review, AI limitations, and internal links to related platforms.",Cosmetics product photos,/az/use-cases/cosmetics-product-photos,20-locale hreflang,noindex site-wide layout,no,no,131,EN duplicate,thin,platforms;features;studio,yes,WebPage;FAQPage,
/ar/use-cases/cosmetics-product-photos,ar,exists,Cosmetics product photos — Vitrina AI Studio,"How to use Vitrina AI Studio for cosmetics product photos: photo preparation, quality review, AI limitations, and internal links to related platforms.",Cosmetics product photos,/ar/use-cases/cosmetics-product-photos,20-locale hreflang,noindex site-wide layout,no,no,131,EN duplicate,thin,platforms;features;studio,yes,WebPage;FAQPage,
/es/use-cases/cosmetics-product-photos,es,exists,Cosmetics product photos — Vitrina AI Studio,"How to use Vitrina AI Studio for cosmetics product photos: photo preparation, quality review, AI limitations, and internal links to related platforms.",Cosmetics product photos,/es/use-cases/cosmetics-product-photos,20-locale hreflang,noindex site-wide layout,no,no,131,EN duplicate,thin,platforms;features;studio,yes,WebPage;FAQPage,
/pt/use-cases/cosmetics-product-photos,pt,exists,Cosmetics product photos — Vitrina AI Studio,"How to use Vitrina AI Studio for cosmetics product photos: photo preparation, quality review, AI limitations, and internal links to related platforms.",Cosmetics product photos,/pt/use-cases/cosmetics-product-photos,20-locale hreflang,noindex site-wide layout,no,no,131,EN duplicate,thin,platforms;features;studio,yes,WebPage;FAQPage,
/fr/use-cases/cosmetics-product-photos,fr,exists,Cosmetics product photos — Vitrina AI Studio,"How to use Vitrina AI Studio for cosmetics product photos: photo preparation, quality review, AI limitations, and internal links to related platforms.",Cosmetics product photos,/fr/use-cases/cosmetics-product-photos,20-locale hreflang,noindex site-wide layout,no,no,131,EN duplicate,thin,platforms;features;studio,yes,WebPage;FAQPage,
/de/use-cases/cosmetics-product-photos,de,exists,Cosmetics product photos — Vitrina AI Studio,"How to use Vitrina AI Studio for cosmetics product photos: photo preparation, quality review, AI limitations, and internal links to related platforms.",Cosmetics product photos,/de/use-cases/cosmetics-product-photos,20-locale hreflang,noindex site-wide layout,no,no,131,EN duplicate,thin,platforms;features;studio,yes,WebPage;FAQPage,
/it/use-cases/cosmetics-product-photos,it,exists,Cosmetics product photos — Vitrina AI Studio,"How to use Vitrina AI Studio for cosmetics product photos: photo preparation, quality review, AI limitations, and internal links to related platforms.",Cosmetics product photos,/it/use-cases/cosmetics-product-photos,20-locale hreflang,noindex site-wide layout,no,no,131,EN duplicate,thin,platforms;features;studio,yes,WebPage;FAQPage,
/pl/use-cases/cosmetics-product-photos,pl,exists,Cosmetics product photos — Vitrina AI Studio,"How to use Vitrina AI Studio for cosmetics product photos: photo preparation, quality review, AI limitations, and internal links to related platforms.",Cosmetics product photos,/pl/use-cases/cosmetics-product-photos,20-locale hreflang,noindex site-wide layout,no,no,131,EN duplicate,thin,platforms;features;studio,yes,WebPage;FAQPage,
/uk/use-cases/cosmetics-product-photos,uk,exists,Cosmetics product photos — Vitrina AI Studio,"How to use Vitrina AI Studio for cosmetics product photos: photo preparation, quality review, AI limitations, and internal links to related platforms.",Cosmetics product photos,/uk/use-cases/cosmetics-product-photos,20-locale hreflang,noindex site-wide layout,no,no,131,EN duplicate,thin,platforms;features;studio,yes,WebPage;FAQPage,
/hi/use-cases/cosmetics-product-photos,hi,exists,Cosmetics product photos — Vitrina AI Studio,"How to use Vitrina AI Studio for cosmetics product photos: photo preparation, quality review, AI limitations, and internal links to related platforms.",Cosmetics product photos,/hi/use-cases/cosmetics-product-photos,20-locale hreflang,noindex site-wide layout,no,no,131,EN duplicate,thin,platforms;features;studio,yes,WebPage;FAQPage,
/id/use-cases/cosmetics-product-photos,id,exists,Cosmetics product photos — Vitrina AI Studio,"How to use Vitrina AI Studio for cosmetics product photos: photo preparation, quality review, AI limitations, and internal links to related platforms.",Cosmetics product photos,/id/use-cases/cosmetics-product-photos,20-locale hreflang,noindex site-wide layout,no,no,131,EN duplicate,thin,platforms;features;studio,yes,WebPage;FAQPage,
/vi/use-cases/cosmetics-product-photos,vi,exists,Cosmetics product photos — Vitrina AI Studio,"How to use Vitrina AI Studio for cosmetics product photos: photo preparation, quality review, AI limitations, and internal links to related platforms.",Cosmetics product photos,/vi/use-cases/cosmetics-product-photos,20-locale hreflang,noindex site-wide layout,no,no,131,EN duplicate,thin,platforms;features;studio,yes,WebPage;FAQPage,
/zh/use-cases/cosmetics-product-photos,zh,exists,Cosmetics product photos — Vitrina AI Studio,"How to use Vitrina AI Studio for cosmetics product photos: photo preparation, quality review, AI limitations, and internal links to related platforms.",Cosmetics product photos,/zh/use-cases/cosmetics-product-photos,20-locale hreflang,noindex site-wide layout,no,no,131,EN duplicate,thin,platforms;features;studio,yes,WebPage;FAQPage,
/ru/use-cases/belyy-fon-dlya-marketpleysa,ru,exists,Белый фон для маркетплейса — Vitrina AI Studio,"Как использовать Vitrina AI Studio для сценария «белый фон для маркетплейса»: подготовка фото, проверка качества, ограничения AI и ссылки на платформы.",Белый фон для маркетплейса,/ru/use-cases/belyy-fon-dlya-marketpleysa,20-locale hreflang,noindex site-wide layout,yes,yes,121,ok,thin,platforms;features;studio,yes,WebPage;FAQPage,
/en/use-cases/marketplace-white-background,en,exists,Marketplace white background — Vitrina AI Studio,"How to use Vitrina AI Studio for marketplace white background: photo preparation, quality review, AI limitations, and internal links to related platforms.",Marketplace white background,/en/use-cases/marketplace-white-background,20-locale hreflang,noindex site-wide layout,yes,yes,131,ok,thin,platforms;features;studio,yes,WebPage;FAQPage,
/kk/use-cases/marketplace-white-background,kk,exists,Marketplace white background — Vitrina AI Studio,"How to use Vitrina AI Studio for marketplace white background: photo preparation, quality review, AI limitations, and internal links to related platforms.",Marketplace white background,/kk/use-cases/marketplace-white-background,20-locale hreflang,noindex site-wide layout,no,no,131,EN duplicate,thin,platforms;features;studio,yes,WebPage;FAQPage,
/ky/use-cases/marketplace-white-background,ky,exists,Marketplace white background — Vitrina AI Studio,"How to use Vitrina AI Studio for marketplace white background: photo preparation, quality review, AI limitations, and internal links to related platforms.",Marketplace white background,/ky/use-cases/marketplace-white-background,20-locale hreflang,noindex site-wide layout,no,no,131,EN duplicate,thin,platforms;features;studio,yes,WebPage;FAQPage,
/uz/use-cases/marketplace-white-background,uz,exists,Marketplace white background — Vitrina AI Studio,"How to use Vitrina AI Studio for marketplace white background: photo preparation, quality review, AI limitations, and internal links to related platforms.",Marketplace white background,/uz/use-cases/marketplace-white-background,20-locale hreflang,noindex site-wide layout,no,no,131,EN duplicate,thin,platforms;features;studio,yes,WebPage;FAQPage,
/tg/use-cases/marketplace-white-background,tg,exists,Marketplace white background — Vitrina AI Studio,"How to use Vitrina AI Studio for marketplace white background: photo preparation, quality review, AI limitations, and internal links to related platforms.",Marketplace white background,/tg/use-cases/marketplace-white-background,20-locale hreflang,noindex site-wide layout,no,no,131,EN duplicate,thin,platforms;features;studio,yes,WebPage;FAQPage,
/tr/use-cases/marketplace-white-background,tr,exists,Marketplace white background — Vitrina AI Studio,"How to use Vitrina AI Studio for marketplace white background: photo preparation, quality review, AI limitations, and internal links to related platforms.",Marketplace white background,/tr/use-cases/marketplace-white-background,20-locale hreflang,noindex site-wide layout,no,no,131,EN duplicate,thin,platforms;features;studio,yes,WebPage;FAQPage,
/az/use-cases/marketplace-white-background,az,exists,Marketplace white background — Vitrina AI Studio,"How to use Vitrina AI Studio for marketplace white background: photo preparation, quality review, AI limitations, and internal links to related platforms.",Marketplace white background,/az/use-cases/marketplace-white-background,20-locale hreflang,noindex site-wide layout,no,no,131,EN duplicate,thin,platforms;features;studio,yes,WebPage;FAQPage,
/ar/use-cases/marketplace-white-background,ar,exists,Marketplace white background — Vitrina AI Studio,"How to use Vitrina AI Studio for marketplace white background: photo preparation, quality review, AI limitations, and internal links to related platforms.",Marketplace white background,/ar/use-cases/marketplace-white-background,20-locale hreflang,noindex site-wide layout,no,no,131,EN duplicate,thin,platforms;features;studio,yes,WebPage;FAQPage,
/es/use-cases/marketplace-white-background,es,exists,Marketplace white background — Vitrina AI Studio,"How to use Vitrina AI Studio for marketplace white background: photo preparation, quality review, AI limitations, and internal links to related platforms.",Marketplace white background,/es/use-cases/marketplace-white-background,20-locale hreflang,noindex site-wide layout,no,no,131,EN duplicate,thin,platforms;features;studio,yes,WebPage;FAQPage,
/pt/use-cases/marketplace-white-background,pt,exists,Marketplace white background — Vitrina AI Studio,"How to use Vitrina AI Studio for marketplace white background: photo preparation, quality review, AI limitations, and internal links to related platforms.",Marketplace white background,/pt/use-cases/marketplace-white-background,20-locale hreflang,noindex site-wide layout,no,no,131,EN duplicate,thin,platforms;features;studio,yes,WebPage;FAQPage,
/fr/use-cases/marketplace-white-background,fr,exists,Marketplace white background — Vitrina AI Studio,"How to use Vitrina AI Studio for marketplace white background: photo preparation, quality review, AI limitations, and internal links to related platforms.",Marketplace white background,/fr/use-cases/marketplace-white-background,20-locale hreflang,noindex site-wide layout,no,no,131,EN duplicate,thin,platforms;features;studio,yes,WebPage;FAQPage,
/de/use-cases/marketplace-white-background,de,exists,Marketplace white background — Vitrina AI Studio,"How to use Vitrina AI Studio for marketplace white background: photo preparation, quality review, AI limitations, and internal links to related platforms.",Marketplace white background,/de/use-cases/marketplace-white-background,20-locale hreflang,noindex site-wide layout,no,no,131,EN duplicate,thin,platforms;features;studio,yes,WebPage;FAQPage,
/it/use-cases/marketplace-white-background,it,exists,Marketplace white background — Vitrina AI Studio,"How to use Vitrina AI Studio for marketplace white background: photo preparation, quality review, AI limitations, and internal links to related platforms.",Marketplace white background,/it/use-cases/marketplace-white-background,20-locale hreflang,noindex site-wide layout,no,no,131,EN duplicate,thin,platforms;features;studio,yes,WebPage;FAQPage,
/pl/use-cases/marketplace-white-background,pl,exists,Marketplace white background — Vitrina AI Studio,"How to use Vitrina AI Studio for marketplace white background: photo preparation, quality review, AI limitations, and internal links to related platforms.",Marketplace white background,/pl/use-cases/marketplace-white-background,20-locale hreflang,noindex site-wide layout,no,no,131,EN duplicate,thin,platforms;features;studio,yes,WebPage;FAQPage,
/uk/use-cases/marketplace-white-background,uk,exists,Marketplace white background — Vitrina AI Studio,"How to use Vitrina AI Studio for marketplace white background: photo preparation, quality review, AI limitations, and internal links to related platforms.",Marketplace white background,/uk/use-cases/marketplace-white-background,20-locale hreflang,noindex site-wide layout,no,no,131,EN duplicate,thin,platforms;features;studio,yes,WebPage;FAQPage,
/hi/use-cases/marketplace-white-background,hi,exists,Marketplace white background — Vitrina AI Studio,"How to use Vitrina AI Studio for marketplace white background: photo preparation, quality review, AI limitations, and internal links to related platforms.",Marketplace white background,/hi/use-cases/marketplace-white-background,20-locale hreflang,noindex site-wide layout,no,no,131,EN duplicate,thin,platforms;features;studio,yes,WebPage;FAQPage,
/id/use-cases/marketplace-white-background,id,exists,Marketplace white background — Vitrina AI Studio,"How to use Vitrina AI Studio for marketplace white background: photo preparation, quality review, AI limitations, and internal links to related platforms.",Marketplace white background,/id/use-cases/marketplace-white-background,20-locale hreflang,noindex site-wide layout,no,no,131,EN duplicate,thin,platforms;features;studio,yes,WebPage;FAQPage,
/vi/use-cases/marketplace-white-background,vi,exists,Marketplace white background — Vitrina AI Studio,"How to use Vitrina AI Studio for marketplace white background: photo preparation, quality review, AI limitations, and internal links to related platforms.",Marketplace white background,/vi/use-cases/marketplace-white-background,20-locale hreflang,noindex site-wide layout,no,no,131,EN duplicate,thin,platforms;features;studio,yes,WebPage;FAQPage,
/zh/use-cases/marketplace-white-background,zh,exists,Marketplace white background — Vitrina AI Studio,"How to use Vitrina AI Studio for marketplace white background: photo preparation, quality review, AI limitations, and internal links to related platforms.",Marketplace white background,/zh/use-cases/marketplace-white-background,20-locale hreflang,noindex site-wide layout,no,no,131,EN duplicate,thin,platforms;features;studio,yes,WebPage;FAQPage,
/ru/use-cases/foto-tovara-dlya-instagram,ru,exists,Фото товара для Instagram — Vitrina AI Studio,"Как использовать Vitrina AI Studio для сценария «фото товара для Instagram»: подготовка фото, проверка качества, ограничения AI и ссылки на платформы.",Фото товара для Instagram,/ru/use-cases/foto-tovara-dlya-instagram,20-locale hreflang,noindex site-wide layout,yes,yes,121,ok,thin,platforms;features;studio,yes,WebPage;FAQPage,
/en/use-cases/instagram-product-photos,en,exists,Instagram product photos — Vitrina AI Studio,"How to use Vitrina AI Studio for Instagram product photos: photo preparation, quality review, AI limitations, and internal links to related platforms.",Instagram product photos,/en/use-cases/instagram-product-photos,20-locale hreflang,noindex site-wide layout,yes,yes,131,ok,thin,platforms;features;studio,yes,WebPage;FAQPage,
/kk/use-cases/instagram-product-photos,kk,exists,Instagram product photos — Vitrina AI Studio,"How to use Vitrina AI Studio for Instagram product photos: photo preparation, quality review, AI limitations, and internal links to related platforms.",Instagram product photos,/kk/use-cases/instagram-product-photos,20-locale hreflang,noindex site-wide layout,no,no,131,EN duplicate,thin,platforms;features;studio,yes,WebPage;FAQPage,
/ky/use-cases/instagram-product-photos,ky,exists,Instagram product photos — Vitrina AI Studio,"How to use Vitrina AI Studio for Instagram product photos: photo preparation, quality review, AI limitations, and internal links to related platforms.",Instagram product photos,/ky/use-cases/instagram-product-photos,20-locale hreflang,noindex site-wide layout,no,no,131,EN duplicate,thin,platforms;features;studio,yes,WebPage;FAQPage,
/uz/use-cases/instagram-product-photos,uz,exists,Instagram product photos — Vitrina AI Studio,"How to use Vitrina AI Studio for Instagram product photos: photo preparation, quality review, AI limitations, and internal links to related platforms.",Instagram product photos,/uz/use-cases/instagram-product-photos,20-locale hreflang,noindex site-wide layout,no,no,131,EN duplicate,thin,platforms;features;studio,yes,WebPage;FAQPage,
/tg/use-cases/instagram-product-photos,tg,exists,Instagram product photos — Vitrina AI Studio,"How to use Vitrina AI Studio for Instagram product photos: photo preparation, quality review, AI limitations, and internal links to related platforms.",Instagram product photos,/tg/use-cases/instagram-product-photos,20-locale hreflang,noindex site-wide layout,no,no,131,EN duplicate,thin,platforms;features;studio,yes,WebPage;FAQPage,
/tr/use-cases/instagram-product-photos,tr,exists,Instagram product photos — Vitrina AI Studio,"How to use Vitrina AI Studio for Instagram product photos: photo preparation, quality review, AI limitations, and internal links to related platforms.",Instagram product photos,/tr/use-cases/instagram-product-photos,20-locale hreflang,noindex site-wide layout,no,no,131,EN duplicate,thin,platforms;features;studio,yes,WebPage;FAQPage,
/az/use-cases/instagram-product-photos,az,exists,Instagram product photos — Vitrina AI Studio,"How to use Vitrina AI Studio for Instagram product photos: photo preparation, quality review, AI limitations, and internal links to related platforms.",Instagram product photos,/az/use-cases/instagram-product-photos,20-locale hreflang,noindex site-wide layout,no,no,131,EN duplicate,thin,platforms;features;studio,yes,WebPage;FAQPage,
/ar/use-cases/instagram-product-photos,ar,exists,Instagram product photos — Vitrina AI Studio,"How to use Vitrina AI Studio for Instagram product photos: photo preparation, quality review, AI limitations, and internal links to related platforms.",Instagram product photos,/ar/use-cases/instagram-product-photos,20-locale hreflang,noindex site-wide layout,no,no,131,EN duplicate,thin,platforms;features;studio,yes,WebPage;FAQPage,
/es/use-cases/instagram-product-photos,es,exists,Instagram product photos — Vitrina AI Studio,"How to use Vitrina AI Studio for Instagram product photos: photo preparation, quality review, AI limitations, and internal links to related platforms.",Instagram product photos,/es/use-cases/instagram-product-photos,20-locale hreflang,noindex site-wide layout,no,no,131,EN duplicate,thin,platforms;features;studio,yes,WebPage;FAQPage,
/pt/use-cases/instagram-product-photos,pt,exists,Instagram product photos — Vitrina AI Studio,"How to use Vitrina AI Studio for Instagram product photos: photo preparation, quality review, AI limitations, and internal links to related platforms.",Instagram product photos,/pt/use-cases/instagram-product-photos,20-locale hreflang,noindex site-wide layout,no,no,131,EN duplicate,thin,platforms;features;studio,yes,WebPage;FAQPage,
/fr/use-cases/instagram-product-photos,fr,exists,Instagram product photos — Vitrina AI Studio,"How to use Vitrina AI Studio for Instagram product photos: photo preparation, quality review, AI limitations, and internal links to related platforms.",Instagram product photos,/fr/use-cases/instagram-product-photos,20-locale hreflang,noindex site-wide layout,no,no,131,EN duplicate,thin,platforms;features;studio,yes,WebPage;FAQPage,
/de/use-cases/instagram-product-photos,de,exists,Instagram product photos — Vitrina AI Studio,"How to use Vitrina AI Studio for Instagram product photos: photo preparation, quality review, AI limitations, and internal links to related platforms.",Instagram product photos,/de/use-cases/instagram-product-photos,20-locale hreflang,noindex site-wide layout,no,no,131,EN duplicate,thin,platforms;features;studio,yes,WebPage;FAQPage,
/it/use-cases/instagram-product-photos,it,exists,Instagram product photos — Vitrina AI Studio,"How to use Vitrina AI Studio for Instagram product photos: photo preparation, quality review, AI limitations, and internal links to related platforms.",Instagram product photos,/it/use-cases/instagram-product-photos,20-locale hreflang,noindex site-wide layout,no,no,131,EN duplicate,thin,platforms;features;studio,yes,WebPage;FAQPage,
/pl/use-cases/instagram-product-photos,pl,exists,Instagram product photos — Vitrina AI Studio,"How to use Vitrina AI Studio for Instagram product photos: photo preparation, quality review, AI limitations, and internal links to related platforms.",Instagram product photos,/pl/use-cases/instagram-product-photos,20-locale hreflang,noindex site-wide layout,no,no,131,EN duplicate,thin,platforms;features;studio,yes,WebPage;FAQPage,
/uk/use-cases/instagram-product-photos,uk,exists,Instagram product photos — Vitrina AI Studio,"How to use Vitrina AI Studio for Instagram product photos: photo preparation, quality review, AI limitations, and internal links to related platforms.",Instagram product photos,/uk/use-cases/instagram-product-photos,20-locale hreflang,noindex site-wide layout,no,no,131,EN duplicate,thin,platforms;features;studio,yes,WebPage;FAQPage,
/hi/use-cases/instagram-product-photos,hi,exists,Instagram product photos — Vitrina AI Studio,"How to use Vitrina AI Studio for Instagram product photos: photo preparation, quality review, AI limitations, and internal links to related platforms.",Instagram product photos,/hi/use-cases/instagram-product-photos,20-locale hreflang,noindex site-wide layout,no,no,131,EN duplicate,thin,platforms;features;studio,yes,WebPage;FAQPage,
/id/use-cases/instagram-product-photos,id,exists,Instagram product photos — Vitrina AI Studio,"How to use Vitrina AI Studio for Instagram product photos: photo preparation, quality review, AI limitations, and internal links to related platforms.",Instagram product photos,/id/use-cases/instagram-product-photos,20-locale hreflang,noindex site-wide layout,no,no,131,EN duplicate,thin,platforms;features;studio,yes,WebPage;FAQPage,
/vi/use-cases/instagram-product-photos,vi,exists,Instagram product photos — Vitrina AI Studio,"How to use Vitrina AI Studio for Instagram product photos: photo preparation, quality review, AI limitations, and internal links to related platforms.",Instagram product photos,/vi/use-cases/instagram-product-photos,20-locale hreflang,noindex site-wide layout,no,no,131,EN duplicate,thin,platforms;features;studio,yes,WebPage;FAQPage,
/zh/use-cases/instagram-product-photos,zh,exists,Instagram product photos — Vitrina AI Studio,"How to use Vitrina AI Studio for Instagram product photos: photo preparation, quality review, AI limitations, and internal links to related platforms.",Instagram product photos,/zh/use-cases/instagram-product-photos,20-locale hreflang,noindex site-wide layout,no,no,131,EN duplicate,thin,platforms;features;studio,yes,WebPage;FAQPage,
/ru/use-cases/video-tovara-iz-foto,ru,exists,Видео товара из фото — Vitrina AI Studio,"Как использовать Vitrina AI Studio для сценария «видео товара из фото»: подготовка фото, проверка качества, ограничения AI и ссылки на платформы.",Видео товара из фото,/ru/use-cases/video-tovara-iz-foto,20-locale hreflang,noindex site-wide layout,yes,yes,121,ok,thin,platforms;features;studio,yes,WebPage;FAQPage,
/en/use-cases/product-video-from-photo,en,exists,Product video from photo — Vitrina AI Studio,"How to use Vitrina AI Studio for product video from photo: photo preparation, quality review, AI limitations, and internal links to related platforms.",Product video from photo,/en/use-cases/product-video-from-photo,20-locale hreflang,noindex site-wide layout,yes,yes,132,ok,thin,platforms;features;studio,yes,WebPage;FAQPage,
/kk/use-cases/product-video-from-photo,kk,exists,Product video from photo — Vitrina AI Studio,"How to use Vitrina AI Studio for product video from photo: photo preparation, quality review, AI limitations, and internal links to related platforms.",Product video from photo,/kk/use-cases/product-video-from-photo,20-locale hreflang,noindex site-wide layout,no,no,132,EN duplicate,thin,platforms;features;studio,yes,WebPage;FAQPage,
/ky/use-cases/product-video-from-photo,ky,exists,Product video from photo — Vitrina AI Studio,"How to use Vitrina AI Studio for product video from photo: photo preparation, quality review, AI limitations, and internal links to related platforms.",Product video from photo,/ky/use-cases/product-video-from-photo,20-locale hreflang,noindex site-wide layout,no,no,132,EN duplicate,thin,platforms;features;studio,yes,WebPage;FAQPage,
/uz/use-cases/product-video-from-photo,uz,exists,Product video from photo — Vitrina AI Studio,"How to use Vitrina AI Studio for product video from photo: photo preparation, quality review, AI limitations, and internal links to related platforms.",Product video from photo,/uz/use-cases/product-video-from-photo,20-locale hreflang,noindex site-wide layout,no,no,132,EN duplicate,thin,platforms;features;studio,yes,WebPage;FAQPage,
/tg/use-cases/product-video-from-photo,tg,exists,Product video from photo — Vitrina AI Studio,"How to use Vitrina AI Studio for product video from photo: photo preparation, quality review, AI limitations, and internal links to related platforms.",Product video from photo,/tg/use-cases/product-video-from-photo,20-locale hreflang,noindex site-wide layout,no,no,132,EN duplicate,thin,platforms;features;studio,yes,WebPage;FAQPage,
/tr/use-cases/product-video-from-photo,tr,exists,Product video from photo — Vitrina AI Studio,"How to use Vitrina AI Studio for product video from photo: photo preparation, quality review, AI limitations, and internal links to related platforms.",Product video from photo,/tr/use-cases/product-video-from-photo,20-locale hreflang,noindex site-wide layout,no,no,132,EN duplicate,thin,platforms;features;studio,yes,WebPage;FAQPage,
/az/use-cases/product-video-from-photo,az,exists,Product video from photo — Vitrina AI Studio,"How to use Vitrina AI Studio for product video from photo: photo preparation, quality review, AI limitations, and internal links to related platforms.",Product video from photo,/az/use-cases/product-video-from-photo,20-locale hreflang,noindex site-wide layout,no,no,132,EN duplicate,thin,platforms;features;studio,yes,WebPage;FAQPage,
/ar/use-cases/product-video-from-photo,ar,exists,Product video from photo — Vitrina AI Studio,"How to use Vitrina AI Studio for product video from photo: photo preparation, quality review, AI limitations, and internal links to related platforms.",Product video from photo,/ar/use-cases/product-video-from-photo,20-locale hreflang,noindex site-wide layout,no,no,132,EN duplicate,thin,platforms;features;studio,yes,WebPage;FAQPage,
/es/use-cases/product-video-from-photo,es,exists,Product video from photo — Vitrina AI Studio,"How to use Vitrina AI Studio for product video from photo: photo preparation, quality review, AI limitations, and internal links to related platforms.",Product video from photo,/es/use-cases/product-video-from-photo,20-locale hreflang,noindex site-wide layout,no,no,132,EN duplicate,thin,platforms;features;studio,yes,WebPage;FAQPage,
/pt/use-cases/product-video-from-photo,pt,exists,Product video from photo — Vitrina AI Studio,"How to use Vitrina AI Studio for product video from photo: photo preparation, quality review, AI limitations, and internal links to related platforms.",Product video from photo,/pt/use-cases/product-video-from-photo,20-locale hreflang,noindex site-wide layout,no,no,132,EN duplicate,thin,platforms;features;studio,yes,WebPage;FAQPage,
/fr/use-cases/product-video-from-photo,fr,exists,Product video from photo — Vitrina AI Studio,"How to use Vitrina AI Studio for product video from photo: photo preparation, quality review, AI limitations, and internal links to related platforms.",Product video from photo,/fr/use-cases/product-video-from-photo,20-locale hreflang,noindex site-wide layout,no,no,132,EN duplicate,thin,platforms;features;studio,yes,WebPage;FAQPage,
/de/use-cases/product-video-from-photo,de,exists,Product video from photo — Vitrina AI Studio,"How to use Vitrina AI Studio for product video from photo: photo preparation, quality review, AI limitations, and internal links to related platforms.",Product video from photo,/de/use-cases/product-video-from-photo,20-locale hreflang,noindex site-wide layout,no,no,132,EN duplicate,thin,platforms;features;studio,yes,WebPage;FAQPage,
/it/use-cases/product-video-from-photo,it,exists,Product video from photo — Vitrina AI Studio,"How to use Vitrina AI Studio for product video from photo: photo preparation, quality review, AI limitations, and internal links to related platforms.",Product video from photo,/it/use-cases/product-video-from-photo,20-locale hreflang,noindex site-wide layout,no,no,132,EN duplicate,thin,platforms;features;studio,yes,WebPage;FAQPage,
/pl/use-cases/product-video-from-photo,pl,exists,Product video from photo — Vitrina AI Studio,"How to use Vitrina AI Studio for product video from photo: photo preparation, quality review, AI limitations, and internal links to related platforms.",Product video from photo,/pl/use-cases/product-video-from-photo,20-locale hreflang,noindex site-wide layout,no,no,132,EN duplicate,thin,platforms;features;studio,yes,WebPage;FAQPage,
/uk/use-cases/product-video-from-photo,uk,exists,Product video from photo — Vitrina AI Studio,"How to use Vitrina AI Studio for product video from photo: photo preparation, quality review, AI limitations, and internal links to related platforms.",Product video from photo,/uk/use-cases/product-video-from-photo,20-locale hreflang,noindex site-wide layout,no,no,132,EN duplicate,thin,platforms;features;studio,yes,WebPage;FAQPage,
/hi/use-cases/product-video-from-photo,hi,exists,Product video from photo — Vitrina AI Studio,"How to use Vitrina AI Studio for product video from photo: photo preparation, quality review, AI limitations, and internal links to related platforms.",Product video from photo,/hi/use-cases/product-video-from-photo,20-locale hreflang,noindex site-wide layout,no,no,132,EN duplicate,thin,platforms;features;studio,yes,WebPage;FAQPage,
/id/use-cases/product-video-from-photo,id,exists,Product video from photo — Vitrina AI Studio,"How to use Vitrina AI Studio for product video from photo: photo preparation, quality review, AI limitations, and internal links to related platforms.",Product video from photo,/id/use-cases/product-video-from-photo,20-locale hreflang,noindex site-wide layout,no,no,132,EN duplicate,thin,platforms;features;studio,yes,WebPage;FAQPage,
/vi/use-cases/product-video-from-photo,vi,exists,Product video from photo — Vitrina AI Studio,"How to use Vitrina AI Studio for product video from photo: photo preparation, quality review, AI limitations, and internal links to related platforms.",Product video from photo,/vi/use-cases/product-video-from-photo,20-locale hreflang,noindex site-wide layout,no,no,132,EN duplicate,thin,platforms;features;studio,yes,WebPage;FAQPage,
/zh/use-cases/product-video-from-photo,zh,exists,Product video from photo — Vitrina AI Studio,"How to use Vitrina AI Studio for product video from photo: photo preparation, quality review, AI limitations, and internal links to related platforms.",Product video from photo,/zh/use-cases/product-video-from-photo,20-locale hreflang,noindex site-wide layout,no,no,132,EN duplicate,thin,platforms;features;studio,yes,WebPage;FAQPage,
/ru/use-cases/reels-iz-foto-tovara,ru,exists,Reels из фото товара — Vitrina AI Studio,"Как использовать Vitrina AI Studio для сценария «Reels из фото товара»: подготовка фото, проверка качества, ограничения AI и ссылки на платформы.",Reels из фото товара,/ru/use-cases/reels-iz-foto-tovara,20-locale hreflang,noindex site-wide layout,yes,yes,121,ok,thin,platforms;features;studio,yes,WebPage;FAQPage,
/en/use-cases/reels-from-product-image,en,exists,Reels from product image — Vitrina AI Studio,"How to use Vitrina AI Studio for Reels from product image: photo preparation, quality review, AI limitations, and internal links to related platforms.",Reels from product image,/en/use-cases/reels-from-product-image,20-locale hreflang,noindex site-wide layout,yes,yes,132,ok,thin,platforms;features;studio,yes,WebPage;FAQPage,
/kk/use-cases/reels-from-product-image,kk,exists,Reels from product image — Vitrina AI Studio,"How to use Vitrina AI Studio for Reels from product image: photo preparation, quality review, AI limitations, and internal links to related platforms.",Reels from product image,/kk/use-cases/reels-from-product-image,20-locale hreflang,noindex site-wide layout,no,no,132,EN duplicate,thin,platforms;features;studio,yes,WebPage;FAQPage,
/ky/use-cases/reels-from-product-image,ky,exists,Reels from product image — Vitrina AI Studio,"How to use Vitrina AI Studio for Reels from product image: photo preparation, quality review, AI limitations, and internal links to related platforms.",Reels from product image,/ky/use-cases/reels-from-product-image,20-locale hreflang,noindex site-wide layout,no,no,132,EN duplicate,thin,platforms;features;studio,yes,WebPage;FAQPage,
/uz/use-cases/reels-from-product-image,uz,exists,Reels from product image — Vitrina AI Studio,"How to use Vitrina AI Studio for Reels from product image: photo preparation, quality review, AI limitations, and internal links to related platforms.",Reels from product image,/uz/use-cases/reels-from-product-image,20-locale hreflang,noindex site-wide layout,no,no,132,EN duplicate,thin,platforms;features;studio,yes,WebPage;FAQPage,
/tg/use-cases/reels-from-product-image,tg,exists,Reels from product image — Vitrina AI Studio,"How to use Vitrina AI Studio for Reels from product image: photo preparation, quality review, AI limitations, and internal links to related platforms.",Reels from product image,/tg/use-cases/reels-from-product-image,20-locale hreflang,noindex site-wide layout,no,no,132,EN duplicate,thin,platforms;features;studio,yes,WebPage;FAQPage,
/tr/use-cases/reels-from-product-image,tr,exists,Reels from product image — Vitrina AI Studio,"How to use Vitrina AI Studio for Reels from product image: photo preparation, quality review, AI limitations, and internal links to related platforms.",Reels from product image,/tr/use-cases/reels-from-product-image,20-locale hreflang,noindex site-wide layout,no,no,132,EN duplicate,thin,platforms;features;studio,yes,WebPage;FAQPage,
/az/use-cases/reels-from-product-image,az,exists,Reels from product image — Vitrina AI Studio,"How to use Vitrina AI Studio for Reels from product image: photo preparation, quality review, AI limitations, and internal links to related platforms.",Reels from product image,/az/use-cases/reels-from-product-image,20-locale hreflang,noindex site-wide layout,no,no,132,EN duplicate,thin,platforms;features;studio,yes,WebPage;FAQPage,
/ar/use-cases/reels-from-product-image,ar,exists,Reels from product image — Vitrina AI Studio,"How to use Vitrina AI Studio for Reels from product image: photo preparation, quality review, AI limitations, and internal links to related platforms.",Reels from product image,/ar/use-cases/reels-from-product-image,20-locale hreflang,noindex site-wide layout,no,no,132,EN duplicate,thin,platforms;features;studio,yes,WebPage;FAQPage,
/es/use-cases/reels-from-product-image,es,exists,Reels from product image — Vitrina AI Studio,"How to use Vitrina AI Studio for Reels from product image: photo preparation, quality review, AI limitations, and internal links to related platforms.",Reels from product image,/es/use-cases/reels-from-product-image,20-locale hreflang,noindex site-wide layout,no,no,132,EN duplicate,thin,platforms;features;studio,yes,WebPage;FAQPage,
/pt/use-cases/reels-from-product-image,pt,exists,Reels from product image — Vitrina AI Studio,"How to use Vitrina AI Studio for Reels from product image: photo preparation, quality review, AI limitations, and internal links to related platforms.",Reels from product image,/pt/use-cases/reels-from-product-image,20-locale hreflang,noindex site-wide layout,no,no,132,EN duplicate,thin,platforms;features;studio,yes,WebPage;FAQPage,
/fr/use-cases/reels-from-product-image,fr,exists,Reels from product image — Vitrina AI Studio,"How to use Vitrina AI Studio for Reels from product image: photo preparation, quality review, AI limitations, and internal links to related platforms.",Reels from product image,/fr/use-cases/reels-from-product-image,20-locale hreflang,noindex site-wide layout,no,no,132,EN duplicate,thin,platforms;features;studio,yes,WebPage;FAQPage,
/de/use-cases/reels-from-product-image,de,exists,Reels from product image — Vitrina AI Studio,"How to use Vitrina AI Studio for Reels from product image: photo preparation, quality review, AI limitations, and internal links to related platforms.",Reels from product image,/de/use-cases/reels-from-product-image,20-locale hreflang,noindex site-wide layout,no,no,132,EN duplicate,thin,platforms;features;studio,yes,WebPage;FAQPage,
/it/use-cases/reels-from-product-image,it,exists,Reels from product image — Vitrina AI Studio,"How to use Vitrina AI Studio for Reels from product image: photo preparation, quality review, AI limitations, and internal links to related platforms.",Reels from product image,/it/use-cases/reels-from-product-image,20-locale hreflang,noindex site-wide layout,no,no,132,EN duplicate,thin,platforms;features;studio,yes,WebPage;FAQPage,
/pl/use-cases/reels-from-product-image,pl,exists,Reels from product image — Vitrina AI Studio,"How to use Vitrina AI Studio for Reels from product image: photo preparation, quality review, AI limitations, and internal links to related platforms.",Reels from product image,/pl/use-cases/reels-from-product-image,20-locale hreflang,noindex site-wide layout,no,no,132,EN duplicate,thin,platforms;features;studio,yes,WebPage;FAQPage,
/uk/use-cases/reels-from-product-image,uk,exists,Reels from product image — Vitrina AI Studio,"How to use Vitrina AI Studio for Reels from product image: photo preparation, quality review, AI limitations, and internal links to related platforms.",Reels from product image,/uk/use-cases/reels-from-product-image,20-locale hreflang,noindex site-wide layout,no,no,132,EN duplicate,thin,platforms;features;studio,yes,WebPage;FAQPage,
/hi/use-cases/reels-from-product-image,hi,exists,Reels from product image — Vitrina AI Studio,"How to use Vitrina AI Studio for Reels from product image: photo preparation, quality review, AI limitations, and internal links to related platforms.",Reels from product image,/hi/use-cases/reels-from-product-image,20-locale hreflang,noindex site-wide layout,no,no,132,EN duplicate,thin,platforms;features;studio,yes,WebPage;FAQPage,
/id/use-cases/reels-from-product-image,id,exists,Reels from product image — Vitrina AI Studio,"How to use Vitrina AI Studio for Reels from product image: photo preparation, quality review, AI limitations, and internal links to related platforms.",Reels from product image,/id/use-cases/reels-from-product-image,20-locale hreflang,noindex site-wide layout,no,no,132,EN duplicate,thin,platforms;features;studio,yes,WebPage;FAQPage,
/vi/use-cases/reels-from-product-image,vi,exists,Reels from product image — Vitrina AI Studio,"How to use Vitrina AI Studio for Reels from product image: photo preparation, quality review, AI limitations, and internal links to related platforms.",Reels from product image,/vi/use-cases/reels-from-product-image,20-locale hreflang,noindex site-wide layout,no,no,132,EN duplicate,thin,platforms;features;studio,yes,WebPage;FAQPage,
/zh/use-cases/reels-from-product-image,zh,exists,Reels from product image — Vitrina AI Studio,"How to use Vitrina AI Studio for Reels from product image: photo preparation, quality review, AI limitations, and internal links to related platforms.",Reels from product image,/zh/use-cases/reels-from-product-image,20-locale hreflang,noindex site-wide layout,no,no,132,EN duplicate,thin,platforms;features;studio,yes,WebPage;FAQPage,
/ru/use-cases/ai-zamena-fona,ru,exists,AI-замена фона у товара — Vitrina AI Studio,"Как использовать Vitrina AI Studio для сценария «AI-замена фона у товара»: подготовка фото, проверка качества, ограничения AI и ссылки на платформы.",AI-замена фона у товара,/ru/use-cases/ai-zamena-fona,20-locale hreflang,noindex site-wide layout,yes,yes,121,ok,thin,platforms;features;studio,yes,WebPage;FAQPage,
/en/use-cases/ai-background-replacement,en,exists,AI background replacement — Vitrina AI Studio,"How to use Vitrina AI Studio for AI background replacement: photo preparation, quality review, AI limitations, and internal links to related platforms.",AI background replacement,/en/use-cases/ai-background-replacement,20-locale hreflang,noindex site-wide layout,yes,yes,131,ok,thin,platforms;features;studio,yes,WebPage;FAQPage,
/kk/use-cases/ai-background-replacement,kk,exists,AI background replacement — Vitrina AI Studio,"How to use Vitrina AI Studio for AI background replacement: photo preparation, quality review, AI limitations, and internal links to related platforms.",AI background replacement,/kk/use-cases/ai-background-replacement,20-locale hreflang,noindex site-wide layout,no,no,131,EN duplicate,thin,platforms;features;studio,yes,WebPage;FAQPage,
/ky/use-cases/ai-background-replacement,ky,exists,AI background replacement — Vitrina AI Studio,"How to use Vitrina AI Studio for AI background replacement: photo preparation, quality review, AI limitations, and internal links to related platforms.",AI background replacement,/ky/use-cases/ai-background-replacement,20-locale hreflang,noindex site-wide layout,no,no,131,EN duplicate,thin,platforms;features;studio,yes,WebPage;FAQPage,
/uz/use-cases/ai-background-replacement,uz,exists,AI background replacement — Vitrina AI Studio,"How to use Vitrina AI Studio for AI background replacement: photo preparation, quality review, AI limitations, and internal links to related platforms.",AI background replacement,/uz/use-cases/ai-background-replacement,20-locale hreflang,noindex site-wide layout,no,no,131,EN duplicate,thin,platforms;features;studio,yes,WebPage;FAQPage,
/tg/use-cases/ai-background-replacement,tg,exists,AI background replacement — Vitrina AI Studio,"How to use Vitrina AI Studio for AI background replacement: photo preparation, quality review, AI limitations, and internal links to related platforms.",AI background replacement,/tg/use-cases/ai-background-replacement,20-locale hreflang,noindex site-wide layout,no,no,131,EN duplicate,thin,platforms;features;studio,yes,WebPage;FAQPage,
/tr/use-cases/ai-background-replacement,tr,exists,AI background replacement — Vitrina AI Studio,"How to use Vitrina AI Studio for AI background replacement: photo preparation, quality review, AI limitations, and internal links to related platforms.",AI background replacement,/tr/use-cases/ai-background-replacement,20-locale hreflang,noindex site-wide layout,no,no,131,EN duplicate,thin,platforms;features;studio,yes,WebPage;FAQPage,
/az/use-cases/ai-background-replacement,az,exists,AI background replacement — Vitrina AI Studio,"How to use Vitrina AI Studio for AI background replacement: photo preparation, quality review, AI limitations, and internal links to related platforms.",AI background replacement,/az/use-cases/ai-background-replacement,20-locale hreflang,noindex site-wide layout,no,no,131,EN duplicate,thin,platforms;features;studio,yes,WebPage;FAQPage,
/ar/use-cases/ai-background-replacement,ar,exists,AI background replacement — Vitrina AI Studio,"How to use Vitrina AI Studio for AI background replacement: photo preparation, quality review, AI limitations, and internal links to related platforms.",AI background replacement,/ar/use-cases/ai-background-replacement,20-locale hreflang,noindex site-wide layout,no,no,131,EN duplicate,thin,platforms;features;studio,yes,WebPage;FAQPage,
/es/use-cases/ai-background-replacement,es,exists,AI background replacement — Vitrina AI Studio,"How to use Vitrina AI Studio for AI background replacement: photo preparation, quality review, AI limitations, and internal links to related platforms.",AI background replacement,/es/use-cases/ai-background-replacement,20-locale hreflang,noindex site-wide layout,no,no,131,EN duplicate,thin,platforms;features;studio,yes,WebPage;FAQPage,
/pt/use-cases/ai-background-replacement,pt,exists,AI background replacement — Vitrina AI Studio,"How to use Vitrina AI Studio for AI background replacement: photo preparation, quality review, AI limitations, and internal links to related platforms.",AI background replacement,/pt/use-cases/ai-background-replacement,20-locale hreflang,noindex site-wide layout,no,no,131,EN duplicate,thin,platforms;features;studio,yes,WebPage;FAQPage,
/fr/use-cases/ai-background-replacement,fr,exists,AI background replacement — Vitrina AI Studio,"How to use Vitrina AI Studio for AI background replacement: photo preparation, quality review, AI limitations, and internal links to related platforms.",AI background replacement,/fr/use-cases/ai-background-replacement,20-locale hreflang,noindex site-wide layout,no,no,131,EN duplicate,thin,platforms;features;studio,yes,WebPage;FAQPage,
/de/use-cases/ai-background-replacement,de,exists,AI background replacement — Vitrina AI Studio,"How to use Vitrina AI Studio for AI background replacement: photo preparation, quality review, AI limitations, and internal links to related platforms.",AI background replacement,/de/use-cases/ai-background-replacement,20-locale hreflang,noindex site-wide layout,no,no,131,EN duplicate,thin,platforms;features;studio,yes,WebPage;FAQPage,
/it/use-cases/ai-background-replacement,it,exists,AI background replacement — Vitrina AI Studio,"How to use Vitrina AI Studio for AI background replacement: photo preparation, quality review, AI limitations, and internal links to related platforms.",AI background replacement,/it/use-cases/ai-background-replacement,20-locale hreflang,noindex site-wide layout,no,no,131,EN duplicate,thin,platforms;features;studio,yes,WebPage;FAQPage,
/pl/use-cases/ai-background-replacement,pl,exists,AI background replacement — Vitrina AI Studio,"How to use Vitrina AI Studio for AI background replacement: photo preparation, quality review, AI limitations, and internal links to related platforms.",AI background replacement,/pl/use-cases/ai-background-replacement,20-locale hreflang,noindex site-wide layout,no,no,131,EN duplicate,thin,platforms;features;studio,yes,WebPage;FAQPage,
/uk/use-cases/ai-background-replacement,uk,exists,AI background replacement — Vitrina AI Studio,"How to use Vitrina AI Studio for AI background replacement: photo preparation, quality review, AI limitations, and internal links to related platforms.",AI background replacement,/uk/use-cases/ai-background-replacement,20-locale hreflang,noindex site-wide layout,no,no,131,EN duplicate,thin,platforms;features;studio,yes,WebPage;FAQPage,
/hi/use-cases/ai-background-replacement,hi,exists,AI background replacement — Vitrina AI Studio,"How to use Vitrina AI Studio for AI background replacement: photo preparation, quality review, AI limitations, and internal links to related platforms.",AI background replacement,/hi/use-cases/ai-background-replacement,20-locale hreflang,noindex site-wide layout,no,no,131,EN duplicate,thin,platforms;features;studio,yes,WebPage;FAQPage,
/id/use-cases/ai-background-replacement,id,exists,AI background replacement — Vitrina AI Studio,"How to use Vitrina AI Studio for AI background replacement: photo preparation, quality review, AI limitations, and internal links to related platforms.",AI background replacement,/id/use-cases/ai-background-replacement,20-locale hreflang,noindex site-wide layout,no,no,131,EN duplicate,thin,platforms;features;studio,yes,WebPage;FAQPage,
/vi/use-cases/ai-background-replacement,vi,exists,AI background replacement — Vitrina AI Studio,"How to use Vitrina AI Studio for AI background replacement: photo preparation, quality review, AI limitations, and internal links to related platforms.",AI background replacement,/vi/use-cases/ai-background-replacement,20-locale hreflang,noindex site-wide layout,no,no,131,EN duplicate,thin,platforms;features;studio,yes,WebPage;FAQPage,
/zh/use-cases/ai-background-replacement,zh,exists,AI background replacement — Vitrina AI Studio,"How to use Vitrina AI Studio for AI background replacement: photo preparation, quality review, AI limitations, and internal links to related platforms.",AI background replacement,/zh/use-cases/ai-background-replacement,20-locale hreflang,noindex site-wide layout,no,no,131,EN duplicate,thin,platforms;features;studio,yes,WebPage;FAQPage,
/ru/use-cases/ochistka-tovarnogo-foto,ru,exists,Очистка товарного фото — Vitrina AI Studio,"Как использовать Vitrina AI Studio для сценария «очистка товарного фото»: подготовка фото, проверка качества, ограничения AI и ссылки на платформы.",Очистка товарного фото,/ru/use-cases/ochistka-tovarnogo-foto,20-locale hreflang,noindex site-wide layout,yes,yes,120,ok,thin,platforms;features;studio,yes,WebPage;FAQPage,
/en/use-cases/product-photo-cleanup,en,exists,Product photo cleanup — Vitrina AI Studio,"How to use Vitrina AI Studio for product photo cleanup: photo preparation, quality review, AI limitations, and internal links to related platforms.",Product photo cleanup,/en/use-cases/product-photo-cleanup,20-locale hreflang,noindex site-wide layout,yes,yes,131,ok,thin,platforms;features;studio,yes,WebPage;FAQPage,
/kk/use-cases/product-photo-cleanup,kk,exists,Product photo cleanup — Vitrina AI Studio,"How to use Vitrina AI Studio for product photo cleanup: photo preparation, quality review, AI limitations, and internal links to related platforms.",Product photo cleanup,/kk/use-cases/product-photo-cleanup,20-locale hreflang,noindex site-wide layout,no,no,131,EN duplicate,thin,platforms;features;studio,yes,WebPage;FAQPage,
/ky/use-cases/product-photo-cleanup,ky,exists,Product photo cleanup — Vitrina AI Studio,"How to use Vitrina AI Studio for product photo cleanup: photo preparation, quality review, AI limitations, and internal links to related platforms.",Product photo cleanup,/ky/use-cases/product-photo-cleanup,20-locale hreflang,noindex site-wide layout,no,no,131,EN duplicate,thin,platforms;features;studio,yes,WebPage;FAQPage,
/uz/use-cases/product-photo-cleanup,uz,exists,Product photo cleanup — Vitrina AI Studio,"How to use Vitrina AI Studio for product photo cleanup: photo preparation, quality review, AI limitations, and internal links to related platforms.",Product photo cleanup,/uz/use-cases/product-photo-cleanup,20-locale hreflang,noindex site-wide layout,no,no,131,EN duplicate,thin,platforms;features;studio,yes,WebPage;FAQPage,
/tg/use-cases/product-photo-cleanup,tg,exists,Product photo cleanup — Vitrina AI Studio,"How to use Vitrina AI Studio for product photo cleanup: photo preparation, quality review, AI limitations, and internal links to related platforms.",Product photo cleanup,/tg/use-cases/product-photo-cleanup,20-locale hreflang,noindex site-wide layout,no,no,131,EN duplicate,thin,platforms;features;studio,yes,WebPage;FAQPage,
/tr/use-cases/product-photo-cleanup,tr,exists,Product photo cleanup — Vitrina AI Studio,"How to use Vitrina AI Studio for product photo cleanup: photo preparation, quality review, AI limitations, and internal links to related platforms.",Product photo cleanup,/tr/use-cases/product-photo-cleanup,20-locale hreflang,noindex site-wide layout,no,no,131,EN duplicate,thin,platforms;features;studio,yes,WebPage;FAQPage,
/az/use-cases/product-photo-cleanup,az,exists,Product photo cleanup — Vitrina AI Studio,"How to use Vitrina AI Studio for product photo cleanup: photo preparation, quality review, AI limitations, and internal links to related platforms.",Product photo cleanup,/az/use-cases/product-photo-cleanup,20-locale hreflang,noindex site-wide layout,no,no,131,EN duplicate,thin,platforms;features;studio,yes,WebPage;FAQPage,
/ar/use-cases/product-photo-cleanup,ar,exists,Product photo cleanup — Vitrina AI Studio,"How to use Vitrina AI Studio for product photo cleanup: photo preparation, quality review, AI limitations, and internal links to related platforms.",Product photo cleanup,/ar/use-cases/product-photo-cleanup,20-locale hreflang,noindex site-wide layout,no,no,131,EN duplicate,thin,platforms;features;studio,yes,WebPage;FAQPage,
/es/use-cases/product-photo-cleanup,es,exists,Product photo cleanup — Vitrina AI Studio,"How to use Vitrina AI Studio for product photo cleanup: photo preparation, quality review, AI limitations, and internal links to related platforms.",Product photo cleanup,/es/use-cases/product-photo-cleanup,20-locale hreflang,noindex site-wide layout,no,no,131,EN duplicate,thin,platforms;features;studio,yes,WebPage;FAQPage,
/pt/use-cases/product-photo-cleanup,pt,exists,Product photo cleanup — Vitrina AI Studio,"How to use Vitrina AI Studio for product photo cleanup: photo preparation, quality review, AI limitations, and internal links to related platforms.",Product photo cleanup,/pt/use-cases/product-photo-cleanup,20-locale hreflang,noindex site-wide layout,no,no,131,EN duplicate,thin,platforms;features;studio,yes,WebPage;FAQPage,
/fr/use-cases/product-photo-cleanup,fr,exists,Product photo cleanup — Vitrina AI Studio,"How to use Vitrina AI Studio for product photo cleanup: photo preparation, quality review, AI limitations, and internal links to related platforms.",Product photo cleanup,/fr/use-cases/product-photo-cleanup,20-locale hreflang,noindex site-wide layout,no,no,131,EN duplicate,thin,platforms;features;studio,yes,WebPage;FAQPage,
/de/use-cases/product-photo-cleanup,de,exists,Product photo cleanup — Vitrina AI Studio,"How to use Vitrina AI Studio for product photo cleanup: photo preparation, quality review, AI limitations, and internal links to related platforms.",Product photo cleanup,/de/use-cases/product-photo-cleanup,20-locale hreflang,noindex site-wide layout,no,no,131,EN duplicate,thin,platforms;features;studio,yes,WebPage;FAQPage,
/it/use-cases/product-photo-cleanup,it,exists,Product photo cleanup — Vitrina AI Studio,"How to use Vitrina AI Studio for product photo cleanup: photo preparation, quality review, AI limitations, and internal links to related platforms.",Product photo cleanup,/it/use-cases/product-photo-cleanup,20-locale hreflang,noindex site-wide layout,no,no,131,EN duplicate,thin,platforms;features;studio,yes,WebPage;FAQPage,
/pl/use-cases/product-photo-cleanup,pl,exists,Product photo cleanup — Vitrina AI Studio,"How to use Vitrina AI Studio for product photo cleanup: photo preparation, quality review, AI limitations, and internal links to related platforms.",Product photo cleanup,/pl/use-cases/product-photo-cleanup,20-locale hreflang,noindex site-wide layout,no,no,131,EN duplicate,thin,platforms;features;studio,yes,WebPage;FAQPage,
/uk/use-cases/product-photo-cleanup,uk,exists,Product photo cleanup — Vitrina AI Studio,"How to use Vitrina AI Studio for product photo cleanup: photo preparation, quality review, AI limitations, and internal links to related platforms.",Product photo cleanup,/uk/use-cases/product-photo-cleanup,20-locale hreflang,noindex site-wide layout,no,no,131,EN duplicate,thin,platforms;features;studio,yes,WebPage;FAQPage,
/hi/use-cases/product-photo-cleanup,hi,exists,Product photo cleanup — Vitrina AI Studio,"How to use Vitrina AI Studio for product photo cleanup: photo preparation, quality review, AI limitations, and internal links to related platforms.",Product photo cleanup,/hi/use-cases/product-photo-cleanup,20-locale hreflang,noindex site-wide layout,no,no,131,EN duplicate,thin,platforms;features;studio,yes,WebPage;FAQPage,
/id/use-cases/product-photo-cleanup,id,exists,Product photo cleanup — Vitrina AI Studio,"How to use Vitrina AI Studio for product photo cleanup: photo preparation, quality review, AI limitations, and internal links to related platforms.",Product photo cleanup,/id/use-cases/product-photo-cleanup,20-locale hreflang,noindex site-wide layout,no,no,131,EN duplicate,thin,platforms;features;studio,yes,WebPage;FAQPage,
/vi/use-cases/product-photo-cleanup,vi,exists,Product photo cleanup — Vitrina AI Studio,"How to use Vitrina AI Studio for product photo cleanup: photo preparation, quality review, AI limitations, and internal links to related platforms.",Product photo cleanup,/vi/use-cases/product-photo-cleanup,20-locale hreflang,noindex site-wide layout,no,no,131,EN duplicate,thin,platforms;features;studio,yes,WebPage;FAQPage,
/zh/use-cases/product-photo-cleanup,zh,exists,Product photo cleanup — Vitrina AI Studio,"How to use Vitrina AI Studio for product photo cleanup: photo preparation, quality review, AI limitations, and internal links to related platforms.",Product photo cleanup,/zh/use-cases/product-photo-cleanup,20-locale hreflang,noindex site-wide layout,no,no,131,EN duplicate,thin,platforms;features;studio,yes,WebPage;FAQPage,
/ru/use-cases/tochnaya-tovarnaya-kartochka,ru,exists,Точная товарная карточка — Vitrina AI Studio,"Как использовать Vitrina AI Studio для сценария «точная товарная карточка»: подготовка фото, проверка качества, ограничения AI и ссылки на платформы.",Точная товарная карточка,/ru/use-cases/tochnaya-tovarnaya-kartochka,20-locale hreflang,noindex site-wide layout,yes,yes,120,ok,thin,platforms;features;studio,yes,WebPage;FAQPage,
/en/use-cases/exact-product-card,en,exists,Exact product card — Vitrina AI Studio,"How to use Vitrina AI Studio for exact product card: photo preparation, quality review, AI limitations, and internal links to related platforms.",Exact product card,/en/use-cases/exact-product-card,20-locale hreflang,noindex site-wide layout,yes,yes,131,ok,thin,platforms;features;studio,yes,WebPage;FAQPage,
/kk/use-cases/exact-product-card,kk,exists,Exact product card — Vitrina AI Studio,"How to use Vitrina AI Studio for exact product card: photo preparation, quality review, AI limitations, and internal links to related platforms.",Exact product card,/kk/use-cases/exact-product-card,20-locale hreflang,noindex site-wide layout,no,no,131,EN duplicate,thin,platforms;features;studio,yes,WebPage;FAQPage,
/ky/use-cases/exact-product-card,ky,exists,Exact product card — Vitrina AI Studio,"How to use Vitrina AI Studio for exact product card: photo preparation, quality review, AI limitations, and internal links to related platforms.",Exact product card,/ky/use-cases/exact-product-card,20-locale hreflang,noindex site-wide layout,no,no,131,EN duplicate,thin,platforms;features;studio,yes,WebPage;FAQPage,
/uz/use-cases/exact-product-card,uz,exists,Exact product card — Vitrina AI Studio,"How to use Vitrina AI Studio for exact product card: photo preparation, quality review, AI limitations, and internal links to related platforms.",Exact product card,/uz/use-cases/exact-product-card,20-locale hreflang,noindex site-wide layout,no,no,131,EN duplicate,thin,platforms;features;studio,yes,WebPage;FAQPage,
/tg/use-cases/exact-product-card,tg,exists,Exact product card — Vitrina AI Studio,"How to use Vitrina AI Studio for exact product card: photo preparation, quality review, AI limitations, and internal links to related platforms.",Exact product card,/tg/use-cases/exact-product-card,20-locale hreflang,noindex site-wide layout,no,no,131,EN duplicate,thin,platforms;features;studio,yes,WebPage;FAQPage,
/tr/use-cases/exact-product-card,tr,exists,Exact product card — Vitrina AI Studio,"How to use Vitrina AI Studio for exact product card: photo preparation, quality review, AI limitations, and internal links to related platforms.",Exact product card,/tr/use-cases/exact-product-card,20-locale hreflang,noindex site-wide layout,no,no,131,EN duplicate,thin,platforms;features;studio,yes,WebPage;FAQPage,
/az/use-cases/exact-product-card,az,exists,Exact product card — Vitrina AI Studio,"How to use Vitrina AI Studio for exact product card: photo preparation, quality review, AI limitations, and internal links to related platforms.",Exact product card,/az/use-cases/exact-product-card,20-locale hreflang,noindex site-wide layout,no,no,131,EN duplicate,thin,platforms;features;studio,yes,WebPage;FAQPage,
/ar/use-cases/exact-product-card,ar,exists,Exact product card — Vitrina AI Studio,"How to use Vitrina AI Studio for exact product card: photo preparation, quality review, AI limitations, and internal links to related platforms.",Exact product card,/ar/use-cases/exact-product-card,20-locale hreflang,noindex site-wide layout,no,no,131,EN duplicate,thin,platforms;features;studio,yes,WebPage;FAQPage,
/es/use-cases/exact-product-card,es,exists,Exact product card — Vitrina AI Studio,"How to use Vitrina AI Studio for exact product card: photo preparation, quality review, AI limitations, and internal links to related platforms.",Exact product card,/es/use-cases/exact-product-card,20-locale hreflang,noindex site-wide layout,no,no,131,EN duplicate,thin,platforms;features;studio,yes,WebPage;FAQPage,
/pt/use-cases/exact-product-card,pt,exists,Exact product card — Vitrina AI Studio,"How to use Vitrina AI Studio for exact product card: photo preparation, quality review, AI limitations, and internal links to related platforms.",Exact product card,/pt/use-cases/exact-product-card,20-locale hreflang,noindex site-wide layout,no,no,131,EN duplicate,thin,platforms;features;studio,yes,WebPage;FAQPage,
/fr/use-cases/exact-product-card,fr,exists,Exact product card — Vitrina AI Studio,"How to use Vitrina AI Studio for exact product card: photo preparation, quality review, AI limitations, and internal links to related platforms.",Exact product card,/fr/use-cases/exact-product-card,20-locale hreflang,noindex site-wide layout,no,no,131,EN duplicate,thin,platforms;features;studio,yes,WebPage;FAQPage,
/de/use-cases/exact-product-card,de,exists,Exact product card — Vitrina AI Studio,"How to use Vitrina AI Studio for exact product card: photo preparation, quality review, AI limitations, and internal links to related platforms.",Exact product card,/de/use-cases/exact-product-card,20-locale hreflang,noindex site-wide layout,no,no,131,EN duplicate,thin,platforms;features;studio,yes,WebPage;FAQPage,
/it/use-cases/exact-product-card,it,exists,Exact product card — Vitrina AI Studio,"How to use Vitrina AI Studio for exact product card: photo preparation, quality review, AI limitations, and internal links to related platforms.",Exact product card,/it/use-cases/exact-product-card,20-locale hreflang,noindex site-wide layout,no,no,131,EN duplicate,thin,platforms;features;studio,yes,WebPage;FAQPage,
/pl/use-cases/exact-product-card,pl,exists,Exact product card — Vitrina AI Studio,"How to use Vitrina AI Studio for exact product card: photo preparation, quality review, AI limitations, and internal links to related platforms.",Exact product card,/pl/use-cases/exact-product-card,20-locale hreflang,noindex site-wide layout,no,no,131,EN duplicate,thin,platforms;features;studio,yes,WebPage;FAQPage,
/uk/use-cases/exact-product-card,uk,exists,Exact product card — Vitrina AI Studio,"How to use Vitrina AI Studio for exact product card: photo preparation, quality review, AI limitations, and internal links to related platforms.",Exact product card,/uk/use-cases/exact-product-card,20-locale hreflang,noindex site-wide layout,no,no,131,EN duplicate,thin,platforms;features;studio,yes,WebPage;FAQPage,
/hi/use-cases/exact-product-card,hi,exists,Exact product card — Vitrina AI Studio,"How to use Vitrina AI Studio for exact product card: photo preparation, quality review, AI limitations, and internal links to related platforms.",Exact product card,/hi/use-cases/exact-product-card,20-locale hreflang,noindex site-wide layout,no,no,131,EN duplicate,thin,platforms;features;studio,yes,WebPage;FAQPage,
/id/use-cases/exact-product-card,id,exists,Exact product card — Vitrina AI Studio,"How to use Vitrina AI Studio for exact product card: photo preparation, quality review, AI limitations, and internal links to related platforms.",Exact product card,/id/use-cases/exact-product-card,20-locale hreflang,noindex site-wide layout,no,no,131,EN duplicate,thin,platforms;features;studio,yes,WebPage;FAQPage,
/vi/use-cases/exact-product-card,vi,exists,Exact product card — Vitrina AI Studio,"How to use Vitrina AI Studio for exact product card: photo preparation, quality review, AI limitations, and internal links to related platforms.",Exact product card,/vi/use-cases/exact-product-card,20-locale hreflang,noindex site-wide layout,no,no,131,EN duplicate,thin,platforms;features;studio,yes,WebPage;FAQPage,
/zh/use-cases/exact-product-card,zh,exists,Exact product card — Vitrina AI Studio,"How to use Vitrina AI Studio for exact product card: photo preparation, quality review, AI limitations, and internal links to related platforms.",Exact product card,/zh/use-cases/exact-product-card,20-locale hreflang,noindex site-wide layout,no,no,131,EN duplicate,thin,platforms;features;studio,yes,WebPage;FAQPage,
/ru/use-cases/kreativnaya-scena-tovara,ru,exists,Креативная сцена товара — Vitrina AI Studio,"Как использовать Vitrina AI Studio для сценария «креативная сцена товара»: подготовка фото, проверка качества, ограничения AI и ссылки на платформы.",Креативная сцена товара,/ru/use-cases/kreativnaya-scena-tovara,20-locale hreflang,noindex site-wide layout,yes,yes,120,ok,thin,platforms;features;studio,yes,WebPage;FAQPage,
/en/use-cases/creative-product-scene,en,exists,Creative product scene — Vitrina AI Studio,"How to use Vitrina AI Studio for creative product scene: photo preparation, quality review, AI limitations, and internal links to related platforms.",Creative product scene,/en/use-cases/creative-product-scene,20-locale hreflang,noindex site-wide layout,yes,yes,131,ok,thin,platforms;features;studio,yes,WebPage;FAQPage,
/kk/use-cases/creative-product-scene,kk,exists,Creative product scene — Vitrina AI Studio,"How to use Vitrina AI Studio for creative product scene: photo preparation, quality review, AI limitations, and internal links to related platforms.",Creative product scene,/kk/use-cases/creative-product-scene,20-locale hreflang,noindex site-wide layout,no,no,131,EN duplicate,thin,platforms;features;studio,yes,WebPage;FAQPage,
/ky/use-cases/creative-product-scene,ky,exists,Creative product scene — Vitrina AI Studio,"How to use Vitrina AI Studio for creative product scene: photo preparation, quality review, AI limitations, and internal links to related platforms.",Creative product scene,/ky/use-cases/creative-product-scene,20-locale hreflang,noindex site-wide layout,no,no,131,EN duplicate,thin,platforms;features;studio,yes,WebPage;FAQPage,
/uz/use-cases/creative-product-scene,uz,exists,Creative product scene — Vitrina AI Studio,"How to use Vitrina AI Studio for creative product scene: photo preparation, quality review, AI limitations, and internal links to related platforms.",Creative product scene,/uz/use-cases/creative-product-scene,20-locale hreflang,noindex site-wide layout,no,no,131,EN duplicate,thin,platforms;features;studio,yes,WebPage;FAQPage,
/tg/use-cases/creative-product-scene,tg,exists,Creative product scene — Vitrina AI Studio,"How to use Vitrina AI Studio for creative product scene: photo preparation, quality review, AI limitations, and internal links to related platforms.",Creative product scene,/tg/use-cases/creative-product-scene,20-locale hreflang,noindex site-wide layout,no,no,131,EN duplicate,thin,platforms;features;studio,yes,WebPage;FAQPage,
/tr/use-cases/creative-product-scene,tr,exists,Creative product scene — Vitrina AI Studio,"How to use Vitrina AI Studio for creative product scene: photo preparation, quality review, AI limitations, and internal links to related platforms.",Creative product scene,/tr/use-cases/creative-product-scene,20-locale hreflang,noindex site-wide layout,no,no,131,EN duplicate,thin,platforms;features;studio,yes,WebPage;FAQPage,
/az/use-cases/creative-product-scene,az,exists,Creative product scene — Vitrina AI Studio,"How to use Vitrina AI Studio for creative product scene: photo preparation, quality review, AI limitations, and internal links to related platforms.",Creative product scene,/az/use-cases/creative-product-scene,20-locale hreflang,noindex site-wide layout,no,no,131,EN duplicate,thin,platforms;features;studio,yes,WebPage;FAQPage,
/ar/use-cases/creative-product-scene,ar,exists,Creative product scene — Vitrina AI Studio,"How to use Vitrina AI Studio for creative product scene: photo preparation, quality review, AI limitations, and internal links to related platforms.",Creative product scene,/ar/use-cases/creative-product-scene,20-locale hreflang,noindex site-wide layout,no,no,131,EN duplicate,thin,platforms;features;studio,yes,WebPage;FAQPage,
/es/use-cases/creative-product-scene,es,exists,Creative product scene — Vitrina AI Studio,"How to use Vitrina AI Studio for creative product scene: photo preparation, quality review, AI limitations, and internal links to related platforms.",Creative product scene,/es/use-cases/creative-product-scene,20-locale hreflang,noindex site-wide layout,no,no,131,EN duplicate,thin,platforms;features;studio,yes,WebPage;FAQPage,
/pt/use-cases/creative-product-scene,pt,exists,Creative product scene — Vitrina AI Studio,"How to use Vitrina AI Studio for creative product scene: photo preparation, quality review, AI limitations, and internal links to related platforms.",Creative product scene,/pt/use-cases/creative-product-scene,20-locale hreflang,noindex site-wide layout,no,no,131,EN duplicate,thin,platforms;features;studio,yes,WebPage;FAQPage,
/fr/use-cases/creative-product-scene,fr,exists,Creative product scene — Vitrina AI Studio,"How to use Vitrina AI Studio for creative product scene: photo preparation, quality review, AI limitations, and internal links to related platforms.",Creative product scene,/fr/use-cases/creative-product-scene,20-locale hreflang,noindex site-wide layout,no,no,131,EN duplicate,thin,platforms;features;studio,yes,WebPage;FAQPage,
/de/use-cases/creative-product-scene,de,exists,Creative product scene — Vitrina AI Studio,"How to use Vitrina AI Studio for creative product scene: photo preparation, quality review, AI limitations, and internal links to related platforms.",Creative product scene,/de/use-cases/creative-product-scene,20-locale hreflang,noindex site-wide layout,no,no,131,EN duplicate,thin,platforms;features;studio,yes,WebPage;FAQPage,
/it/use-cases/creative-product-scene,it,exists,Creative product scene — Vitrina AI Studio,"How to use Vitrina AI Studio for creative product scene: photo preparation, quality review, AI limitations, and internal links to related platforms.",Creative product scene,/it/use-cases/creative-product-scene,20-locale hreflang,noindex site-wide layout,no,no,131,EN duplicate,thin,platforms;features;studio,yes,WebPage;FAQPage,
/pl/use-cases/creative-product-scene,pl,exists,Creative product scene — Vitrina AI Studio,"How to use Vitrina AI Studio for creative product scene: photo preparation, quality review, AI limitations, and internal links to related platforms.",Creative product scene,/pl/use-cases/creative-product-scene,20-locale hreflang,noindex site-wide layout,no,no,131,EN duplicate,thin,platforms;features;studio,yes,WebPage;FAQPage,
/uk/use-cases/creative-product-scene,uk,exists,Creative product scene — Vitrina AI Studio,"How to use Vitrina AI Studio for creative product scene: photo preparation, quality review, AI limitations, and internal links to related platforms.",Creative product scene,/uk/use-cases/creative-product-scene,20-locale hreflang,noindex site-wide layout,no,no,131,EN duplicate,thin,platforms;features;studio,yes,WebPage;FAQPage,
/hi/use-cases/creative-product-scene,hi,exists,Creative product scene — Vitrina AI Studio,"How to use Vitrina AI Studio for creative product scene: photo preparation, quality review, AI limitations, and internal links to related platforms.",Creative product scene,/hi/use-cases/creative-product-scene,20-locale hreflang,noindex site-wide layout,no,no,131,EN duplicate,thin,platforms;features;studio,yes,WebPage;FAQPage,
/id/use-cases/creative-product-scene,id,exists,Creative product scene — Vitrina AI Studio,"How to use Vitrina AI Studio for creative product scene: photo preparation, quality review, AI limitations, and internal links to related platforms.",Creative product scene,/id/use-cases/creative-product-scene,20-locale hreflang,noindex site-wide layout,no,no,131,EN duplicate,thin,platforms;features;studio,yes,WebPage;FAQPage,
/vi/use-cases/creative-product-scene,vi,exists,Creative product scene — Vitrina AI Studio,"How to use Vitrina AI Studio for creative product scene: photo preparation, quality review, AI limitations, and internal links to related platforms.",Creative product scene,/vi/use-cases/creative-product-scene,20-locale hreflang,noindex site-wide layout,no,no,131,EN duplicate,thin,platforms;features;studio,yes,WebPage;FAQPage,
/zh/use-cases/creative-product-scene,zh,exists,Creative product scene — Vitrina AI Studio,"How to use Vitrina AI Studio for creative product scene: photo preparation, quality review, AI limitations, and internal links to related platforms.",Creative product scene,/zh/use-cases/creative-product-scene,20-locale hreflang,noindex site-wide layout,no,no,131,EN duplicate,thin,platforms;features;studio,yes,WebPage;FAQPage,
/ru/use-cases/foto-dlya-ecommerce-kataloga,ru,exists,Фото для ecommerce каталога — Vitrina AI Studio,"Как использовать Vitrina AI Studio для сценария «фото для ecommerce каталога»: подготовка фото, проверка качества, ограничения AI и ссылки на платформы.",Фото для ecommerce каталога,/ru/use-cases/foto-dlya-ecommerce-kataloga,20-locale hreflang,noindex site-wide layout,yes,yes,120,ok,thin,platforms;features;studio,yes,WebPage;FAQPage,
/en/use-cases/ecommerce-catalog-photos,en,exists,Ecommerce catalog photos — Vitrina AI Studio,"How to use Vitrina AI Studio for ecommerce catalog photos: photo preparation, quality review, AI limitations, and internal links to related platforms.",Ecommerce catalog photos,/en/use-cases/ecommerce-catalog-photos,20-locale hreflang,noindex site-wide layout,yes,yes,130,ok,thin,platforms;features;studio,yes,WebPage;FAQPage,
/kk/use-cases/ecommerce-catalog-photos,kk,exists,Ecommerce catalog photos — Vitrina AI Studio,"How to use Vitrina AI Studio for ecommerce catalog photos: photo preparation, quality review, AI limitations, and internal links to related platforms.",Ecommerce catalog photos,/kk/use-cases/ecommerce-catalog-photos,20-locale hreflang,noindex site-wide layout,no,no,130,EN duplicate,thin,platforms;features;studio,yes,WebPage;FAQPage,
/ky/use-cases/ecommerce-catalog-photos,ky,exists,Ecommerce catalog photos — Vitrina AI Studio,"How to use Vitrina AI Studio for ecommerce catalog photos: photo preparation, quality review, AI limitations, and internal links to related platforms.",Ecommerce catalog photos,/ky/use-cases/ecommerce-catalog-photos,20-locale hreflang,noindex site-wide layout,no,no,130,EN duplicate,thin,platforms;features;studio,yes,WebPage;FAQPage,
/uz/use-cases/ecommerce-catalog-photos,uz,exists,Ecommerce catalog photos — Vitrina AI Studio,"How to use Vitrina AI Studio for ecommerce catalog photos: photo preparation, quality review, AI limitations, and internal links to related platforms.",Ecommerce catalog photos,/uz/use-cases/ecommerce-catalog-photos,20-locale hreflang,noindex site-wide layout,no,no,130,EN duplicate,thin,platforms;features;studio,yes,WebPage;FAQPage,
/tg/use-cases/ecommerce-catalog-photos,tg,exists,Ecommerce catalog photos — Vitrina AI Studio,"How to use Vitrina AI Studio for ecommerce catalog photos: photo preparation, quality review, AI limitations, and internal links to related platforms.",Ecommerce catalog photos,/tg/use-cases/ecommerce-catalog-photos,20-locale hreflang,noindex site-wide layout,no,no,130,EN duplicate,thin,platforms;features;studio,yes,WebPage;FAQPage,
/tr/use-cases/ecommerce-catalog-photos,tr,exists,Ecommerce catalog photos — Vitrina AI Studio,"How to use Vitrina AI Studio for ecommerce catalog photos: photo preparation, quality review, AI limitations, and internal links to related platforms.",Ecommerce catalog photos,/tr/use-cases/ecommerce-catalog-photos,20-locale hreflang,noindex site-wide layout,no,no,130,EN duplicate,thin,platforms;features;studio,yes,WebPage;FAQPage,
/az/use-cases/ecommerce-catalog-photos,az,exists,Ecommerce catalog photos — Vitrina AI Studio,"How to use Vitrina AI Studio for ecommerce catalog photos: photo preparation, quality review, AI limitations, and internal links to related platforms.",Ecommerce catalog photos,/az/use-cases/ecommerce-catalog-photos,20-locale hreflang,noindex site-wide layout,no,no,130,EN duplicate,thin,platforms;features;studio,yes,WebPage;FAQPage,
/ar/use-cases/ecommerce-catalog-photos,ar,exists,Ecommerce catalog photos — Vitrina AI Studio,"How to use Vitrina AI Studio for ecommerce catalog photos: photo preparation, quality review, AI limitations, and internal links to related platforms.",Ecommerce catalog photos,/ar/use-cases/ecommerce-catalog-photos,20-locale hreflang,noindex site-wide layout,no,no,130,EN duplicate,thin,platforms;features;studio,yes,WebPage;FAQPage,
/es/use-cases/ecommerce-catalog-photos,es,exists,Ecommerce catalog photos — Vitrina AI Studio,"How to use Vitrina AI Studio for ecommerce catalog photos: photo preparation, quality review, AI limitations, and internal links to related platforms.",Ecommerce catalog photos,/es/use-cases/ecommerce-catalog-photos,20-locale hreflang,noindex site-wide layout,no,no,130,EN duplicate,thin,platforms;features;studio,yes,WebPage;FAQPage,
/pt/use-cases/ecommerce-catalog-photos,pt,exists,Ecommerce catalog photos — Vitrina AI Studio,"How to use Vitrina AI Studio for ecommerce catalog photos: photo preparation, quality review, AI limitations, and internal links to related platforms.",Ecommerce catalog photos,/pt/use-cases/ecommerce-catalog-photos,20-locale hreflang,noindex site-wide layout,no,no,130,EN duplicate,thin,platforms;features;studio,yes,WebPage;FAQPage,
/fr/use-cases/ecommerce-catalog-photos,fr,exists,Ecommerce catalog photos — Vitrina AI Studio,"How to use Vitrina AI Studio for ecommerce catalog photos: photo preparation, quality review, AI limitations, and internal links to related platforms.",Ecommerce catalog photos,/fr/use-cases/ecommerce-catalog-photos,20-locale hreflang,noindex site-wide layout,no,no,130,EN duplicate,thin,platforms;features;studio,yes,WebPage;FAQPage,
/de/use-cases/ecommerce-catalog-photos,de,exists,Ecommerce catalog photos — Vitrina AI Studio,"How to use Vitrina AI Studio for ecommerce catalog photos: photo preparation, quality review, AI limitations, and internal links to related platforms.",Ecommerce catalog photos,/de/use-cases/ecommerce-catalog-photos,20-locale hreflang,noindex site-wide layout,no,no,130,EN duplicate,thin,platforms;features;studio,yes,WebPage;FAQPage,
/it/use-cases/ecommerce-catalog-photos,it,exists,Ecommerce catalog photos — Vitrina AI Studio,"How to use Vitrina AI Studio for ecommerce catalog photos: photo preparation, quality review, AI limitations, and internal links to related platforms.",Ecommerce catalog photos,/it/use-cases/ecommerce-catalog-photos,20-locale hreflang,noindex site-wide layout,no,no,130,EN duplicate,thin,platforms;features;studio,yes,WebPage;FAQPage,
/pl/use-cases/ecommerce-catalog-photos,pl,exists,Ecommerce catalog photos — Vitrina AI Studio,"How to use Vitrina AI Studio for ecommerce catalog photos: photo preparation, quality review, AI limitations, and internal links to related platforms.",Ecommerce catalog photos,/pl/use-cases/ecommerce-catalog-photos,20-locale hreflang,noindex site-wide layout,no,no,130,EN duplicate,thin,platforms;features;studio,yes,WebPage;FAQPage,
/uk/use-cases/ecommerce-catalog-photos,uk,exists,Ecommerce catalog photos — Vitrina AI Studio,"How to use Vitrina AI Studio for ecommerce catalog photos: photo preparation, quality review, AI limitations, and internal links to related platforms.",Ecommerce catalog photos,/uk/use-cases/ecommerce-catalog-photos,20-locale hreflang,noindex site-wide layout,no,no,130,EN duplicate,thin,platforms;features;studio,yes,WebPage;FAQPage,
/hi/use-cases/ecommerce-catalog-photos,hi,exists,Ecommerce catalog photos — Vitrina AI Studio,"How to use Vitrina AI Studio for ecommerce catalog photos: photo preparation, quality review, AI limitations, and internal links to related platforms.",Ecommerce catalog photos,/hi/use-cases/ecommerce-catalog-photos,20-locale hreflang,noindex site-wide layout,no,no,130,EN duplicate,thin,platforms;features;studio,yes,WebPage;FAQPage,
/id/use-cases/ecommerce-catalog-photos,id,exists,Ecommerce catalog photos — Vitrina AI Studio,"How to use Vitrina AI Studio for ecommerce catalog photos: photo preparation, quality review, AI limitations, and internal links to related platforms.",Ecommerce catalog photos,/id/use-cases/ecommerce-catalog-photos,20-locale hreflang,noindex site-wide layout,no,no,130,EN duplicate,thin,platforms;features;studio,yes,WebPage;FAQPage,
/vi/use-cases/ecommerce-catalog-photos,vi,exists,Ecommerce catalog photos — Vitrina AI Studio,"How to use Vitrina AI Studio for ecommerce catalog photos: photo preparation, quality review, AI limitations, and internal links to related platforms.",Ecommerce catalog photos,/vi/use-cases/ecommerce-catalog-photos,20-locale hreflang,noindex site-wide layout,no,no,130,EN duplicate,thin,platforms;features;studio,yes,WebPage;FAQPage,
/zh/use-cases/ecommerce-catalog-photos,zh,exists,Ecommerce catalog photos — Vitrina AI Studio,"How to use Vitrina AI Studio for ecommerce catalog photos: photo preparation, quality review, AI limitations, and internal links to related platforms.",Ecommerce catalog photos,/zh/use-cases/ecommerce-catalog-photos,20-locale hreflang,noindex site-wide layout,no,no,130,EN duplicate,thin,platforms;features;studio,yes,WebPage;FAQPage,
/ru/use-cases/foto-kataloga-postavshchika,ru,exists,Каталог поставщика — Vitrina AI Studio,"Как использовать Vitrina AI Studio для сценария «каталог поставщика»: подготовка фото, проверка качества, ограничения AI и ссылки на платформы.",Каталог поставщика,/ru/use-cases/foto-kataloga-postavshchika,20-locale hreflang,noindex site-wide layout,yes,yes,118,ok,thin,platforms;features;studio,yes,WebPage;FAQPage,
/en/use-cases/supplier-catalog-photos,en,exists,Supplier catalog photos — Vitrina AI Studio,"How to use Vitrina AI Studio for supplier catalog photos: photo preparation, quality review, AI limitations, and internal links to related platforms.",Supplier catalog photos,/en/use-cases/supplier-catalog-photos,20-locale hreflang,noindex site-wide layout,yes,yes,130,ok,thin,platforms;features;studio,yes,WebPage;FAQPage,
/kk/use-cases/supplier-catalog-photos,kk,exists,Supplier catalog photos — Vitrina AI Studio,"How to use Vitrina AI Studio for supplier catalog photos: photo preparation, quality review, AI limitations, and internal links to related platforms.",Supplier catalog photos,/kk/use-cases/supplier-catalog-photos,20-locale hreflang,noindex site-wide layout,no,no,130,EN duplicate,thin,platforms;features;studio,yes,WebPage;FAQPage,
/ky/use-cases/supplier-catalog-photos,ky,exists,Supplier catalog photos — Vitrina AI Studio,"How to use Vitrina AI Studio for supplier catalog photos: photo preparation, quality review, AI limitations, and internal links to related platforms.",Supplier catalog photos,/ky/use-cases/supplier-catalog-photos,20-locale hreflang,noindex site-wide layout,no,no,130,EN duplicate,thin,platforms;features;studio,yes,WebPage;FAQPage,
/uz/use-cases/supplier-catalog-photos,uz,exists,Supplier catalog photos — Vitrina AI Studio,"How to use Vitrina AI Studio for supplier catalog photos: photo preparation, quality review, AI limitations, and internal links to related platforms.",Supplier catalog photos,/uz/use-cases/supplier-catalog-photos,20-locale hreflang,noindex site-wide layout,no,no,130,EN duplicate,thin,platforms;features;studio,yes,WebPage;FAQPage,
/tg/use-cases/supplier-catalog-photos,tg,exists,Supplier catalog photos — Vitrina AI Studio,"How to use Vitrina AI Studio for supplier catalog photos: photo preparation, quality review, AI limitations, and internal links to related platforms.",Supplier catalog photos,/tg/use-cases/supplier-catalog-photos,20-locale hreflang,noindex site-wide layout,no,no,130,EN duplicate,thin,platforms;features;studio,yes,WebPage;FAQPage,
/tr/use-cases/supplier-catalog-photos,tr,exists,Supplier catalog photos — Vitrina AI Studio,"How to use Vitrina AI Studio for supplier catalog photos: photo preparation, quality review, AI limitations, and internal links to related platforms.",Supplier catalog photos,/tr/use-cases/supplier-catalog-photos,20-locale hreflang,noindex site-wide layout,no,no,130,EN duplicate,thin,platforms;features;studio,yes,WebPage;FAQPage,
/az/use-cases/supplier-catalog-photos,az,exists,Supplier catalog photos — Vitrina AI Studio,"How to use Vitrina AI Studio for supplier catalog photos: photo preparation, quality review, AI limitations, and internal links to related platforms.",Supplier catalog photos,/az/use-cases/supplier-catalog-photos,20-locale hreflang,noindex site-wide layout,no,no,130,EN duplicate,thin,platforms;features;studio,yes,WebPage;FAQPage,
/ar/use-cases/supplier-catalog-photos,ar,exists,Supplier catalog photos — Vitrina AI Studio,"How to use Vitrina AI Studio for supplier catalog photos: photo preparation, quality review, AI limitations, and internal links to related platforms.",Supplier catalog photos,/ar/use-cases/supplier-catalog-photos,20-locale hreflang,noindex site-wide layout,no,no,130,EN duplicate,thin,platforms;features;studio,yes,WebPage;FAQPage,
/es/use-cases/supplier-catalog-photos,es,exists,Supplier catalog photos — Vitrina AI Studio,"How to use Vitrina AI Studio for supplier catalog photos: photo preparation, quality review, AI limitations, and internal links to related platforms.",Supplier catalog photos,/es/use-cases/supplier-catalog-photos,20-locale hreflang,noindex site-wide layout,no,no,130,EN duplicate,thin,platforms;features;studio,yes,WebPage;FAQPage,
/pt/use-cases/supplier-catalog-photos,pt,exists,Supplier catalog photos — Vitrina AI Studio,"How to use Vitrina AI Studio for supplier catalog photos: photo preparation, quality review, AI limitations, and internal links to related platforms.",Supplier catalog photos,/pt/use-cases/supplier-catalog-photos,20-locale hreflang,noindex site-wide layout,no,no,130,EN duplicate,thin,platforms;features;studio,yes,WebPage;FAQPage,
/fr/use-cases/supplier-catalog-photos,fr,exists,Supplier catalog photos — Vitrina AI Studio,"How to use Vitrina AI Studio for supplier catalog photos: photo preparation, quality review, AI limitations, and internal links to related platforms.",Supplier catalog photos,/fr/use-cases/supplier-catalog-photos,20-locale hreflang,noindex site-wide layout,no,no,130,EN duplicate,thin,platforms;features;studio,yes,WebPage;FAQPage,
/de/use-cases/supplier-catalog-photos,de,exists,Supplier catalog photos — Vitrina AI Studio,"How to use Vitrina AI Studio for supplier catalog photos: photo preparation, quality review, AI limitations, and internal links to related platforms.",Supplier catalog photos,/de/use-cases/supplier-catalog-photos,20-locale hreflang,noindex site-wide layout,no,no,130,EN duplicate,thin,platforms;features;studio,yes,WebPage;FAQPage,
/it/use-cases/supplier-catalog-photos,it,exists,Supplier catalog photos — Vitrina AI Studio,"How to use Vitrina AI Studio for supplier catalog photos: photo preparation, quality review, AI limitations, and internal links to related platforms.",Supplier catalog photos,/it/use-cases/supplier-catalog-photos,20-locale hreflang,noindex site-wide layout,no,no,130,EN duplicate,thin,platforms;features;studio,yes,WebPage;FAQPage,
/pl/use-cases/supplier-catalog-photos,pl,exists,Supplier catalog photos — Vitrina AI Studio,"How to use Vitrina AI Studio for supplier catalog photos: photo preparation, quality review, AI limitations, and internal links to related platforms.",Supplier catalog photos,/pl/use-cases/supplier-catalog-photos,20-locale hreflang,noindex site-wide layout,no,no,130,EN duplicate,thin,platforms;features;studio,yes,WebPage;FAQPage,
/uk/use-cases/supplier-catalog-photos,uk,exists,Supplier catalog photos — Vitrina AI Studio,"How to use Vitrina AI Studio for supplier catalog photos: photo preparation, quality review, AI limitations, and internal links to related platforms.",Supplier catalog photos,/uk/use-cases/supplier-catalog-photos,20-locale hreflang,noindex site-wide layout,no,no,130,EN duplicate,thin,platforms;features;studio,yes,WebPage;FAQPage,
/hi/use-cases/supplier-catalog-photos,hi,exists,Supplier catalog photos — Vitrina AI Studio,"How to use Vitrina AI Studio for supplier catalog photos: photo preparation, quality review, AI limitations, and internal links to related platforms.",Supplier catalog photos,/hi/use-cases/supplier-catalog-photos,20-locale hreflang,noindex site-wide layout,no,no,130,EN duplicate,thin,platforms;features;studio,yes,WebPage;FAQPage,
/id/use-cases/supplier-catalog-photos,id,exists,Supplier catalog photos — Vitrina AI Studio,"How to use Vitrina AI Studio for supplier catalog photos: photo preparation, quality review, AI limitations, and internal links to related platforms.",Supplier catalog photos,/id/use-cases/supplier-catalog-photos,20-locale hreflang,noindex site-wide layout,no,no,130,EN duplicate,thin,platforms;features;studio,yes,WebPage;FAQPage,
/vi/use-cases/supplier-catalog-photos,vi,exists,Supplier catalog photos — Vitrina AI Studio,"How to use Vitrina AI Studio for supplier catalog photos: photo preparation, quality review, AI limitations, and internal links to related platforms.",Supplier catalog photos,/vi/use-cases/supplier-catalog-photos,20-locale hreflang,noindex site-wide layout,no,no,130,EN duplicate,thin,platforms;features;studio,yes,WebPage;FAQPage,
/zh/use-cases/supplier-catalog-photos,zh,exists,Supplier catalog photos — Vitrina AI Studio,"How to use Vitrina AI Studio for supplier catalog photos: photo preparation, quality review, AI limitations, and internal links to related platforms.",Supplier catalog photos,/zh/use-cases/supplier-catalog-photos,20-locale hreflang,noindex site-wide layout,no,no,130,EN duplicate,thin,platforms;features;studio,yes,WebPage;FAQPage,
/ru/use-cases/foto-tovarov-shouruma,ru,exists,Фото товаров шоурума — Vitrina AI Studio,"Как использовать Vitrina AI Studio для сценария «фото товаров шоурума»: подготовка фото, проверка качества, ограничения AI и ссылки на платформы.",Фото товаров шоурума,/ru/use-cases/foto-tovarov-shouruma,20-locale hreflang,noindex site-wide layout,yes,yes,119,ok,thin,platforms;features;studio,yes,WebPage;FAQPage,
/en/use-cases/showroom-product-photos,en,exists,Showroom product photos — Vitrina AI Studio,"How to use Vitrina AI Studio for showroom product photos: photo preparation, quality review, AI limitations, and internal links to related platforms.",Showroom product photos,/en/use-cases/showroom-product-photos,20-locale hreflang,noindex site-wide layout,yes,yes,130,ok,thin,platforms;features;studio,yes,WebPage;FAQPage,
/kk/use-cases/showroom-product-photos,kk,exists,Showroom product photos — Vitrina AI Studio,"How to use Vitrina AI Studio for showroom product photos: photo preparation, quality review, AI limitations, and internal links to related platforms.",Showroom product photos,/kk/use-cases/showroom-product-photos,20-locale hreflang,noindex site-wide layout,no,no,130,EN duplicate,thin,platforms;features;studio,yes,WebPage;FAQPage,
/ky/use-cases/showroom-product-photos,ky,exists,Showroom product photos — Vitrina AI Studio,"How to use Vitrina AI Studio for showroom product photos: photo preparation, quality review, AI limitations, and internal links to related platforms.",Showroom product photos,/ky/use-cases/showroom-product-photos,20-locale hreflang,noindex site-wide layout,no,no,130,EN duplicate,thin,platforms;features;studio,yes,WebPage;FAQPage,
/uz/use-cases/showroom-product-photos,uz,exists,Showroom product photos — Vitrina AI Studio,"How to use Vitrina AI Studio for showroom product photos: photo preparation, quality review, AI limitations, and internal links to related platforms.",Showroom product photos,/uz/use-cases/showroom-product-photos,20-locale hreflang,noindex site-wide layout,no,no,130,EN duplicate,thin,platforms;features;studio,yes,WebPage;FAQPage,
/tg/use-cases/showroom-product-photos,tg,exists,Showroom product photos — Vitrina AI Studio,"How to use Vitrina AI Studio for showroom product photos: photo preparation, quality review, AI limitations, and internal links to related platforms.",Showroom product photos,/tg/use-cases/showroom-product-photos,20-locale hreflang,noindex site-wide layout,no,no,130,EN duplicate,thin,platforms;features;studio,yes,WebPage;FAQPage,
/tr/use-cases/showroom-product-photos,tr,exists,Showroom product photos — Vitrina AI Studio,"How to use Vitrina AI Studio for showroom product photos: photo preparation, quality review, AI limitations, and internal links to related platforms.",Showroom product photos,/tr/use-cases/showroom-product-photos,20-locale hreflang,noindex site-wide layout,no,no,130,EN duplicate,thin,platforms;features;studio,yes,WebPage;FAQPage,
/az/use-cases/showroom-product-photos,az,exists,Showroom product photos — Vitrina AI Studio,"How to use Vitrina AI Studio for showroom product photos: photo preparation, quality review, AI limitations, and internal links to related platforms.",Showroom product photos,/az/use-cases/showroom-product-photos,20-locale hreflang,noindex site-wide layout,no,no,130,EN duplicate,thin,platforms;features;studio,yes,WebPage;FAQPage,
/ar/use-cases/showroom-product-photos,ar,exists,Showroom product photos — Vitrina AI Studio,"How to use Vitrina AI Studio for showroom product photos: photo preparation, quality review, AI limitations, and internal links to related platforms.",Showroom product photos,/ar/use-cases/showroom-product-photos,20-locale hreflang,noindex site-wide layout,no,no,130,EN duplicate,thin,platforms;features;studio,yes,WebPage;FAQPage,
/es/use-cases/showroom-product-photos,es,exists,Showroom product photos — Vitrina AI Studio,"How to use Vitrina AI Studio for showroom product photos: photo preparation, quality review, AI limitations, and internal links to related platforms.",Showroom product photos,/es/use-cases/showroom-product-photos,20-locale hreflang,noindex site-wide layout,no,no,130,EN duplicate,thin,platforms;features;studio,yes,WebPage;FAQPage,
/pt/use-cases/showroom-product-photos,pt,exists,Showroom product photos — Vitrina AI Studio,"How to use Vitrina AI Studio for showroom product photos: photo preparation, quality review, AI limitations, and internal links to related platforms.",Showroom product photos,/pt/use-cases/showroom-product-photos,20-locale hreflang,noindex site-wide layout,no,no,130,EN duplicate,thin,platforms;features;studio,yes,WebPage;FAQPage,
/fr/use-cases/showroom-product-photos,fr,exists,Showroom product photos — Vitrina AI Studio,"How to use Vitrina AI Studio for showroom product photos: photo preparation, quality review, AI limitations, and internal links to related platforms.",Showroom product photos,/fr/use-cases/showroom-product-photos,20-locale hreflang,noindex site-wide layout,no,no,130,EN duplicate,thin,platforms;features;studio,yes,WebPage;FAQPage,
/de/use-cases/showroom-product-photos,de,exists,Showroom product photos — Vitrina AI Studio,"How to use Vitrina AI Studio for showroom product photos: photo preparation, quality review, AI limitations, and internal links to related platforms.",Showroom product photos,/de/use-cases/showroom-product-photos,20-locale hreflang,noindex site-wide layout,no,no,130,EN duplicate,thin,platforms;features;studio,yes,WebPage;FAQPage,
/it/use-cases/showroom-product-photos,it,exists,Showroom product photos — Vitrina AI Studio,"How to use Vitrina AI Studio for showroom product photos: photo preparation, quality review, AI limitations, and internal links to related platforms.",Showroom product photos,/it/use-cases/showroom-product-photos,20-locale hreflang,noindex site-wide layout,no,no,130,EN duplicate,thin,platforms;features;studio,yes,WebPage;FAQPage,
/pl/use-cases/showroom-product-photos,pl,exists,Showroom product photos — Vitrina AI Studio,"How to use Vitrina AI Studio for showroom product photos: photo preparation, quality review, AI limitations, and internal links to related platforms.",Showroom product photos,/pl/use-cases/showroom-product-photos,20-locale hreflang,noindex site-wide layout,no,no,130,EN duplicate,thin,platforms;features;studio,yes,WebPage;FAQPage,
/uk/use-cases/showroom-product-photos,uk,exists,Showroom product photos — Vitrina AI Studio,"How to use Vitrina AI Studio for showroom product photos: photo preparation, quality review, AI limitations, and internal links to related platforms.",Showroom product photos,/uk/use-cases/showroom-product-photos,20-locale hreflang,noindex site-wide layout,no,no,130,EN duplicate,thin,platforms;features;studio,yes,WebPage;FAQPage,
/hi/use-cases/showroom-product-photos,hi,exists,Showroom product photos — Vitrina AI Studio,"How to use Vitrina AI Studio for showroom product photos: photo preparation, quality review, AI limitations, and internal links to related platforms.",Showroom product photos,/hi/use-cases/showroom-product-photos,20-locale hreflang,noindex site-wide layout,no,no,130,EN duplicate,thin,platforms;features;studio,yes,WebPage;FAQPage,
/id/use-cases/showroom-product-photos,id,exists,Showroom product photos — Vitrina AI Studio,"How to use Vitrina AI Studio for showroom product photos: photo preparation, quality review, AI limitations, and internal links to related platforms.",Showroom product photos,/id/use-cases/showroom-product-photos,20-locale hreflang,noindex site-wide layout,no,no,130,EN duplicate,thin,platforms;features;studio,yes,WebPage;FAQPage,
/vi/use-cases/showroom-product-photos,vi,exists,Showroom product photos — Vitrina AI Studio,"How to use Vitrina AI Studio for showroom product photos: photo preparation, quality review, AI limitations, and internal links to related platforms.",Showroom product photos,/vi/use-cases/showroom-product-photos,20-locale hreflang,noindex site-wide layout,no,no,130,EN duplicate,thin,platforms;features;studio,yes,WebPage;FAQPage,
/zh/use-cases/showroom-product-photos,zh,exists,Showroom product photos — Vitrina AI Studio,"How to use Vitrina AI Studio for showroom product photos: photo preparation, quality review, AI limitations, and internal links to related platforms.",Showroom product photos,/zh/use-cases/showroom-product-photos,20-locale hreflang,noindex site-wide layout,no,no,130,EN duplicate,thin,platforms;features;studio,yes,WebPage;FAQPage,
/ru/use-cases/tovarnye-foto-dlya-malogo-biznesa,ru,exists,Товарные фото для малого бизнеса — Vitrina AI Studio,"Как использовать Vitrina AI Studio для сценария «товарные фото для малого бизнеса»: подготовка фото, проверка качества, ограничения AI и ссылки на платформы.",Товарные фото для малого бизнеса,/ru/use-cases/tovarnye-foto-dlya-malogo-biznesa,20-locale hreflang,noindex site-wide layout,yes,yes,123,ok,thin,platforms;features;studio,yes,WebPage;FAQPage,
/en/use-cases/small-business-product-photos,en,exists,Small business product photos — Vitrina AI Studio,"How to use Vitrina AI Studio for small business product photos: photo preparation, quality review, AI limitations, and internal links to related platforms.",Small business product photos,/en/use-cases/small-business-product-photos,20-locale hreflang,noindex site-wide layout,yes,yes,133,ok,thin,platforms;features;studio,yes,WebPage;FAQPage,
/kk/use-cases/small-business-product-photos,kk,exists,Small business product photos — Vitrina AI Studio,"How to use Vitrina AI Studio for small business product photos: photo preparation, quality review, AI limitations, and internal links to related platforms.",Small business product photos,/kk/use-cases/small-business-product-photos,20-locale hreflang,noindex site-wide layout,no,no,133,EN duplicate,thin,platforms;features;studio,yes,WebPage;FAQPage,
/ky/use-cases/small-business-product-photos,ky,exists,Small business product photos — Vitrina AI Studio,"How to use Vitrina AI Studio for small business product photos: photo preparation, quality review, AI limitations, and internal links to related platforms.",Small business product photos,/ky/use-cases/small-business-product-photos,20-locale hreflang,noindex site-wide layout,no,no,133,EN duplicate,thin,platforms;features;studio,yes,WebPage;FAQPage,
/uz/use-cases/small-business-product-photos,uz,exists,Small business product photos — Vitrina AI Studio,"How to use Vitrina AI Studio for small business product photos: photo preparation, quality review, AI limitations, and internal links to related platforms.",Small business product photos,/uz/use-cases/small-business-product-photos,20-locale hreflang,noindex site-wide layout,no,no,133,EN duplicate,thin,platforms;features;studio,yes,WebPage;FAQPage,
/tg/use-cases/small-business-product-photos,tg,exists,Small business product photos — Vitrina AI Studio,"How to use Vitrina AI Studio for small business product photos: photo preparation, quality review, AI limitations, and internal links to related platforms.",Small business product photos,/tg/use-cases/small-business-product-photos,20-locale hreflang,noindex site-wide layout,no,no,133,EN duplicate,thin,platforms;features;studio,yes,WebPage;FAQPage,
/tr/use-cases/small-business-product-photos,tr,exists,Small business product photos — Vitrina AI Studio,"How to use Vitrina AI Studio for small business product photos: photo preparation, quality review, AI limitations, and internal links to related platforms.",Small business product photos,/tr/use-cases/small-business-product-photos,20-locale hreflang,noindex site-wide layout,no,no,133,EN duplicate,thin,platforms;features;studio,yes,WebPage;FAQPage,
/az/use-cases/small-business-product-photos,az,exists,Small business product photos — Vitrina AI Studio,"How to use Vitrina AI Studio for small business product photos: photo preparation, quality review, AI limitations, and internal links to related platforms.",Small business product photos,/az/use-cases/small-business-product-photos,20-locale hreflang,noindex site-wide layout,no,no,133,EN duplicate,thin,platforms;features;studio,yes,WebPage;FAQPage,
/ar/use-cases/small-business-product-photos,ar,exists,Small business product photos — Vitrina AI Studio,"How to use Vitrina AI Studio for small business product photos: photo preparation, quality review, AI limitations, and internal links to related platforms.",Small business product photos,/ar/use-cases/small-business-product-photos,20-locale hreflang,noindex site-wide layout,no,no,133,EN duplicate,thin,platforms;features;studio,yes,WebPage;FAQPage,
/es/use-cases/small-business-product-photos,es,exists,Small business product photos — Vitrina AI Studio,"How to use Vitrina AI Studio for small business product photos: photo preparation, quality review, AI limitations, and internal links to related platforms.",Small business product photos,/es/use-cases/small-business-product-photos,20-locale hreflang,noindex site-wide layout,no,no,133,EN duplicate,thin,platforms;features;studio,yes,WebPage;FAQPage,
/pt/use-cases/small-business-product-photos,pt,exists,Small business product photos — Vitrina AI Studio,"How to use Vitrina AI Studio for small business product photos: photo preparation, quality review, AI limitations, and internal links to related platforms.",Small business product photos,/pt/use-cases/small-business-product-photos,20-locale hreflang,noindex site-wide layout,no,no,133,EN duplicate,thin,platforms;features;studio,yes,WebPage;FAQPage,
/fr/use-cases/small-business-product-photos,fr,exists,Small business product photos — Vitrina AI Studio,"How to use Vitrina AI Studio for small business product photos: photo preparation, quality review, AI limitations, and internal links to related platforms.",Small business product photos,/fr/use-cases/small-business-product-photos,20-locale hreflang,noindex site-wide layout,no,no,133,EN duplicate,thin,platforms;features;studio,yes,WebPage;FAQPage,
/de/use-cases/small-business-product-photos,de,exists,Small business product photos — Vitrina AI Studio,"How to use Vitrina AI Studio for small business product photos: photo preparation, quality review, AI limitations, and internal links to related platforms.",Small business product photos,/de/use-cases/small-business-product-photos,20-locale hreflang,noindex site-wide layout,no,no,133,EN duplicate,thin,platforms;features;studio,yes,WebPage;FAQPage,
/it/use-cases/small-business-product-photos,it,exists,Small business product photos — Vitrina AI Studio,"How to use Vitrina AI Studio for small business product photos: photo preparation, quality review, AI limitations, and internal links to related platforms.",Small business product photos,/it/use-cases/small-business-product-photos,20-locale hreflang,noindex site-wide layout,no,no,133,EN duplicate,thin,platforms;features;studio,yes,WebPage;FAQPage,
/pl/use-cases/small-business-product-photos,pl,exists,Small business product photos — Vitrina AI Studio,"How to use Vitrina AI Studio for small business product photos: photo preparation, quality review, AI limitations, and internal links to related platforms.",Small business product photos,/pl/use-cases/small-business-product-photos,20-locale hreflang,noindex site-wide layout,no,no,133,EN duplicate,thin,platforms;features;studio,yes,WebPage;FAQPage,
/uk/use-cases/small-business-product-photos,uk,exists,Small business product photos — Vitrina AI Studio,"How to use Vitrina AI Studio for small business product photos: photo preparation, quality review, AI limitations, and internal links to related platforms.",Small business product photos,/uk/use-cases/small-business-product-photos,20-locale hreflang,noindex site-wide layout,no,no,133,EN duplicate,thin,platforms;features;studio,yes,WebPage;FAQPage,
/hi/use-cases/small-business-product-photos,hi,exists,Small business product photos — Vitrina AI Studio,"How to use Vitrina AI Studio for small business product photos: photo preparation, quality review, AI limitations, and internal links to related platforms.",Small business product photos,/hi/use-cases/small-business-product-photos,20-locale hreflang,noindex site-wide layout,no,no,133,EN duplicate,thin,platforms;features;studio,yes,WebPage;FAQPage,
/id/use-cases/small-business-product-photos,id,exists,Small business product photos — Vitrina AI Studio,"How to use Vitrina AI Studio for small business product photos: photo preparation, quality review, AI limitations, and internal links to related platforms.",Small business product photos,/id/use-cases/small-business-product-photos,20-locale hreflang,noindex site-wide layout,no,no,133,EN duplicate,thin,platforms;features;studio,yes,WebPage;FAQPage,
/vi/use-cases/small-business-product-photos,vi,exists,Small business product photos — Vitrina AI Studio,"How to use Vitrina AI Studio for small business product photos: photo preparation, quality review, AI limitations, and internal links to related platforms.",Small business product photos,/vi/use-cases/small-business-product-photos,20-locale hreflang,noindex site-wide layout,no,no,133,EN duplicate,thin,platforms;features;studio,yes,WebPage;FAQPage,
/zh/use-cases/small-business-product-photos,zh,exists,Small business product photos — Vitrina AI Studio,"How to use Vitrina AI Studio for small business product photos: photo preparation, quality review, AI limitations, and internal links to related platforms.",Small business product photos,/zh/use-cases/small-business-product-photos,20-locale hreflang,noindex site-wide layout,no,no,133,EN duplicate,thin,platforms;features;studio,yes,WebPage;FAQPage,
/ru/use-cases/workflow-kontent-menedzhera,ru,exists,Workflow контент-менеджера маркетплейса — Vitrina AI Studio,"Как использовать Vitrina AI Studio для сценария «workflow контент-менеджера маркетплейса»: подготовка фото, проверка качества, ограничения AI и ссылки на платформы.",Workflow контент-менеджера маркетплейса,/ru/use-cases/workflow-kontent-menedzhera,20-locale hreflang,noindex site-wide layout,yes,yes,119,ok,thin,platforms;features;studio,yes,WebPage;FAQPage,
/en/use-cases/marketplace-content-manager-workflow,en,exists,Marketplace content manager workflow — Vitrina AI Studio,"How to use Vitrina AI Studio for marketplace content manager workflow: photo preparation, quality review, AI limitations, and internal links to related platforms.",Marketplace content manager workflow,/en/use-cases/marketplace-content-manager-workflow,20-locale hreflang,noindex site-wide layout,yes,yes,131,ok,thin,platforms;features;studio,yes,WebPage;FAQPage,
/kk/use-cases/marketplace-content-manager-workflow,kk,exists,Marketplace content manager workflow — Vitrina AI Studio,"How to use Vitrina AI Studio for marketplace content manager workflow: photo preparation, quality review, AI limitations, and internal links to related platforms.",Marketplace content manager workflow,/kk/use-cases/marketplace-content-manager-workflow,20-locale hreflang,noindex site-wide layout,no,no,131,EN duplicate,thin,platforms;features;studio,yes,WebPage;FAQPage,
/ky/use-cases/marketplace-content-manager-workflow,ky,exists,Marketplace content manager workflow — Vitrina AI Studio,"How to use Vitrina AI Studio for marketplace content manager workflow: photo preparation, quality review, AI limitations, and internal links to related platforms.",Marketplace content manager workflow,/ky/use-cases/marketplace-content-manager-workflow,20-locale hreflang,noindex site-wide layout,no,no,131,EN duplicate,thin,platforms;features;studio,yes,WebPage;FAQPage,
/uz/use-cases/marketplace-content-manager-workflow,uz,exists,Marketplace content manager workflow — Vitrina AI Studio,"How to use Vitrina AI Studio for marketplace content manager workflow: photo preparation, quality review, AI limitations, and internal links to related platforms.",Marketplace content manager workflow,/uz/use-cases/marketplace-content-manager-workflow,20-locale hreflang,noindex site-wide layout,no,no,131,EN duplicate,thin,platforms;features;studio,yes,WebPage;FAQPage,
/tg/use-cases/marketplace-content-manager-workflow,tg,exists,Marketplace content manager workflow — Vitrina AI Studio,"How to use Vitrina AI Studio for marketplace content manager workflow: photo preparation, quality review, AI limitations, and internal links to related platforms.",Marketplace content manager workflow,/tg/use-cases/marketplace-content-manager-workflow,20-locale hreflang,noindex site-wide layout,no,no,131,EN duplicate,thin,platforms;features;studio,yes,WebPage;FAQPage,
/tr/use-cases/marketplace-content-manager-workflow,tr,exists,Marketplace content manager workflow — Vitrina AI Studio,"How to use Vitrina AI Studio for marketplace content manager workflow: photo preparation, quality review, AI limitations, and internal links to related platforms.",Marketplace content manager workflow,/tr/use-cases/marketplace-content-manager-workflow,20-locale hreflang,noindex site-wide layout,no,no,131,EN duplicate,thin,platforms;features;studio,yes,WebPage;FAQPage,
/az/use-cases/marketplace-content-manager-workflow,az,exists,Marketplace content manager workflow — Vitrina AI Studio,"How to use Vitrina AI Studio for marketplace content manager workflow: photo preparation, quality review, AI limitations, and internal links to related platforms.",Marketplace content manager workflow,/az/use-cases/marketplace-content-manager-workflow,20-locale hreflang,noindex site-wide layout,no,no,131,EN duplicate,thin,platforms;features;studio,yes,WebPage;FAQPage,
/ar/use-cases/marketplace-content-manager-workflow,ar,exists,Marketplace content manager workflow — Vitrina AI Studio,"How to use Vitrina AI Studio for marketplace content manager workflow: photo preparation, quality review, AI limitations, and internal links to related platforms.",Marketplace content manager workflow,/ar/use-cases/marketplace-content-manager-workflow,20-locale hreflang,noindex site-wide layout,no,no,131,EN duplicate,thin,platforms;features;studio,yes,WebPage;FAQPage,
/es/use-cases/marketplace-content-manager-workflow,es,exists,Marketplace content manager workflow — Vitrina AI Studio,"How to use Vitrina AI Studio for marketplace content manager workflow: photo preparation, quality review, AI limitations, and internal links to related platforms.",Marketplace content manager workflow,/es/use-cases/marketplace-content-manager-workflow,20-locale hreflang,noindex site-wide layout,no,no,131,EN duplicate,thin,platforms;features;studio,yes,WebPage;FAQPage,
/pt/use-cases/marketplace-content-manager-workflow,pt,exists,Marketplace content manager workflow — Vitrina AI Studio,"How to use Vitrina AI Studio for marketplace content manager workflow: photo preparation, quality review, AI limitations, and internal links to related platforms.",Marketplace content manager workflow,/pt/use-cases/marketplace-content-manager-workflow,20-locale hreflang,noindex site-wide layout,no,no,131,EN duplicate,thin,platforms;features;studio,yes,WebPage;FAQPage,
/fr/use-cases/marketplace-content-manager-workflow,fr,exists,Marketplace content manager workflow — Vitrina AI Studio,"How to use Vitrina AI Studio for marketplace content manager workflow: photo preparation, quality review, AI limitations, and internal links to related platforms.",Marketplace content manager workflow,/fr/use-cases/marketplace-content-manager-workflow,20-locale hreflang,noindex site-wide layout,no,no,131,EN duplicate,thin,platforms;features;studio,yes,WebPage;FAQPage,
/de/use-cases/marketplace-content-manager-workflow,de,exists,Marketplace content manager workflow — Vitrina AI Studio,"How to use Vitrina AI Studio for marketplace content manager workflow: photo preparation, quality review, AI limitations, and internal links to related platforms.",Marketplace content manager workflow,/de/use-cases/marketplace-content-manager-workflow,20-locale hreflang,noindex site-wide layout,no,no,131,EN duplicate,thin,platforms;features;studio,yes,WebPage;FAQPage,
/it/use-cases/marketplace-content-manager-workflow,it,exists,Marketplace content manager workflow — Vitrina AI Studio,"How to use Vitrina AI Studio for marketplace content manager workflow: photo preparation, quality review, AI limitations, and internal links to related platforms.",Marketplace content manager workflow,/it/use-cases/marketplace-content-manager-workflow,20-locale hreflang,noindex site-wide layout,no,no,131,EN duplicate,thin,platforms;features;studio,yes,WebPage;FAQPage,
/pl/use-cases/marketplace-content-manager-workflow,pl,exists,Marketplace content manager workflow — Vitrina AI Studio,"How to use Vitrina AI Studio for marketplace content manager workflow: photo preparation, quality review, AI limitations, and internal links to related platforms.",Marketplace content manager workflow,/pl/use-cases/marketplace-content-manager-workflow,20-locale hreflang,noindex site-wide layout,no,no,131,EN duplicate,thin,platforms;features;studio,yes,WebPage;FAQPage,
/uk/use-cases/marketplace-content-manager-workflow,uk,exists,Marketplace content manager workflow — Vitrina AI Studio,"How to use Vitrina AI Studio for marketplace content manager workflow: photo preparation, quality review, AI limitations, and internal links to related platforms.",Marketplace content manager workflow,/uk/use-cases/marketplace-content-manager-workflow,20-locale hreflang,noindex site-wide layout,no,no,131,EN duplicate,thin,platforms;features;studio,yes,WebPage;FAQPage,
/hi/use-cases/marketplace-content-manager-workflow,hi,exists,Marketplace content manager workflow — Vitrina AI Studio,"How to use Vitrina AI Studio for marketplace content manager workflow: photo preparation, quality review, AI limitations, and internal links to related platforms.",Marketplace content manager workflow,/hi/use-cases/marketplace-content-manager-workflow,20-locale hreflang,noindex site-wide layout,no,no,131,EN duplicate,thin,platforms;features;studio,yes,WebPage;FAQPage,
/id/use-cases/marketplace-content-manager-workflow,id,exists,Marketplace content manager workflow — Vitrina AI Studio,"How to use Vitrina AI Studio for marketplace content manager workflow: photo preparation, quality review, AI limitations, and internal links to related platforms.",Marketplace content manager workflow,/id/use-cases/marketplace-content-manager-workflow,20-locale hreflang,noindex site-wide layout,no,no,131,EN duplicate,thin,platforms;features;studio,yes,WebPage;FAQPage,
/vi/use-cases/marketplace-content-manager-workflow,vi,exists,Marketplace content manager workflow — Vitrina AI Studio,"How to use Vitrina AI Studio for marketplace content manager workflow: photo preparation, quality review, AI limitations, and internal links to related platforms.",Marketplace content manager workflow,/vi/use-cases/marketplace-content-manager-workflow,20-locale hreflang,noindex site-wide layout,no,no,131,EN duplicate,thin,platforms;features;studio,yes,WebPage;FAQPage,
/zh/use-cases/marketplace-content-manager-workflow,zh,exists,Marketplace content manager workflow — Vitrina AI Studio,"How to use Vitrina AI Studio for marketplace content manager workflow: photo preparation, quality review, AI limitations, and internal links to related platforms.",Marketplace content manager workflow,/zh/use-cases/marketplace-content-manager-workflow,20-locale hreflang,noindex site-wide layout,no,no,131,EN duplicate,thin,platforms;features;studio,yes,WebPage;FAQPage,
/ru/blog/ai-foto-tovarov-dlya-marketpleysov,ru,exists,AI-фото товаров для маркетплейсов: что это и где помогает продавцу,"Что такое AI-фото товаров, где оно помогает продавцам маркетплейсов, какие есть ограничения и как проверять результат перед публикацией.",AI-фото товаров для маркетплейсов: что это и где помогает продавцу,/ru/blog/ai-foto-tovarov-dlya-marketpleysov,ru/en sitemap,noindex site-wide layout,yes,yes,237,good,complete,/studio;/ru/use-cases/tochnaya-tovarnaya-kartochka;/ru/platforms,yes,BlogPosting;FAQPage,
/en/blog/what-is-ai-product-photography,en,exists,AI product photos for marketplaces: what they are and where they help,"What AI product photos are, where they help marketplace sellers, what can go wrong, and how to review results before publishing.",AI product photos for marketplaces: what they are and where they help,/en/blog/what-is-ai-product-photography,ru/en sitemap,noindex site-wide layout,yes,yes,247,good,complete,/studio;/en/use-cases/exact-product-card;/en/platforms,yes,BlogPosting;FAQPage,
/kk/blog/what-is-ai-product-photography,kk,404,,,,,n/a,noindex site-wide layout,no,no,0,missing,missing,,no,n/a,Unpublished returns 404
/ky/blog/what-is-ai-product-photography,ky,404,,,,,n/a,noindex site-wide layout,no,no,0,missing,missing,,no,n/a,Unpublished returns 404
/uz/blog/what-is-ai-product-photography,uz,404,,,,,n/a,noindex site-wide layout,no,no,0,missing,missing,,no,n/a,Unpublished returns 404
/tg/blog/what-is-ai-product-photography,tg,404,,,,,n/a,noindex site-wide layout,no,no,0,missing,missing,,no,n/a,Unpublished returns 404
/tr/blog/what-is-ai-product-photography,tr,404,,,,,n/a,noindex site-wide layout,no,no,0,missing,missing,,no,n/a,Unpublished returns 404
/az/blog/what-is-ai-product-photography,az,404,,,,,n/a,noindex site-wide layout,no,no,0,missing,missing,,no,n/a,Unpublished returns 404
/ar/blog/what-is-ai-product-photography,ar,404,,,,,n/a,noindex site-wide layout,no,no,0,missing,missing,,no,n/a,Unpublished returns 404
/es/blog/what-is-ai-product-photography,es,404,,,,,n/a,noindex site-wide layout,no,no,0,missing,missing,,no,n/a,Unpublished returns 404
/pt/blog/what-is-ai-product-photography,pt,404,,,,,n/a,noindex site-wide layout,no,no,0,missing,missing,,no,n/a,Unpublished returns 404
/fr/blog/what-is-ai-product-photography,fr,404,,,,,n/a,noindex site-wide layout,no,no,0,missing,missing,,no,n/a,Unpublished returns 404
/de/blog/what-is-ai-product-photography,de,404,,,,,n/a,noindex site-wide layout,no,no,0,missing,missing,,no,n/a,Unpublished returns 404
/it/blog/what-is-ai-product-photography,it,404,,,,,n/a,noindex site-wide layout,no,no,0,missing,missing,,no,n/a,Unpublished returns 404
/pl/blog/what-is-ai-product-photography,pl,404,,,,,n/a,noindex site-wide layout,no,no,0,missing,missing,,no,n/a,Unpublished returns 404
/uk/blog/what-is-ai-product-photography,uk,404,,,,,n/a,noindex site-wide layout,no,no,0,missing,missing,,no,n/a,Unpublished returns 404
/hi/blog/what-is-ai-product-photography,hi,404,,,,,n/a,noindex site-wide layout,no,no,0,missing,missing,,no,n/a,Unpublished returns 404
/id/blog/what-is-ai-product-photography,id,404,,,,,n/a,noindex site-wide layout,no,no,0,missing,missing,,no,n/a,Unpublished returns 404
/vi/blog/what-is-ai-product-photography,vi,404,,,,,n/a,noindex site-wide layout,no,no,0,missing,missing,,no,n/a,Unpublished returns 404
/zh/blog/what-is-ai-product-photography,zh,404,,,,,n/a,noindex site-wide layout,no,no,0,missing,missing,,no,n/a,Unpublished returns 404
/ru/blog/kak-sdelat-foto-tovara-dlya-marketpleysa,ru,exists,Как сделать фото товара для маркетплейса: базовый workflow,"Пошаговый workflow подготовки фото товара для маркетплейса: исходник, фон, AI-режим, проверка качества и публикация без гарантий модерации.",Как сделать фото товара для маркетплейса: базовый workflow,/ru/blog/kak-sdelat-foto-tovara-dlya-marketpleysa,ru/en sitemap,noindex site-wide layout,yes,yes,163,good,complete,/studio;/ru/foto-tovarov-dlya-marketpleysov;/ru/use-cases/belyy-fon-dlya-marketpleysa,yes,BlogPosting;FAQPage,
/en/blog/how-to-create-product-photos-for-a-marketplace,en,exists,How to create product photos for a marketplace: a practical workflow,"A step-by-step product photo workflow for marketplaces: source image, background, AI mode, quality review, and publishing caveats.",How to create product photos for a marketplace: a practical workflow,/en/blog/how-to-create-product-photos-for-a-marketplace,ru/en sitemap,noindex site-wide layout,yes,yes,181,good,complete,/studio;/en/product-photo-for-marketplaces;/en/use-cases/marketplace-white-background,yes,BlogPosting;FAQPage,
/kk/blog/how-to-create-product-photos-for-a-marketplace,kk,404,,,,,n/a,noindex site-wide layout,no,no,0,missing,missing,,no,n/a,Unpublished returns 404
/ky/blog/how-to-create-product-photos-for-a-marketplace,ky,404,,,,,n/a,noindex site-wide layout,no,no,0,missing,missing,,no,n/a,Unpublished returns 404
/uz/blog/how-to-create-product-photos-for-a-marketplace,uz,404,,,,,n/a,noindex site-wide layout,no,no,0,missing,missing,,no,n/a,Unpublished returns 404
/tg/blog/how-to-create-product-photos-for-a-marketplace,tg,404,,,,,n/a,noindex site-wide layout,no,no,0,missing,missing,,no,n/a,Unpublished returns 404
/tr/blog/how-to-create-product-photos-for-a-marketplace,tr,404,,,,,n/a,noindex site-wide layout,no,no,0,missing,missing,,no,n/a,Unpublished returns 404
/az/blog/how-to-create-product-photos-for-a-marketplace,az,404,,,,,n/a,noindex site-wide layout,no,no,0,missing,missing,,no,n/a,Unpublished returns 404
/ar/blog/how-to-create-product-photos-for-a-marketplace,ar,404,,,,,n/a,noindex site-wide layout,no,no,0,missing,missing,,no,n/a,Unpublished returns 404
/es/blog/how-to-create-product-photos-for-a-marketplace,es,404,,,,,n/a,noindex site-wide layout,no,no,0,missing,missing,,no,n/a,Unpublished returns 404
/pt/blog/how-to-create-product-photos-for-a-marketplace,pt,404,,,,,n/a,noindex site-wide layout,no,no,0,missing,missing,,no,n/a,Unpublished returns 404
/fr/blog/how-to-create-product-photos-for-a-marketplace,fr,404,,,,,n/a,noindex site-wide layout,no,no,0,missing,missing,,no,n/a,Unpublished returns 404
/de/blog/how-to-create-product-photos-for-a-marketplace,de,404,,,,,n/a,noindex site-wide layout,no,no,0,missing,missing,,no,n/a,Unpublished returns 404
/it/blog/how-to-create-product-photos-for-a-marketplace,it,404,,,,,n/a,noindex site-wide layout,no,no,0,missing,missing,,no,n/a,Unpublished returns 404
/pl/blog/how-to-create-product-photos-for-a-marketplace,pl,404,,,,,n/a,noindex site-wide layout,no,no,0,missing,missing,,no,n/a,Unpublished returns 404
/uk/blog/how-to-create-product-photos-for-a-marketplace,uk,404,,,,,n/a,noindex site-wide layout,no,no,0,missing,missing,,no,n/a,Unpublished returns 404
/hi/blog/how-to-create-product-photos-for-a-marketplace,hi,404,,,,,n/a,noindex site-wide layout,no,no,0,missing,missing,,no,n/a,Unpublished returns 404
/id/blog/how-to-create-product-photos-for-a-marketplace,id,404,,,,,n/a,noindex site-wide layout,no,no,0,missing,missing,,no,n/a,Unpublished returns 404
/vi/blog/how-to-create-product-photos-for-a-marketplace,vi,404,,,,,n/a,noindex site-wide layout,no,no,0,missing,missing,,no,n/a,Unpublished returns 404
/zh/blog/how-to-create-product-photos-for-a-marketplace,zh,404,,,,,n/a,noindex site-wide layout,no,no,0,missing,missing,,no,n/a,Unpublished returns 404
/ru/blog/kak-sdelat-belyy-fon-dlya-tovara,ru,exists,Как сделать белый фон для товара и не потерять детали,"Как подготовить товар на белом фоне: когда нужен белый фон, что проверять после удаления фона и как не испортить товар.",Как сделать белый фон для товара и не потерять детали,/ru/blog/kak-sdelat-belyy-fon-dlya-tovara,ru/en sitemap,noindex site-wide layout,yes,yes,150,good,complete,/ru/generator-fona-dlya-tovara;/ru/use-cases/belyy-fon-dlya-marketpleysa;/studio,yes,BlogPosting;FAQPage,
/en/blog/how-to-make-a-white-background-for-a-product,en,exists,How to make a white background for a product without losing detail,"How to prepare a product on a white background, when to use it, what to review after background removal, and how to preserve details.",How to make a white background for a product without losing detail,/en/blog/how-to-make-a-white-background-for-a-product,ru/en sitemap,noindex site-wide layout,yes,yes,163,good,complete,/en/background-generator;/en/use-cases/marketplace-white-background;/studio,yes,BlogPosting;FAQPage,
/kk/blog/how-to-make-a-white-background-for-a-product,kk,404,,,,,n/a,noindex site-wide layout,no,no,0,missing,missing,,no,n/a,Unpublished returns 404
/ky/blog/how-to-make-a-white-background-for-a-product,ky,404,,,,,n/a,noindex site-wide layout,no,no,0,missing,missing,,no,n/a,Unpublished returns 404
/uz/blog/how-to-make-a-white-background-for-a-product,uz,404,,,,,n/a,noindex site-wide layout,no,no,0,missing,missing,,no,n/a,Unpublished returns 404
/tg/blog/how-to-make-a-white-background-for-a-product,tg,404,,,,,n/a,noindex site-wide layout,no,no,0,missing,missing,,no,n/a,Unpublished returns 404
/tr/blog/how-to-make-a-white-background-for-a-product,tr,404,,,,,n/a,noindex site-wide layout,no,no,0,missing,missing,,no,n/a,Unpublished returns 404
/az/blog/how-to-make-a-white-background-for-a-product,az,404,,,,,n/a,noindex site-wide layout,no,no,0,missing,missing,,no,n/a,Unpublished returns 404
/ar/blog/how-to-make-a-white-background-for-a-product,ar,404,,,,,n/a,noindex site-wide layout,no,no,0,missing,missing,,no,n/a,Unpublished returns 404
/es/blog/how-to-make-a-white-background-for-a-product,es,404,,,,,n/a,noindex site-wide layout,no,no,0,missing,missing,,no,n/a,Unpublished returns 404
/pt/blog/how-to-make-a-white-background-for-a-product,pt,404,,,,,n/a,noindex site-wide layout,no,no,0,missing,missing,,no,n/a,Unpublished returns 404
/fr/blog/how-to-make-a-white-background-for-a-product,fr,404,,,,,n/a,noindex site-wide layout,no,no,0,missing,missing,,no,n/a,Unpublished returns 404
/de/blog/how-to-make-a-white-background-for-a-product,de,404,,,,,n/a,noindex site-wide layout,no,no,0,missing,missing,,no,n/a,Unpublished returns 404
/it/blog/how-to-make-a-white-background-for-a-product,it,404,,,,,n/a,noindex site-wide layout,no,no,0,missing,missing,,no,n/a,Unpublished returns 404
/pl/blog/how-to-make-a-white-background-for-a-product,pl,404,,,,,n/a,noindex site-wide layout,no,no,0,missing,missing,,no,n/a,Unpublished returns 404
/uk/blog/how-to-make-a-white-background-for-a-product,uk,404,,,,,n/a,noindex site-wide layout,no,no,0,missing,missing,,no,n/a,Unpublished returns 404
/hi/blog/how-to-make-a-white-background-for-a-product,hi,404,,,,,n/a,noindex site-wide layout,no,no,0,missing,missing,,no,n/a,Unpublished returns 404
/id/blog/how-to-make-a-white-background-for-a-product,id,404,,,,,n/a,noindex site-wide layout,no,no,0,missing,missing,,no,n/a,Unpublished returns 404
/vi/blog/how-to-make-a-white-background-for-a-product,vi,404,,,,,n/a,noindex site-wide layout,no,no,0,missing,missing,,no,n/a,Unpublished returns 404
/zh/blog/how-to-make-a-white-background-for-a-product,zh,404,,,,,n/a,noindex site-wide layout,no,no,0,missing,missing,,no,n/a,Unpublished returns 404
/ru/blog/how-to-improve-product-photos-without-a-photographer,ru,404,Как улучшить фото товара без фотографа,"Как улучшить фото товара без фотографа: практический гид Vitrina AI Studio с чеклистом качества, ограничениями AI и ссылками на связанные use cases.",Как улучшить фото товара без фотографа,,n/a,noindex site-wide layout,no,no,0,missing,missing,,no,n/a,Unpublished returns 404
/en/blog/how-to-improve-product-photos-without-a-photographer,en,404,How to improve product photos without a photographer,"How to improve product photos without a photographer: a practical Vitrina AI Studio guide with a quality checklist, AI limitations, and related use cases.",How to improve product photos without a photographer,,n/a,noindex site-wide layout,no,no,0,missing,missing,,no,n/a,Unpublished returns 404
/kk/blog/how-to-improve-product-photos-without-a-photographer,kk,404,,,,,n/a,noindex site-wide layout,no,no,0,missing,missing,,no,n/a,Unpublished returns 404
/ky/blog/how-to-improve-product-photos-without-a-photographer,ky,404,,,,,n/a,noindex site-wide layout,no,no,0,missing,missing,,no,n/a,Unpublished returns 404
/uz/blog/how-to-improve-product-photos-without-a-photographer,uz,404,,,,,n/a,noindex site-wide layout,no,no,0,missing,missing,,no,n/a,Unpublished returns 404
/tg/blog/how-to-improve-product-photos-without-a-photographer,tg,404,,,,,n/a,noindex site-wide layout,no,no,0,missing,missing,,no,n/a,Unpublished returns 404
/tr/blog/how-to-improve-product-photos-without-a-photographer,tr,404,,,,,n/a,noindex site-wide layout,no,no,0,missing,missing,,no,n/a,Unpublished returns 404
/az/blog/how-to-improve-product-photos-without-a-photographer,az,404,,,,,n/a,noindex site-wide layout,no,no,0,missing,missing,,no,n/a,Unpublished returns 404
/ar/blog/how-to-improve-product-photos-without-a-photographer,ar,404,,,,,n/a,noindex site-wide layout,no,no,0,missing,missing,,no,n/a,Unpublished returns 404
/es/blog/how-to-improve-product-photos-without-a-photographer,es,404,,,,,n/a,noindex site-wide layout,no,no,0,missing,missing,,no,n/a,Unpublished returns 404
/pt/blog/how-to-improve-product-photos-without-a-photographer,pt,404,,,,,n/a,noindex site-wide layout,no,no,0,missing,missing,,no,n/a,Unpublished returns 404
/fr/blog/how-to-improve-product-photos-without-a-photographer,fr,404,,,,,n/a,noindex site-wide layout,no,no,0,missing,missing,,no,n/a,Unpublished returns 404
/de/blog/how-to-improve-product-photos-without-a-photographer,de,404,,,,,n/a,noindex site-wide layout,no,no,0,missing,missing,,no,n/a,Unpublished returns 404
/it/blog/how-to-improve-product-photos-without-a-photographer,it,404,,,,,n/a,noindex site-wide layout,no,no,0,missing,missing,,no,n/a,Unpublished returns 404
/pl/blog/how-to-improve-product-photos-without-a-photographer,pl,404,,,,,n/a,noindex site-wide layout,no,no,0,missing,missing,,no,n/a,Unpublished returns 404
/uk/blog/how-to-improve-product-photos-without-a-photographer,uk,404,,,,,n/a,noindex site-wide layout,no,no,0,missing,missing,,no,n/a,Unpublished returns 404
/hi/blog/how-to-improve-product-photos-without-a-photographer,hi,404,,,,,n/a,noindex site-wide layout,no,no,0,missing,missing,,no,n/a,Unpublished returns 404
/id/blog/how-to-improve-product-photos-without-a-photographer,id,404,,,,,n/a,noindex site-wide layout,no,no,0,missing,missing,,no,n/a,Unpublished returns 404
/vi/blog/how-to-improve-product-photos-without-a-photographer,vi,404,,,,,n/a,noindex site-wide layout,no,no,0,missing,missing,,no,n/a,Unpublished returns 404
/zh/blog/how-to-improve-product-photos-without-a-photographer,zh,404,,,,,n/a,noindex site-wide layout,no,no,0,missing,missing,,no,n/a,Unpublished returns 404
/ru/blog/how-to-make-a-product-card-from-a-regular-photo,ru,404,Как сделать карточку товара из обычного фото,"Как сделать карточку товара из обычного фото: практический гид Vitrina AI Studio с чеклистом качества, ограничениями AI и ссылками на связанные use cases.",Как сделать карточку товара из обычного фото,,n/a,noindex site-wide layout,no,no,0,missing,missing,,no,n/a,Unpublished returns 404
/en/blog/how-to-make-a-product-card-from-a-regular-photo,en,404,How to make a product card from a regular photo,"How to make a product card from a regular photo: a practical Vitrina AI Studio guide with a quality checklist, AI limitations, and related use cases.",How to make a product card from a regular photo,,n/a,noindex site-wide layout,no,no,0,missing,missing,,no,n/a,Unpublished returns 404
/kk/blog/how-to-make-a-product-card-from-a-regular-photo,kk,404,,,,,n/a,noindex site-wide layout,no,no,0,missing,missing,,no,n/a,Unpublished returns 404
/ky/blog/how-to-make-a-product-card-from-a-regular-photo,ky,404,,,,,n/a,noindex site-wide layout,no,no,0,missing,missing,,no,n/a,Unpublished returns 404
/uz/blog/how-to-make-a-product-card-from-a-regular-photo,uz,404,,,,,n/a,noindex site-wide layout,no,no,0,missing,missing,,no,n/a,Unpublished returns 404
/tg/blog/how-to-make-a-product-card-from-a-regular-photo,tg,404,,,,,n/a,noindex site-wide layout,no,no,0,missing,missing,,no,n/a,Unpublished returns 404
/tr/blog/how-to-make-a-product-card-from-a-regular-photo,tr,404,,,,,n/a,noindex site-wide layout,no,no,0,missing,missing,,no,n/a,Unpublished returns 404
/az/blog/how-to-make-a-product-card-from-a-regular-photo,az,404,,,,,n/a,noindex site-wide layout,no,no,0,missing,missing,,no,n/a,Unpublished returns 404
/ar/blog/how-to-make-a-product-card-from-a-regular-photo,ar,404,,,,,n/a,noindex site-wide layout,no,no,0,missing,missing,,no,n/a,Unpublished returns 404
/es/blog/how-to-make-a-product-card-from-a-regular-photo,es,404,,,,,n/a,noindex site-wide layout,no,no,0,missing,missing,,no,n/a,Unpublished returns 404
/pt/blog/how-to-make-a-product-card-from-a-regular-photo,pt,404,,,,,n/a,noindex site-wide layout,no,no,0,missing,missing,,no,n/a,Unpublished returns 404
/fr/blog/how-to-make-a-product-card-from-a-regular-photo,fr,404,,,,,n/a,noindex site-wide layout,no,no,0,missing,missing,,no,n/a,Unpublished returns 404
/de/blog/how-to-make-a-product-card-from-a-regular-photo,de,404,,,,,n/a,noindex site-wide layout,no,no,0,missing,missing,,no,n/a,Unpublished returns 404
/it/blog/how-to-make-a-product-card-from-a-regular-photo,it,404,,,,,n/a,noindex site-wide layout,no,no,0,missing,missing,,no,n/a,Unpublished returns 404
/pl/blog/how-to-make-a-product-card-from-a-regular-photo,pl,404,,,,,n/a,noindex site-wide layout,no,no,0,missing,missing,,no,n/a,Unpublished returns 404
/uk/blog/how-to-make-a-product-card-from-a-regular-photo,uk,404,,,,,n/a,noindex site-wide layout,no,no,0,missing,missing,,no,n/a,Unpublished returns 404
/hi/blog/how-to-make-a-product-card-from-a-regular-photo,hi,404,,,,,n/a,noindex site-wide layout,no,no,0,missing,missing,,no,n/a,Unpublished returns 404
/id/blog/how-to-make-a-product-card-from-a-regular-photo,id,404,,,,,n/a,noindex site-wide layout,no,no,0,missing,missing,,no,n/a,Unpublished returns 404
/vi/blog/how-to-make-a-product-card-from-a-regular-photo,vi,404,,,,,n/a,noindex site-wide layout,no,no,0,missing,missing,,no,n/a,Unpublished returns 404
/zh/blog/how-to-make-a-product-card-from-a-regular-photo,zh,404,,,,,n/a,noindex site-wide layout,no,no,0,missing,missing,,no,n/a,Unpublished returns 404
/ru/blog/how-ai-helps-marketplace-sellers,ru,404,Как AI помогает продавцам маркетплейсов,"Как AI помогает продавцам маркетплейсов: практический гид Vitrina AI Studio с чеклистом качества, ограничениями AI и ссылками на связанные use cases.",Как AI помогает продавцам маркетплейсов,,n/a,noindex site-wide layout,no,no,0,missing,missing,,no,n/a,Unpublished returns 404
/en/blog/how-ai-helps-marketplace-sellers,en,404,How AI helps marketplace sellers,"How AI helps marketplace sellers: a practical Vitrina AI Studio guide with a quality checklist, AI limitations, and related use cases.",How AI helps marketplace sellers,,n/a,noindex site-wide layout,no,no,0,missing,missing,,no,n/a,Unpublished returns 404
/kk/blog/how-ai-helps-marketplace-sellers,kk,404,,,,,n/a,noindex site-wide layout,no,no,0,missing,missing,,no,n/a,Unpublished returns 404
/ky/blog/how-ai-helps-marketplace-sellers,ky,404,,,,,n/a,noindex site-wide layout,no,no,0,missing,missing,,no,n/a,Unpublished returns 404
/uz/blog/how-ai-helps-marketplace-sellers,uz,404,,,,,n/a,noindex site-wide layout,no,no,0,missing,missing,,no,n/a,Unpublished returns 404
/tg/blog/how-ai-helps-marketplace-sellers,tg,404,,,,,n/a,noindex site-wide layout,no,no,0,missing,missing,,no,n/a,Unpublished returns 404
/tr/blog/how-ai-helps-marketplace-sellers,tr,404,,,,,n/a,noindex site-wide layout,no,no,0,missing,missing,,no,n/a,Unpublished returns 404
/az/blog/how-ai-helps-marketplace-sellers,az,404,,,,,n/a,noindex site-wide layout,no,no,0,missing,missing,,no,n/a,Unpublished returns 404
/ar/blog/how-ai-helps-marketplace-sellers,ar,404,,,,,n/a,noindex site-wide layout,no,no,0,missing,missing,,no,n/a,Unpublished returns 404
/es/blog/how-ai-helps-marketplace-sellers,es,404,,,,,n/a,noindex site-wide layout,no,no,0,missing,missing,,no,n/a,Unpublished returns 404
/pt/blog/how-ai-helps-marketplace-sellers,pt,404,,,,,n/a,noindex site-wide layout,no,no,0,missing,missing,,no,n/a,Unpublished returns 404
/fr/blog/how-ai-helps-marketplace-sellers,fr,404,,,,,n/a,noindex site-wide layout,no,no,0,missing,missing,,no,n/a,Unpublished returns 404
/de/blog/how-ai-helps-marketplace-sellers,de,404,,,,,n/a,noindex site-wide layout,no,no,0,missing,missing,,no,n/a,Unpublished returns 404
/it/blog/how-ai-helps-marketplace-sellers,it,404,,,,,n/a,noindex site-wide layout,no,no,0,missing,missing,,no,n/a,Unpublished returns 404
/pl/blog/how-ai-helps-marketplace-sellers,pl,404,,,,,n/a,noindex site-wide layout,no,no,0,missing,missing,,no,n/a,Unpublished returns 404
/uk/blog/how-ai-helps-marketplace-sellers,uk,404,,,,,n/a,noindex site-wide layout,no,no,0,missing,missing,,no,n/a,Unpublished returns 404
/hi/blog/how-ai-helps-marketplace-sellers,hi,404,,,,,n/a,noindex site-wide layout,no,no,0,missing,missing,,no,n/a,Unpublished returns 404
/id/blog/how-ai-helps-marketplace-sellers,id,404,,,,,n/a,noindex site-wide layout,no,no,0,missing,missing,,no,n/a,Unpublished returns 404
/vi/blog/how-ai-helps-marketplace-sellers,vi,404,,,,,n/a,noindex site-wide layout,no,no,0,missing,missing,,no,n/a,Unpublished returns 404
/zh/blog/how-ai-helps-marketplace-sellers,zh,404,,,,,n/a,noindex site-wide layout,no,no,0,missing,missing,,no,n/a,Unpublished returns 404
/ru/blog/product-photo-mistakes-that-hurt-sales,ru,404,"Ошибки в товарных фото, которые снижают продажи","Ошибки в товарных фото, которые снижают продажи: практический гид Vitrina AI Studio с чеклистом качества, ограничениями AI и ссылками на связанные use cases.","Ошибки в товарных фото, которые снижают продажи",,n/a,noindex site-wide layout,no,no,0,missing,missing,,no,n/a,Unpublished returns 404
/en/blog/product-photo-mistakes-that-hurt-sales,en,404,Product photo mistakes that hurt sales,"Product photo mistakes that hurt sales: a practical Vitrina AI Studio guide with a quality checklist, AI limitations, and related use cases.",Product photo mistakes that hurt sales,,n/a,noindex site-wide layout,no,no,0,missing,missing,,no,n/a,Unpublished returns 404
/kk/blog/product-photo-mistakes-that-hurt-sales,kk,404,,,,,n/a,noindex site-wide layout,no,no,0,missing,missing,,no,n/a,Unpublished returns 404
/ky/blog/product-photo-mistakes-that-hurt-sales,ky,404,,,,,n/a,noindex site-wide layout,no,no,0,missing,missing,,no,n/a,Unpublished returns 404
/uz/blog/product-photo-mistakes-that-hurt-sales,uz,404,,,,,n/a,noindex site-wide layout,no,no,0,missing,missing,,no,n/a,Unpublished returns 404
/tg/blog/product-photo-mistakes-that-hurt-sales,tg,404,,,,,n/a,noindex site-wide layout,no,no,0,missing,missing,,no,n/a,Unpublished returns 404
/tr/blog/product-photo-mistakes-that-hurt-sales,tr,404,,,,,n/a,noindex site-wide layout,no,no,0,missing,missing,,no,n/a,Unpublished returns 404
/az/blog/product-photo-mistakes-that-hurt-sales,az,404,,,,,n/a,noindex site-wide layout,no,no,0,missing,missing,,no,n/a,Unpublished returns 404
/ar/blog/product-photo-mistakes-that-hurt-sales,ar,404,,,,,n/a,noindex site-wide layout,no,no,0,missing,missing,,no,n/a,Unpublished returns 404
/es/blog/product-photo-mistakes-that-hurt-sales,es,404,,,,,n/a,noindex site-wide layout,no,no,0,missing,missing,,no,n/a,Unpublished returns 404
/pt/blog/product-photo-mistakes-that-hurt-sales,pt,404,,,,,n/a,noindex site-wide layout,no,no,0,missing,missing,,no,n/a,Unpublished returns 404
/fr/blog/product-photo-mistakes-that-hurt-sales,fr,404,,,,,n/a,noindex site-wide layout,no,no,0,missing,missing,,no,n/a,Unpublished returns 404
/de/blog/product-photo-mistakes-that-hurt-sales,de,404,,,,,n/a,noindex site-wide layout,no,no,0,missing,missing,,no,n/a,Unpublished returns 404
/it/blog/product-photo-mistakes-that-hurt-sales,it,404,,,,,n/a,noindex site-wide layout,no,no,0,missing,missing,,no,n/a,Unpublished returns 404
/pl/blog/product-photo-mistakes-that-hurt-sales,pl,404,,,,,n/a,noindex site-wide layout,no,no,0,missing,missing,,no,n/a,Unpublished returns 404
/uk/blog/product-photo-mistakes-that-hurt-sales,uk,404,,,,,n/a,noindex site-wide layout,no,no,0,missing,missing,,no,n/a,Unpublished returns 404
/hi/blog/product-photo-mistakes-that-hurt-sales,hi,404,,,,,n/a,noindex site-wide layout,no,no,0,missing,missing,,no,n/a,Unpublished returns 404
/id/blog/product-photo-mistakes-that-hurt-sales,id,404,,,,,n/a,noindex site-wide layout,no,no,0,missing,missing,,no,n/a,Unpublished returns 404
/vi/blog/product-photo-mistakes-that-hurt-sales,vi,404,,,,,n/a,noindex site-wide layout,no,no,0,missing,missing,,no,n/a,Unpublished returns 404
/zh/blog/product-photo-mistakes-that-hurt-sales,zh,404,,,,,n/a,noindex site-wide layout,no,no,0,missing,missing,,no,n/a,Unpublished returns 404
/ru/blog/kak-proverit-ai-foto-pered-publikatsiey,ru,exists,Как проверить AI-фото перед публикацией,"Чеклист ручной проверки AI-фото товара: цвет, форма, узор, фон, логотипы, края, ограничения AI и правила площадки.",Как проверить AI-фото перед публикацией,/ru/blog/kak-proverit-ai-foto-pered-publikatsiey,ru/en sitemap,noindex site-wide layout,yes,yes,139,good,complete,/studio;/ru/use-cases/tochnaya-tovarnaya-kartochka;/ru/platforms,yes,BlogPosting;FAQPage,
/en/blog/how-to-review-ai-product-photos-before-publishing,en,exists,How to review AI product photos before publishing,"Manual AI product photo checklist: color, shape, pattern, background, logos, edges, AI limitations, and platform rules.",How to review AI product photos before publishing,/en/blog/how-to-review-ai-product-photos-before-publishing,ru/en sitemap,noindex site-wide layout,yes,yes,146,good,complete,/studio;/en/use-cases/exact-product-card;/en/platforms,yes,BlogPosting;FAQPage,
/kk/blog/how-to-review-ai-product-photos-before-publishing,kk,404,,,,,n/a,noindex site-wide layout,no,no,0,missing,missing,,no,n/a,Unpublished returns 404
/ky/blog/how-to-review-ai-product-photos-before-publishing,ky,404,,,,,n/a,noindex site-wide layout,no,no,0,missing,missing,,no,n/a,Unpublished returns 404
/uz/blog/how-to-review-ai-product-photos-before-publishing,uz,404,,,,,n/a,noindex site-wide layout,no,no,0,missing,missing,,no,n/a,Unpublished returns 404
/tg/blog/how-to-review-ai-product-photos-before-publishing,tg,404,,,,,n/a,noindex site-wide layout,no,no,0,missing,missing,,no,n/a,Unpublished returns 404
/tr/blog/how-to-review-ai-product-photos-before-publishing,tr,404,,,,,n/a,noindex site-wide layout,no,no,0,missing,missing,,no,n/a,Unpublished returns 404
/az/blog/how-to-review-ai-product-photos-before-publishing,az,404,,,,,n/a,noindex site-wide layout,no,no,0,missing,missing,,no,n/a,Unpublished returns 404
/ar/blog/how-to-review-ai-product-photos-before-publishing,ar,404,,,,,n/a,noindex site-wide layout,no,no,0,missing,missing,,no,n/a,Unpublished returns 404
/es/blog/how-to-review-ai-product-photos-before-publishing,es,404,,,,,n/a,noindex site-wide layout,no,no,0,missing,missing,,no,n/a,Unpublished returns 404
/pt/blog/how-to-review-ai-product-photos-before-publishing,pt,404,,,,,n/a,noindex site-wide layout,no,no,0,missing,missing,,no,n/a,Unpublished returns 404
/fr/blog/how-to-review-ai-product-photos-before-publishing,fr,404,,,,,n/a,noindex site-wide layout,no,no,0,missing,missing,,no,n/a,Unpublished returns 404
/de/blog/how-to-review-ai-product-photos-before-publishing,de,404,,,,,n/a,noindex site-wide layout,no,no,0,missing,missing,,no,n/a,Unpublished returns 404
/it/blog/how-to-review-ai-product-photos-before-publishing,it,404,,,,,n/a,noindex site-wide layout,no,no,0,missing,missing,,no,n/a,Unpublished returns 404
/pl/blog/how-to-review-ai-product-photos-before-publishing,pl,404,,,,,n/a,noindex site-wide layout,no,no,0,missing,missing,,no,n/a,Unpublished returns 404
/uk/blog/how-to-review-ai-product-photos-before-publishing,uk,404,,,,,n/a,noindex site-wide layout,no,no,0,missing,missing,,no,n/a,Unpublished returns 404
/hi/blog/how-to-review-ai-product-photos-before-publishing,hi,404,,,,,n/a,noindex site-wide layout,no,no,0,missing,missing,,no,n/a,Unpublished returns 404
/id/blog/how-to-review-ai-product-photos-before-publishing,id,404,,,,,n/a,noindex site-wide layout,no,no,0,missing,missing,,no,n/a,Unpublished returns 404
/vi/blog/how-to-review-ai-product-photos-before-publishing,vi,404,,,,,n/a,noindex site-wide layout,no,no,0,missing,missing,,no,n/a,Unpublished returns 404
/zh/blog/how-to-review-ai-product-photos-before-publishing,zh,404,,,,,n/a,noindex site-wide layout,no,no,0,missing,missing,,no,n/a,Unpublished returns 404
/ru/blog/why-ai-can-change-a-product-and-how-to-reduce-it,ru,404,Почему AI может менять товар и как этого избежать,"Почему AI может менять товар и как этого избежать: практический гид Vitrina AI Studio с чеклистом качества, ограничениями AI и ссылками на связанные use cases.",Почему AI может менять товар и как этого избежать,,n/a,noindex site-wide layout,no,no,0,missing,missing,,no,n/a,Unpublished returns 404
/en/blog/why-ai-can-change-a-product-and-how-to-reduce-it,en,404,Why AI can change a product and how to reduce it,"Why AI can change a product and how to reduce it: a practical Vitrina AI Studio guide with a quality checklist, AI limitations, and related use cases.",Why AI can change a product and how to reduce it,,n/a,noindex site-wide layout,no,no,0,missing,missing,,no,n/a,Unpublished returns 404
/kk/blog/why-ai-can-change-a-product-and-how-to-reduce-it,kk,404,,,,,n/a,noindex site-wide layout,no,no,0,missing,missing,,no,n/a,Unpublished returns 404
/ky/blog/why-ai-can-change-a-product-and-how-to-reduce-it,ky,404,,,,,n/a,noindex site-wide layout,no,no,0,missing,missing,,no,n/a,Unpublished returns 404
/uz/blog/why-ai-can-change-a-product-and-how-to-reduce-it,uz,404,,,,,n/a,noindex site-wide layout,no,no,0,missing,missing,,no,n/a,Unpublished returns 404
/tg/blog/why-ai-can-change-a-product-and-how-to-reduce-it,tg,404,,,,,n/a,noindex site-wide layout,no,no,0,missing,missing,,no,n/a,Unpublished returns 404
/tr/blog/why-ai-can-change-a-product-and-how-to-reduce-it,tr,404,,,,,n/a,noindex site-wide layout,no,no,0,missing,missing,,no,n/a,Unpublished returns 404
/az/blog/why-ai-can-change-a-product-and-how-to-reduce-it,az,404,,,,,n/a,noindex site-wide layout,no,no,0,missing,missing,,no,n/a,Unpublished returns 404
/ar/blog/why-ai-can-change-a-product-and-how-to-reduce-it,ar,404,,,,,n/a,noindex site-wide layout,no,no,0,missing,missing,,no,n/a,Unpublished returns 404
/es/blog/why-ai-can-change-a-product-and-how-to-reduce-it,es,404,,,,,n/a,noindex site-wide layout,no,no,0,missing,missing,,no,n/a,Unpublished returns 404
/pt/blog/why-ai-can-change-a-product-and-how-to-reduce-it,pt,404,,,,,n/a,noindex site-wide layout,no,no,0,missing,missing,,no,n/a,Unpublished returns 404
/fr/blog/why-ai-can-change-a-product-and-how-to-reduce-it,fr,404,,,,,n/a,noindex site-wide layout,no,no,0,missing,missing,,no,n/a,Unpublished returns 404
/de/blog/why-ai-can-change-a-product-and-how-to-reduce-it,de,404,,,,,n/a,noindex site-wide layout,no,no,0,missing,missing,,no,n/a,Unpublished returns 404
/it/blog/why-ai-can-change-a-product-and-how-to-reduce-it,it,404,,,,,n/a,noindex site-wide layout,no,no,0,missing,missing,,no,n/a,Unpublished returns 404
/pl/blog/why-ai-can-change-a-product-and-how-to-reduce-it,pl,404,,,,,n/a,noindex site-wide layout,no,no,0,missing,missing,,no,n/a,Unpublished returns 404
/uk/blog/why-ai-can-change-a-product-and-how-to-reduce-it,uk,404,,,,,n/a,noindex site-wide layout,no,no,0,missing,missing,,no,n/a,Unpublished returns 404
/hi/blog/why-ai-can-change-a-product-and-how-to-reduce-it,hi,404,,,,,n/a,noindex site-wide layout,no,no,0,missing,missing,,no,n/a,Unpublished returns 404
/id/blog/why-ai-can-change-a-product-and-how-to-reduce-it,id,404,,,,,n/a,noindex site-wide layout,no,no,0,missing,missing,,no,n/a,Unpublished returns 404
/vi/blog/why-ai-can-change-a-product-and-how-to-reduce-it,vi,404,,,,,n/a,noindex site-wide layout,no,no,0,missing,missing,,no,n/a,Unpublished returns 404
/zh/blog/why-ai-can-change-a-product-and-how-to-reduce-it,zh,404,,,,,n/a,noindex site-wide layout,no,no,0,missing,missing,,no,n/a,Unpublished returns 404
/ru/blog/how-to-preserve-product-color-and-shape-in-ai-photos,ru,404,Как сохранить цвет и форму товара в AI-фото,"Как сохранить цвет и форму товара в AI-фото: практический гид Vitrina AI Studio с чеклистом качества, ограничениями AI и ссылками на связанные use cases.",Как сохранить цвет и форму товара в AI-фото,,n/a,noindex site-wide layout,no,no,0,missing,missing,,no,n/a,Unpublished returns 404
/en/blog/how-to-preserve-product-color-and-shape-in-ai-photos,en,404,How to preserve product color and shape in AI photos,"How to preserve product color and shape in AI photos: a practical Vitrina AI Studio guide with a quality checklist, AI limitations, and related use cases.",How to preserve product color and shape in AI photos,,n/a,noindex site-wide layout,no,no,0,missing,missing,,no,n/a,Unpublished returns 404
/kk/blog/how-to-preserve-product-color-and-shape-in-ai-photos,kk,404,,,,,n/a,noindex site-wide layout,no,no,0,missing,missing,,no,n/a,Unpublished returns 404
/ky/blog/how-to-preserve-product-color-and-shape-in-ai-photos,ky,404,,,,,n/a,noindex site-wide layout,no,no,0,missing,missing,,no,n/a,Unpublished returns 404
/uz/blog/how-to-preserve-product-color-and-shape-in-ai-photos,uz,404,,,,,n/a,noindex site-wide layout,no,no,0,missing,missing,,no,n/a,Unpublished returns 404
/tg/blog/how-to-preserve-product-color-and-shape-in-ai-photos,tg,404,,,,,n/a,noindex site-wide layout,no,no,0,missing,missing,,no,n/a,Unpublished returns 404
/tr/blog/how-to-preserve-product-color-and-shape-in-ai-photos,tr,404,,,,,n/a,noindex site-wide layout,no,no,0,missing,missing,,no,n/a,Unpublished returns 404
/az/blog/how-to-preserve-product-color-and-shape-in-ai-photos,az,404,,,,,n/a,noindex site-wide layout,no,no,0,missing,missing,,no,n/a,Unpublished returns 404
/ar/blog/how-to-preserve-product-color-and-shape-in-ai-photos,ar,404,,,,,n/a,noindex site-wide layout,no,no,0,missing,missing,,no,n/a,Unpublished returns 404
/es/blog/how-to-preserve-product-color-and-shape-in-ai-photos,es,404,,,,,n/a,noindex site-wide layout,no,no,0,missing,missing,,no,n/a,Unpublished returns 404
/pt/blog/how-to-preserve-product-color-and-shape-in-ai-photos,pt,404,,,,,n/a,noindex site-wide layout,no,no,0,missing,missing,,no,n/a,Unpublished returns 404
/fr/blog/how-to-preserve-product-color-and-shape-in-ai-photos,fr,404,,,,,n/a,noindex site-wide layout,no,no,0,missing,missing,,no,n/a,Unpublished returns 404
/de/blog/how-to-preserve-product-color-and-shape-in-ai-photos,de,404,,,,,n/a,noindex site-wide layout,no,no,0,missing,missing,,no,n/a,Unpublished returns 404
/it/blog/how-to-preserve-product-color-and-shape-in-ai-photos,it,404,,,,,n/a,noindex site-wide layout,no,no,0,missing,missing,,no,n/a,Unpublished returns 404
/pl/blog/how-to-preserve-product-color-and-shape-in-ai-photos,pl,404,,,,,n/a,noindex site-wide layout,no,no,0,missing,missing,,no,n/a,Unpublished returns 404
/uk/blog/how-to-preserve-product-color-and-shape-in-ai-photos,uk,404,,,,,n/a,noindex site-wide layout,no,no,0,missing,missing,,no,n/a,Unpublished returns 404
/hi/blog/how-to-preserve-product-color-and-shape-in-ai-photos,hi,404,,,,,n/a,noindex site-wide layout,no,no,0,missing,missing,,no,n/a,Unpublished returns 404
/id/blog/how-to-preserve-product-color-and-shape-in-ai-photos,id,404,,,,,n/a,noindex site-wide layout,no,no,0,missing,missing,,no,n/a,Unpublished returns 404
/vi/blog/how-to-preserve-product-color-and-shape-in-ai-photos,vi,404,,,,,n/a,noindex site-wide layout,no,no,0,missing,missing,,no,n/a,Unpublished returns 404
/zh/blog/how-to-preserve-product-color-and-shape-in-ai-photos,zh,404,,,,,n/a,noindex site-wide layout,no,no,0,missing,missing,,no,n/a,Unpublished returns 404
/ru/blog/kak-sdelat-foto-odezhdy-na-modeli,ru,exists,Как сделать фото одежды на модели с помощью AI,"Workflow для фото одежды на AI-модели: исходник, взрослая модель, поза, ограничения, проверка посадки и деталей перед публикацией.",Как сделать фото одежды на модели с помощью AI,/ru/blog/kak-sdelat-foto-odezhdy-na-modeli,ru/en sitemap,noindex site-wide layout,yes,yes,149,good,complete,/ru/use-cases/odezhda-na-ai-modeli;/studio;/ru/foto-odezhdy-na-ai-modeli,yes,BlogPosting;FAQPage,
/en/blog/how-to-create-clothing-photos-on-a-model,en,exists,How to create clothing photos on an AI model,"AI model clothing workflow: source garment photo, adult model, pose, limitations, fit review, and detail checks before publishing.",How to create clothing photos on an AI model,/en/blog/how-to-create-clothing-photos-on-a-model,ru/en sitemap,noindex site-wide layout,yes,yes,172,good,complete,/en/use-cases/clothing-on-ai-model;/studio;/en/fashion-model-photos,yes,BlogPosting;FAQPage,
/kk/blog/how-to-create-clothing-photos-on-a-model,kk,404,,,,,n/a,noindex site-wide layout,no,no,0,missing,missing,,no,n/a,Unpublished returns 404
/ky/blog/how-to-create-clothing-photos-on-a-model,ky,404,,,,,n/a,noindex site-wide layout,no,no,0,missing,missing,,no,n/a,Unpublished returns 404
/uz/blog/how-to-create-clothing-photos-on-a-model,uz,404,,,,,n/a,noindex site-wide layout,no,no,0,missing,missing,,no,n/a,Unpublished returns 404
/tg/blog/how-to-create-clothing-photos-on-a-model,tg,404,,,,,n/a,noindex site-wide layout,no,no,0,missing,missing,,no,n/a,Unpublished returns 404
/tr/blog/how-to-create-clothing-photos-on-a-model,tr,404,,,,,n/a,noindex site-wide layout,no,no,0,missing,missing,,no,n/a,Unpublished returns 404
/az/blog/how-to-create-clothing-photos-on-a-model,az,404,,,,,n/a,noindex site-wide layout,no,no,0,missing,missing,,no,n/a,Unpublished returns 404
/ar/blog/how-to-create-clothing-photos-on-a-model,ar,404,,,,,n/a,noindex site-wide layout,no,no,0,missing,missing,,no,n/a,Unpublished returns 404
/es/blog/how-to-create-clothing-photos-on-a-model,es,404,,,,,n/a,noindex site-wide layout,no,no,0,missing,missing,,no,n/a,Unpublished returns 404
/pt/blog/how-to-create-clothing-photos-on-a-model,pt,404,,,,,n/a,noindex site-wide layout,no,no,0,missing,missing,,no,n/a,Unpublished returns 404
/fr/blog/how-to-create-clothing-photos-on-a-model,fr,404,,,,,n/a,noindex site-wide layout,no,no,0,missing,missing,,no,n/a,Unpublished returns 404
/de/blog/how-to-create-clothing-photos-on-a-model,de,404,,,,,n/a,noindex site-wide layout,no,no,0,missing,missing,,no,n/a,Unpublished returns 404
/it/blog/how-to-create-clothing-photos-on-a-model,it,404,,,,,n/a,noindex site-wide layout,no,no,0,missing,missing,,no,n/a,Unpublished returns 404
/pl/blog/how-to-create-clothing-photos-on-a-model,pl,404,,,,,n/a,noindex site-wide layout,no,no,0,missing,missing,,no,n/a,Unpublished returns 404
/uk/blog/how-to-create-clothing-photos-on-a-model,uk,404,,,,,n/a,noindex site-wide layout,no,no,0,missing,missing,,no,n/a,Unpublished returns 404
/hi/blog/how-to-create-clothing-photos-on-a-model,hi,404,,,,,n/a,noindex site-wide layout,no,no,0,missing,missing,,no,n/a,Unpublished returns 404
/id/blog/how-to-create-clothing-photos-on-a-model,id,404,,,,,n/a,noindex site-wide layout,no,no,0,missing,missing,,no,n/a,Unpublished returns 404
/vi/blog/how-to-create-clothing-photos-on-a-model,vi,404,,,,,n/a,noindex site-wide layout,no,no,0,missing,missing,,no,n/a,Unpublished returns 404
/zh/blog/how-to-create-clothing-photos-on-a-model,zh,404,,,,,n/a,noindex site-wide layout,no,no,0,missing,missing,,no,n/a,Unpublished returns 404
/ru/blog/how-to-place-clothing-on-an-ai-model,ru,404,Как перенести одежду на AI-модель,"Как перенести одежду на AI-модель: практический гид Vitrina AI Studio с чеклистом качества, ограничениями AI и ссылками на связанные use cases.",Как перенести одежду на AI-модель,,n/a,noindex site-wide layout,no,no,0,missing,missing,,no,n/a,Unpublished returns 404
/en/blog/how-to-place-clothing-on-an-ai-model,en,404,How to place clothing on an AI model,"How to place clothing on an AI model: a practical Vitrina AI Studio guide with a quality checklist, AI limitations, and related use cases.",How to place clothing on an AI model,,n/a,noindex site-wide layout,no,no,0,missing,missing,,no,n/a,Unpublished returns 404
/kk/blog/how-to-place-clothing-on-an-ai-model,kk,404,,,,,n/a,noindex site-wide layout,no,no,0,missing,missing,,no,n/a,Unpublished returns 404
/ky/blog/how-to-place-clothing-on-an-ai-model,ky,404,,,,,n/a,noindex site-wide layout,no,no,0,missing,missing,,no,n/a,Unpublished returns 404
/uz/blog/how-to-place-clothing-on-an-ai-model,uz,404,,,,,n/a,noindex site-wide layout,no,no,0,missing,missing,,no,n/a,Unpublished returns 404
/tg/blog/how-to-place-clothing-on-an-ai-model,tg,404,,,,,n/a,noindex site-wide layout,no,no,0,missing,missing,,no,n/a,Unpublished returns 404
/tr/blog/how-to-place-clothing-on-an-ai-model,tr,404,,,,,n/a,noindex site-wide layout,no,no,0,missing,missing,,no,n/a,Unpublished returns 404
/az/blog/how-to-place-clothing-on-an-ai-model,az,404,,,,,n/a,noindex site-wide layout,no,no,0,missing,missing,,no,n/a,Unpublished returns 404
/ar/blog/how-to-place-clothing-on-an-ai-model,ar,404,,,,,n/a,noindex site-wide layout,no,no,0,missing,missing,,no,n/a,Unpublished returns 404
/es/blog/how-to-place-clothing-on-an-ai-model,es,404,,,,,n/a,noindex site-wide layout,no,no,0,missing,missing,,no,n/a,Unpublished returns 404
/pt/blog/how-to-place-clothing-on-an-ai-model,pt,404,,,,,n/a,noindex site-wide layout,no,no,0,missing,missing,,no,n/a,Unpublished returns 404
/fr/blog/how-to-place-clothing-on-an-ai-model,fr,404,,,,,n/a,noindex site-wide layout,no,no,0,missing,missing,,no,n/a,Unpublished returns 404
/de/blog/how-to-place-clothing-on-an-ai-model,de,404,,,,,n/a,noindex site-wide layout,no,no,0,missing,missing,,no,n/a,Unpublished returns 404
/it/blog/how-to-place-clothing-on-an-ai-model,it,404,,,,,n/a,noindex site-wide layout,no,no,0,missing,missing,,no,n/a,Unpublished returns 404
/pl/blog/how-to-place-clothing-on-an-ai-model,pl,404,,,,,n/a,noindex site-wide layout,no,no,0,missing,missing,,no,n/a,Unpublished returns 404
/uk/blog/how-to-place-clothing-on-an-ai-model,uk,404,,,,,n/a,noindex site-wide layout,no,no,0,missing,missing,,no,n/a,Unpublished returns 404
/hi/blog/how-to-place-clothing-on-an-ai-model,hi,404,,,,,n/a,noindex site-wide layout,no,no,0,missing,missing,,no,n/a,Unpublished returns 404
/id/blog/how-to-place-clothing-on-an-ai-model,id,404,,,,,n/a,noindex site-wide layout,no,no,0,missing,missing,,no,n/a,Unpublished returns 404
/vi/blog/how-to-place-clothing-on-an-ai-model,vi,404,,,,,n/a,noindex site-wide layout,no,no,0,missing,missing,,no,n/a,Unpublished returns 404
/zh/blog/how-to-place-clothing-on-an-ai-model,zh,404,,,,,n/a,noindex site-wide layout,no,no,0,missing,missing,,no,n/a,Unpublished returns 404
/ru/blog/dress-photos-on-an-ai-model,ru,404,Фото платья на AI-модели,"Фото платья на AI-модели: практический гид Vitrina AI Studio с чеклистом качества, ограничениями AI и ссылками на связанные use cases.",Фото платья на AI-модели,,n/a,noindex site-wide layout,no,no,0,missing,missing,,no,n/a,Unpublished returns 404
/en/blog/dress-photos-on-an-ai-model,en,404,Dress photos on an AI model,"Dress photos on an AI model: a practical Vitrina AI Studio guide with a quality checklist, AI limitations, and related use cases.",Dress photos on an AI model,,n/a,noindex site-wide layout,no,no,0,missing,missing,,no,n/a,Unpublished returns 404
/kk/blog/dress-photos-on-an-ai-model,kk,404,,,,,n/a,noindex site-wide layout,no,no,0,missing,missing,,no,n/a,Unpublished returns 404
/ky/blog/dress-photos-on-an-ai-model,ky,404,,,,,n/a,noindex site-wide layout,no,no,0,missing,missing,,no,n/a,Unpublished returns 404
/uz/blog/dress-photos-on-an-ai-model,uz,404,,,,,n/a,noindex site-wide layout,no,no,0,missing,missing,,no,n/a,Unpublished returns 404
/tg/blog/dress-photos-on-an-ai-model,tg,404,,,,,n/a,noindex site-wide layout,no,no,0,missing,missing,,no,n/a,Unpublished returns 404
/tr/blog/dress-photos-on-an-ai-model,tr,404,,,,,n/a,noindex site-wide layout,no,no,0,missing,missing,,no,n/a,Unpublished returns 404
/az/blog/dress-photos-on-an-ai-model,az,404,,,,,n/a,noindex site-wide layout,no,no,0,missing,missing,,no,n/a,Unpublished returns 404
/ar/blog/dress-photos-on-an-ai-model,ar,404,,,,,n/a,noindex site-wide layout,no,no,0,missing,missing,,no,n/a,Unpublished returns 404
/es/blog/dress-photos-on-an-ai-model,es,404,,,,,n/a,noindex site-wide layout,no,no,0,missing,missing,,no,n/a,Unpublished returns 404
/pt/blog/dress-photos-on-an-ai-model,pt,404,,,,,n/a,noindex site-wide layout,no,no,0,missing,missing,,no,n/a,Unpublished returns 404
/fr/blog/dress-photos-on-an-ai-model,fr,404,,,,,n/a,noindex site-wide layout,no,no,0,missing,missing,,no,n/a,Unpublished returns 404
/de/blog/dress-photos-on-an-ai-model,de,404,,,,,n/a,noindex site-wide layout,no,no,0,missing,missing,,no,n/a,Unpublished returns 404
/it/blog/dress-photos-on-an-ai-model,it,404,,,,,n/a,noindex site-wide layout,no,no,0,missing,missing,,no,n/a,Unpublished returns 404
/pl/blog/dress-photos-on-an-ai-model,pl,404,,,,,n/a,noindex site-wide layout,no,no,0,missing,missing,,no,n/a,Unpublished returns 404
/uk/blog/dress-photos-on-an-ai-model,uk,404,,,,,n/a,noindex site-wide layout,no,no,0,missing,missing,,no,n/a,Unpublished returns 404
/hi/blog/dress-photos-on-an-ai-model,hi,404,,,,,n/a,noindex site-wide layout,no,no,0,missing,missing,,no,n/a,Unpublished returns 404
/id/blog/dress-photos-on-an-ai-model,id,404,,,,,n/a,noindex site-wide layout,no,no,0,missing,missing,,no,n/a,Unpublished returns 404
/vi/blog/dress-photos-on-an-ai-model,vi,404,,,,,n/a,noindex site-wide layout,no,no,0,missing,missing,,no,n/a,Unpublished returns 404
/zh/blog/dress-photos-on-an-ai-model,zh,404,,,,,n/a,noindex site-wide layout,no,no,0,missing,missing,,no,n/a,Unpublished returns 404
/ru/blog/t-shirt-photos-on-an-ai-model,ru,404,Фото футболки на AI-модели,"Фото футболки на AI-модели: практический гид Vitrina AI Studio с чеклистом качества, ограничениями AI и ссылками на связанные use cases.",Фото футболки на AI-модели,,n/a,noindex site-wide layout,no,no,0,missing,missing,,no,n/a,Unpublished returns 404
/en/blog/t-shirt-photos-on-an-ai-model,en,404,T-shirt photos on an AI model,"T-shirt photos on an AI model: a practical Vitrina AI Studio guide with a quality checklist, AI limitations, and related use cases.",T-shirt photos on an AI model,,n/a,noindex site-wide layout,no,no,0,missing,missing,,no,n/a,Unpublished returns 404
/kk/blog/t-shirt-photos-on-an-ai-model,kk,404,,,,,n/a,noindex site-wide layout,no,no,0,missing,missing,,no,n/a,Unpublished returns 404
/ky/blog/t-shirt-photos-on-an-ai-model,ky,404,,,,,n/a,noindex site-wide layout,no,no,0,missing,missing,,no,n/a,Unpublished returns 404
/uz/blog/t-shirt-photos-on-an-ai-model,uz,404,,,,,n/a,noindex site-wide layout,no,no,0,missing,missing,,no,n/a,Unpublished returns 404
/tg/blog/t-shirt-photos-on-an-ai-model,tg,404,,,,,n/a,noindex site-wide layout,no,no,0,missing,missing,,no,n/a,Unpublished returns 404
/tr/blog/t-shirt-photos-on-an-ai-model,tr,404,,,,,n/a,noindex site-wide layout,no,no,0,missing,missing,,no,n/a,Unpublished returns 404
/az/blog/t-shirt-photos-on-an-ai-model,az,404,,,,,n/a,noindex site-wide layout,no,no,0,missing,missing,,no,n/a,Unpublished returns 404
/ar/blog/t-shirt-photos-on-an-ai-model,ar,404,,,,,n/a,noindex site-wide layout,no,no,0,missing,missing,,no,n/a,Unpublished returns 404
/es/blog/t-shirt-photos-on-an-ai-model,es,404,,,,,n/a,noindex site-wide layout,no,no,0,missing,missing,,no,n/a,Unpublished returns 404
/pt/blog/t-shirt-photos-on-an-ai-model,pt,404,,,,,n/a,noindex site-wide layout,no,no,0,missing,missing,,no,n/a,Unpublished returns 404
/fr/blog/t-shirt-photos-on-an-ai-model,fr,404,,,,,n/a,noindex site-wide layout,no,no,0,missing,missing,,no,n/a,Unpublished returns 404
/de/blog/t-shirt-photos-on-an-ai-model,de,404,,,,,n/a,noindex site-wide layout,no,no,0,missing,missing,,no,n/a,Unpublished returns 404
/it/blog/t-shirt-photos-on-an-ai-model,it,404,,,,,n/a,noindex site-wide layout,no,no,0,missing,missing,,no,n/a,Unpublished returns 404
/pl/blog/t-shirt-photos-on-an-ai-model,pl,404,,,,,n/a,noindex site-wide layout,no,no,0,missing,missing,,no,n/a,Unpublished returns 404
/uk/blog/t-shirt-photos-on-an-ai-model,uk,404,,,,,n/a,noindex site-wide layout,no,no,0,missing,missing,,no,n/a,Unpublished returns 404
/hi/blog/t-shirt-photos-on-an-ai-model,hi,404,,,,,n/a,noindex site-wide layout,no,no,0,missing,missing,,no,n/a,Unpublished returns 404
/id/blog/t-shirt-photos-on-an-ai-model,id,404,,,,,n/a,noindex site-wide layout,no,no,0,missing,missing,,no,n/a,Unpublished returns 404
/vi/blog/t-shirt-photos-on-an-ai-model,vi,404,,,,,n/a,noindex site-wide layout,no,no,0,missing,missing,,no,n/a,Unpublished returns 404
/zh/blog/t-shirt-photos-on-an-ai-model,zh,404,,,,,n/a,noindex site-wide layout,no,no,0,missing,missing,,no,n/a,Unpublished returns 404
/ru/blog/suit-photos-on-an-ai-model,ru,404,Фото костюма на AI-модели,"Фото костюма на AI-модели: практический гид Vitrina AI Studio с чеклистом качества, ограничениями AI и ссылками на связанные use cases.",Фото костюма на AI-модели,,n/a,noindex site-wide layout,no,no,0,missing,missing,,no,n/a,Unpublished returns 404
/en/blog/suit-photos-on-an-ai-model,en,404,Suit photos on an AI model,"Suit photos on an AI model: a practical Vitrina AI Studio guide with a quality checklist, AI limitations, and related use cases.",Suit photos on an AI model,,n/a,noindex site-wide layout,no,no,0,missing,missing,,no,n/a,Unpublished returns 404
/kk/blog/suit-photos-on-an-ai-model,kk,404,,,,,n/a,noindex site-wide layout,no,no,0,missing,missing,,no,n/a,Unpublished returns 404
/ky/blog/suit-photos-on-an-ai-model,ky,404,,,,,n/a,noindex site-wide layout,no,no,0,missing,missing,,no,n/a,Unpublished returns 404
/uz/blog/suit-photos-on-an-ai-model,uz,404,,,,,n/a,noindex site-wide layout,no,no,0,missing,missing,,no,n/a,Unpublished returns 404
/tg/blog/suit-photos-on-an-ai-model,tg,404,,,,,n/a,noindex site-wide layout,no,no,0,missing,missing,,no,n/a,Unpublished returns 404
/tr/blog/suit-photos-on-an-ai-model,tr,404,,,,,n/a,noindex site-wide layout,no,no,0,missing,missing,,no,n/a,Unpublished returns 404
/az/blog/suit-photos-on-an-ai-model,az,404,,,,,n/a,noindex site-wide layout,no,no,0,missing,missing,,no,n/a,Unpublished returns 404
/ar/blog/suit-photos-on-an-ai-model,ar,404,,,,,n/a,noindex site-wide layout,no,no,0,missing,missing,,no,n/a,Unpublished returns 404
/es/blog/suit-photos-on-an-ai-model,es,404,,,,,n/a,noindex site-wide layout,no,no,0,missing,missing,,no,n/a,Unpublished returns 404
/pt/blog/suit-photos-on-an-ai-model,pt,404,,,,,n/a,noindex site-wide layout,no,no,0,missing,missing,,no,n/a,Unpublished returns 404
/fr/blog/suit-photos-on-an-ai-model,fr,404,,,,,n/a,noindex site-wide layout,no,no,0,missing,missing,,no,n/a,Unpublished returns 404
/de/blog/suit-photos-on-an-ai-model,de,404,,,,,n/a,noindex site-wide layout,no,no,0,missing,missing,,no,n/a,Unpublished returns 404
/it/blog/suit-photos-on-an-ai-model,it,404,,,,,n/a,noindex site-wide layout,no,no,0,missing,missing,,no,n/a,Unpublished returns 404
/pl/blog/suit-photos-on-an-ai-model,pl,404,,,,,n/a,noindex site-wide layout,no,no,0,missing,missing,,no,n/a,Unpublished returns 404
/uk/blog/suit-photos-on-an-ai-model,uk,404,,,,,n/a,noindex site-wide layout,no,no,0,missing,missing,,no,n/a,Unpublished returns 404
/hi/blog/suit-photos-on-an-ai-model,hi,404,,,,,n/a,noindex site-wide layout,no,no,0,missing,missing,,no,n/a,Unpublished returns 404
/id/blog/suit-photos-on-an-ai-model,id,404,,,,,n/a,noindex site-wide layout,no,no,0,missing,missing,,no,n/a,Unpublished returns 404
/vi/blog/suit-photos-on-an-ai-model,vi,404,,,,,n/a,noindex site-wide layout,no,no,0,missing,missing,,no,n/a,Unpublished returns 404
/zh/blog/suit-photos-on-an-ai-model,zh,404,,,,,n/a,noindex site-wide layout,no,no,0,missing,missing,,no,n/a,Unpublished returns 404
/ru/blog/foto-belya-na-ai-modeli,ru,exists,Фото белья на AI-модели: как делать безопасно и коммерчески,"Как готовить фото белья на AI-модели: adult commercial catalog style, запрет minors, проверка посадки и честность карточки товара.",Фото белья на AI-модели: как делать безопасно и коммерчески,/ru/blog/foto-belya-na-ai-modeli,ru/en sitemap,noindex site-wide layout,yes,yes,145,good,complete,/ru/use-cases/bele-na-ai-modeli;/ru/terms;/studio,yes,BlogPosting;FAQPage,
/en/blog/lingerie-photos-on-an-ai-model,en,exists,Lingerie photos on an AI model: safe commercial workflow,"How to prepare lingerie photos on an AI model: adult commercial catalog style, no minors, fit review, and honest product listings.",Lingerie photos on an AI model: safe commercial workflow,/en/blog/lingerie-photos-on-an-ai-model,ru/en sitemap,noindex site-wide layout,yes,yes,150,good,complete,/en/use-cases/lingerie-on-ai-model;/en/terms;/studio,yes,BlogPosting;FAQPage,
/kk/blog/lingerie-photos-on-an-ai-model,kk,404,,,,,n/a,noindex site-wide layout,no,no,0,missing,missing,,no,n/a,Unpublished returns 404
/ky/blog/lingerie-photos-on-an-ai-model,ky,404,,,,,n/a,noindex site-wide layout,no,no,0,missing,missing,,no,n/a,Unpublished returns 404
/uz/blog/lingerie-photos-on-an-ai-model,uz,404,,,,,n/a,noindex site-wide layout,no,no,0,missing,missing,,no,n/a,Unpublished returns 404
/tg/blog/lingerie-photos-on-an-ai-model,tg,404,,,,,n/a,noindex site-wide layout,no,no,0,missing,missing,,no,n/a,Unpublished returns 404
/tr/blog/lingerie-photos-on-an-ai-model,tr,404,,,,,n/a,noindex site-wide layout,no,no,0,missing,missing,,no,n/a,Unpublished returns 404
/az/blog/lingerie-photos-on-an-ai-model,az,404,,,,,n/a,noindex site-wide layout,no,no,0,missing,missing,,no,n/a,Unpublished returns 404
/ar/blog/lingerie-photos-on-an-ai-model,ar,404,,,,,n/a,noindex site-wide layout,no,no,0,missing,missing,,no,n/a,Unpublished returns 404
/es/blog/lingerie-photos-on-an-ai-model,es,404,,,,,n/a,noindex site-wide layout,no,no,0,missing,missing,,no,n/a,Unpublished returns 404
/pt/blog/lingerie-photos-on-an-ai-model,pt,404,,,,,n/a,noindex site-wide layout,no,no,0,missing,missing,,no,n/a,Unpublished returns 404
/fr/blog/lingerie-photos-on-an-ai-model,fr,404,,,,,n/a,noindex site-wide layout,no,no,0,missing,missing,,no,n/a,Unpublished returns 404
/de/blog/lingerie-photos-on-an-ai-model,de,404,,,,,n/a,noindex site-wide layout,no,no,0,missing,missing,,no,n/a,Unpublished returns 404
/it/blog/lingerie-photos-on-an-ai-model,it,404,,,,,n/a,noindex site-wide layout,no,no,0,missing,missing,,no,n/a,Unpublished returns 404
/pl/blog/lingerie-photos-on-an-ai-model,pl,404,,,,,n/a,noindex site-wide layout,no,no,0,missing,missing,,no,n/a,Unpublished returns 404
/uk/blog/lingerie-photos-on-an-ai-model,uk,404,,,,,n/a,noindex site-wide layout,no,no,0,missing,missing,,no,n/a,Unpublished returns 404
/hi/blog/lingerie-photos-on-an-ai-model,hi,404,,,,,n/a,noindex site-wide layout,no,no,0,missing,missing,,no,n/a,Unpublished returns 404
/id/blog/lingerie-photos-on-an-ai-model,id,404,,,,,n/a,noindex site-wide layout,no,no,0,missing,missing,,no,n/a,Unpublished returns 404
/vi/blog/lingerie-photos-on-an-ai-model,vi,404,,,,,n/a,noindex site-wide layout,no,no,0,missing,missing,,no,n/a,Unpublished returns 404
/zh/blog/lingerie-photos-on-an-ai-model,zh,404,,,,,n/a,noindex site-wide layout,no,no,0,missing,missing,,no,n/a,Unpublished returns 404
/ru/blog/plus-size-model-photos-for-clothing,ru,404,Фото plus-size модели для одежды,"Фото plus-size модели для одежды: практический гид Vitrina AI Studio с чеклистом качества, ограничениями AI и ссылками на связанные use cases.",Фото plus-size модели для одежды,,n/a,noindex site-wide layout,no,no,0,missing,missing,,no,n/a,Unpublished returns 404
/en/blog/plus-size-model-photos-for-clothing,en,404,Plus-size model photos for clothing,"Plus-size model photos for clothing: a practical Vitrina AI Studio guide with a quality checklist, AI limitations, and related use cases.",Plus-size model photos for clothing,,n/a,noindex site-wide layout,no,no,0,missing,missing,,no,n/a,Unpublished returns 404
/kk/blog/plus-size-model-photos-for-clothing,kk,404,,,,,n/a,noindex site-wide layout,no,no,0,missing,missing,,no,n/a,Unpublished returns 404
/ky/blog/plus-size-model-photos-for-clothing,ky,404,,,,,n/a,noindex site-wide layout,no,no,0,missing,missing,,no,n/a,Unpublished returns 404
/uz/blog/plus-size-model-photos-for-clothing,uz,404,,,,,n/a,noindex site-wide layout,no,no,0,missing,missing,,no,n/a,Unpublished returns 404
/tg/blog/plus-size-model-photos-for-clothing,tg,404,,,,,n/a,noindex site-wide layout,no,no,0,missing,missing,,no,n/a,Unpublished returns 404
/tr/blog/plus-size-model-photos-for-clothing,tr,404,,,,,n/a,noindex site-wide layout,no,no,0,missing,missing,,no,n/a,Unpublished returns 404
/az/blog/plus-size-model-photos-for-clothing,az,404,,,,,n/a,noindex site-wide layout,no,no,0,missing,missing,,no,n/a,Unpublished returns 404
/ar/blog/plus-size-model-photos-for-clothing,ar,404,,,,,n/a,noindex site-wide layout,no,no,0,missing,missing,,no,n/a,Unpublished returns 404
/es/blog/plus-size-model-photos-for-clothing,es,404,,,,,n/a,noindex site-wide layout,no,no,0,missing,missing,,no,n/a,Unpublished returns 404
/pt/blog/plus-size-model-photos-for-clothing,pt,404,,,,,n/a,noindex site-wide layout,no,no,0,missing,missing,,no,n/a,Unpublished returns 404
/fr/blog/plus-size-model-photos-for-clothing,fr,404,,,,,n/a,noindex site-wide layout,no,no,0,missing,missing,,no,n/a,Unpublished returns 404
/de/blog/plus-size-model-photos-for-clothing,de,404,,,,,n/a,noindex site-wide layout,no,no,0,missing,missing,,no,n/a,Unpublished returns 404
/it/blog/plus-size-model-photos-for-clothing,it,404,,,,,n/a,noindex site-wide layout,no,no,0,missing,missing,,no,n/a,Unpublished returns 404
/pl/blog/plus-size-model-photos-for-clothing,pl,404,,,,,n/a,noindex site-wide layout,no,no,0,missing,missing,,no,n/a,Unpublished returns 404
/uk/blog/plus-size-model-photos-for-clothing,uk,404,,,,,n/a,noindex site-wide layout,no,no,0,missing,missing,,no,n/a,Unpublished returns 404
/hi/blog/plus-size-model-photos-for-clothing,hi,404,,,,,n/a,noindex site-wide layout,no,no,0,missing,missing,,no,n/a,Unpublished returns 404
/id/blog/plus-size-model-photos-for-clothing,id,404,,,,,n/a,noindex site-wide layout,no,no,0,missing,missing,,no,n/a,Unpublished returns 404
/vi/blog/plus-size-model-photos-for-clothing,vi,404,,,,,n/a,noindex site-wide layout,no,no,0,missing,missing,,no,n/a,Unpublished returns 404
/zh/blog/plus-size-model-photos-for-clothing,zh,404,,,,,n/a,noindex site-wide layout,no,no,0,missing,missing,,no,n/a,Unpublished returns 404
/ru/blog/how-to-choose-an-ai-model-pose,ru,404,Как выбрать позу AI-модели,"Как выбрать позу AI-модели: практический гид Vitrina AI Studio с чеклистом качества, ограничениями AI и ссылками на связанные use cases.",Как выбрать позу AI-модели,,n/a,noindex site-wide layout,no,no,0,missing,missing,,no,n/a,Unpublished returns 404
/en/blog/how-to-choose-an-ai-model-pose,en,404,How to choose an AI model pose,"How to choose an AI model pose: a practical Vitrina AI Studio guide with a quality checklist, AI limitations, and related use cases.",How to choose an AI model pose,,n/a,noindex site-wide layout,no,no,0,missing,missing,,no,n/a,Unpublished returns 404
/kk/blog/how-to-choose-an-ai-model-pose,kk,404,,,,,n/a,noindex site-wide layout,no,no,0,missing,missing,,no,n/a,Unpublished returns 404
/ky/blog/how-to-choose-an-ai-model-pose,ky,404,,,,,n/a,noindex site-wide layout,no,no,0,missing,missing,,no,n/a,Unpublished returns 404
/uz/blog/how-to-choose-an-ai-model-pose,uz,404,,,,,n/a,noindex site-wide layout,no,no,0,missing,missing,,no,n/a,Unpublished returns 404
/tg/blog/how-to-choose-an-ai-model-pose,tg,404,,,,,n/a,noindex site-wide layout,no,no,0,missing,missing,,no,n/a,Unpublished returns 404
/tr/blog/how-to-choose-an-ai-model-pose,tr,404,,,,,n/a,noindex site-wide layout,no,no,0,missing,missing,,no,n/a,Unpublished returns 404
/az/blog/how-to-choose-an-ai-model-pose,az,404,,,,,n/a,noindex site-wide layout,no,no,0,missing,missing,,no,n/a,Unpublished returns 404
/ar/blog/how-to-choose-an-ai-model-pose,ar,404,,,,,n/a,noindex site-wide layout,no,no,0,missing,missing,,no,n/a,Unpublished returns 404
/es/blog/how-to-choose-an-ai-model-pose,es,404,,,,,n/a,noindex site-wide layout,no,no,0,missing,missing,,no,n/a,Unpublished returns 404
/pt/blog/how-to-choose-an-ai-model-pose,pt,404,,,,,n/a,noindex site-wide layout,no,no,0,missing,missing,,no,n/a,Unpublished returns 404
/fr/blog/how-to-choose-an-ai-model-pose,fr,404,,,,,n/a,noindex site-wide layout,no,no,0,missing,missing,,no,n/a,Unpublished returns 404
/de/blog/how-to-choose-an-ai-model-pose,de,404,,,,,n/a,noindex site-wide layout,no,no,0,missing,missing,,no,n/a,Unpublished returns 404
/it/blog/how-to-choose-an-ai-model-pose,it,404,,,,,n/a,noindex site-wide layout,no,no,0,missing,missing,,no,n/a,Unpublished returns 404
/pl/blog/how-to-choose-an-ai-model-pose,pl,404,,,,,n/a,noindex site-wide layout,no,no,0,missing,missing,,no,n/a,Unpublished returns 404
/uk/blog/how-to-choose-an-ai-model-pose,uk,404,,,,,n/a,noindex site-wide layout,no,no,0,missing,missing,,no,n/a,Unpublished returns 404
/hi/blog/how-to-choose-an-ai-model-pose,hi,404,,,,,n/a,noindex site-wide layout,no,no,0,missing,missing,,no,n/a,Unpublished returns 404
/id/blog/how-to-choose-an-ai-model-pose,id,404,,,,,n/a,noindex site-wide layout,no,no,0,missing,missing,,no,n/a,Unpublished returns 404
/vi/blog/how-to-choose-an-ai-model-pose,vi,404,,,,,n/a,noindex site-wide layout,no,no,0,missing,missing,,no,n/a,Unpublished returns 404
/zh/blog/how-to-choose-an-ai-model-pose,zh,404,,,,,n/a,noindex site-wide layout,no,no,0,missing,missing,,no,n/a,Unpublished returns 404
/ru/blog/how-to-create-a-clothing-catalog-without-a-photoshoot,ru,404,Как сделать каталог одежды без фотосессии,"Как сделать каталог одежды без фотосессии: практический гид Vitrina AI Studio с чеклистом качества, ограничениями AI и ссылками на связанные use cases.",Как сделать каталог одежды без фотосессии,,n/a,noindex site-wide layout,no,no,0,missing,missing,,no,n/a,Unpublished returns 404
/en/blog/how-to-create-a-clothing-catalog-without-a-photoshoot,en,404,How to create a clothing catalog without a photoshoot,"How to create a clothing catalog without a photoshoot: a practical Vitrina AI Studio guide with a quality checklist, AI limitations, and related use cases.",How to create a clothing catalog without a photoshoot,,n/a,noindex site-wide layout,no,no,0,missing,missing,,no,n/a,Unpublished returns 404
/kk/blog/how-to-create-a-clothing-catalog-without-a-photoshoot,kk,404,,,,,n/a,noindex site-wide layout,no,no,0,missing,missing,,no,n/a,Unpublished returns 404
/ky/blog/how-to-create-a-clothing-catalog-without-a-photoshoot,ky,404,,,,,n/a,noindex site-wide layout,no,no,0,missing,missing,,no,n/a,Unpublished returns 404
/uz/blog/how-to-create-a-clothing-catalog-without-a-photoshoot,uz,404,,,,,n/a,noindex site-wide layout,no,no,0,missing,missing,,no,n/a,Unpublished returns 404
/tg/blog/how-to-create-a-clothing-catalog-without-a-photoshoot,tg,404,,,,,n/a,noindex site-wide layout,no,no,0,missing,missing,,no,n/a,Unpublished returns 404
/tr/blog/how-to-create-a-clothing-catalog-without-a-photoshoot,tr,404,,,,,n/a,noindex site-wide layout,no,no,0,missing,missing,,no,n/a,Unpublished returns 404
/az/blog/how-to-create-a-clothing-catalog-without-a-photoshoot,az,404,,,,,n/a,noindex site-wide layout,no,no,0,missing,missing,,no,n/a,Unpublished returns 404
/ar/blog/how-to-create-a-clothing-catalog-without-a-photoshoot,ar,404,,,,,n/a,noindex site-wide layout,no,no,0,missing,missing,,no,n/a,Unpublished returns 404
/es/blog/how-to-create-a-clothing-catalog-without-a-photoshoot,es,404,,,,,n/a,noindex site-wide layout,no,no,0,missing,missing,,no,n/a,Unpublished returns 404
/pt/blog/how-to-create-a-clothing-catalog-without-a-photoshoot,pt,404,,,,,n/a,noindex site-wide layout,no,no,0,missing,missing,,no,n/a,Unpublished returns 404
/fr/blog/how-to-create-a-clothing-catalog-without-a-photoshoot,fr,404,,,,,n/a,noindex site-wide layout,no,no,0,missing,missing,,no,n/a,Unpublished returns 404
/de/blog/how-to-create-a-clothing-catalog-without-a-photoshoot,de,404,,,,,n/a,noindex site-wide layout,no,no,0,missing,missing,,no,n/a,Unpublished returns 404
/it/blog/how-to-create-a-clothing-catalog-without-a-photoshoot,it,404,,,,,n/a,noindex site-wide layout,no,no,0,missing,missing,,no,n/a,Unpublished returns 404
/pl/blog/how-to-create-a-clothing-catalog-without-a-photoshoot,pl,404,,,,,n/a,noindex site-wide layout,no,no,0,missing,missing,,no,n/a,Unpublished returns 404
/uk/blog/how-to-create-a-clothing-catalog-without-a-photoshoot,uk,404,,,,,n/a,noindex site-wide layout,no,no,0,missing,missing,,no,n/a,Unpublished returns 404
/hi/blog/how-to-create-a-clothing-catalog-without-a-photoshoot,hi,404,,,,,n/a,noindex site-wide layout,no,no,0,missing,missing,,no,n/a,Unpublished returns 404
/id/blog/how-to-create-a-clothing-catalog-without-a-photoshoot,id,404,,,,,n/a,noindex site-wide layout,no,no,0,missing,missing,,no,n/a,Unpublished returns 404
/vi/blog/how-to-create-a-clothing-catalog-without-a-photoshoot,vi,404,,,,,n/a,noindex site-wide layout,no,no,0,missing,missing,,no,n/a,Unpublished returns 404
/zh/blog/how-to-create-a-clothing-catalog-without-a-photoshoot,zh,404,,,,,n/a,noindex site-wide layout,no,no,0,missing,missing,,no,n/a,Unpublished returns 404
/ru/blog/how-to-prepare-clothing-photos-for-ai-try-on,ru,404,Как подготовить фото одежды для AI-примерки,"Как подготовить фото одежды для AI-примерки: практический гид Vitrina AI Studio с чеклистом качества, ограничениями AI и ссылками на связанные use cases.",Как подготовить фото одежды для AI-примерки,,n/a,noindex site-wide layout,no,no,0,missing,missing,,no,n/a,Unpublished returns 404
/en/blog/how-to-prepare-clothing-photos-for-ai-try-on,en,404,How to prepare clothing photos for AI try-on,"How to prepare clothing photos for AI try-on: a practical Vitrina AI Studio guide with a quality checklist, AI limitations, and related use cases.",How to prepare clothing photos for AI try-on,,n/a,noindex site-wide layout,no,no,0,missing,missing,,no,n/a,Unpublished returns 404
/kk/blog/how-to-prepare-clothing-photos-for-ai-try-on,kk,404,,,,,n/a,noindex site-wide layout,no,no,0,missing,missing,,no,n/a,Unpublished returns 404
/ky/blog/how-to-prepare-clothing-photos-for-ai-try-on,ky,404,,,,,n/a,noindex site-wide layout,no,no,0,missing,missing,,no,n/a,Unpublished returns 404
/uz/blog/how-to-prepare-clothing-photos-for-ai-try-on,uz,404,,,,,n/a,noindex site-wide layout,no,no,0,missing,missing,,no,n/a,Unpublished returns 404
/tg/blog/how-to-prepare-clothing-photos-for-ai-try-on,tg,404,,,,,n/a,noindex site-wide layout,no,no,0,missing,missing,,no,n/a,Unpublished returns 404
/tr/blog/how-to-prepare-clothing-photos-for-ai-try-on,tr,404,,,,,n/a,noindex site-wide layout,no,no,0,missing,missing,,no,n/a,Unpublished returns 404
/az/blog/how-to-prepare-clothing-photos-for-ai-try-on,az,404,,,,,n/a,noindex site-wide layout,no,no,0,missing,missing,,no,n/a,Unpublished returns 404
/ar/blog/how-to-prepare-clothing-photos-for-ai-try-on,ar,404,,,,,n/a,noindex site-wide layout,no,no,0,missing,missing,,no,n/a,Unpublished returns 404
/es/blog/how-to-prepare-clothing-photos-for-ai-try-on,es,404,,,,,n/a,noindex site-wide layout,no,no,0,missing,missing,,no,n/a,Unpublished returns 404
/pt/blog/how-to-prepare-clothing-photos-for-ai-try-on,pt,404,,,,,n/a,noindex site-wide layout,no,no,0,missing,missing,,no,n/a,Unpublished returns 404
/fr/blog/how-to-prepare-clothing-photos-for-ai-try-on,fr,404,,,,,n/a,noindex site-wide layout,no,no,0,missing,missing,,no,n/a,Unpublished returns 404
/de/blog/how-to-prepare-clothing-photos-for-ai-try-on,de,404,,,,,n/a,noindex site-wide layout,no,no,0,missing,missing,,no,n/a,Unpublished returns 404
/it/blog/how-to-prepare-clothing-photos-for-ai-try-on,it,404,,,,,n/a,noindex site-wide layout,no,no,0,missing,missing,,no,n/a,Unpublished returns 404
/pl/blog/how-to-prepare-clothing-photos-for-ai-try-on,pl,404,,,,,n/a,noindex site-wide layout,no,no,0,missing,missing,,no,n/a,Unpublished returns 404
/uk/blog/how-to-prepare-clothing-photos-for-ai-try-on,uk,404,,,,,n/a,noindex site-wide layout,no,no,0,missing,missing,,no,n/a,Unpublished returns 404
/hi/blog/how-to-prepare-clothing-photos-for-ai-try-on,hi,404,,,,,n/a,noindex site-wide layout,no,no,0,missing,missing,,no,n/a,Unpublished returns 404
/id/blog/how-to-prepare-clothing-photos-for-ai-try-on,id,404,,,,,n/a,noindex site-wide layout,no,no,0,missing,missing,,no,n/a,Unpublished returns 404
/vi/blog/how-to-prepare-clothing-photos-for-ai-try-on,vi,404,,,,,n/a,noindex site-wide layout,no,no,0,missing,missing,,no,n/a,Unpublished returns 404
/zh/blog/how-to-prepare-clothing-photos-for-ai-try-on,zh,404,,,,,n/a,noindex site-wide layout,no,no,0,missing,missing,,no,n/a,Unpublished returns 404
/ru/blog/foto-bizhuterii-dlya-marketpleysa,ru,exists,Как сделать фото бижутерии для маркетплейса,"Фото бижутерии для маркетплейса: белый фон, lifestyle-сцена, точность камней и металла, ошибки AI и чеклист проверки.",Как сделать фото бижутерии для маркетплейса,/ru/blog/foto-bizhuterii-dlya-marketpleysa,ru/en sitemap,noindex site-wide layout,yes,yes,155,good,complete,/ru/use-cases/foto-bizhuterii;/ru/platforms/etsy-foto-tovarov;/studio,yes,BlogPosting;FAQPage,
/en/blog/how-to-create-jewelry-product-photos-for-a-marketplace,en,exists,How to create jewelry product photos for a marketplace,"Jewelry marketplace photos: white background, lifestyle scenes, stone and metal accuracy, AI mistakes, and a review checklist.",How to create jewelry product photos for a marketplace,/en/blog/how-to-create-jewelry-product-photos-for-a-marketplace,ru/en sitemap,noindex site-wide layout,yes,yes,163,good,complete,/en/use-cases/jewelry-product-photos;/en/platforms/etsy-product-photos;/studio,yes,BlogPosting;FAQPage,
/kk/blog/how-to-create-jewelry-product-photos-for-a-marketplace,kk,404,,,,,n/a,noindex site-wide layout,no,no,0,missing,missing,,no,n/a,Unpublished returns 404
/ky/blog/how-to-create-jewelry-product-photos-for-a-marketplace,ky,404,,,,,n/a,noindex site-wide layout,no,no,0,missing,missing,,no,n/a,Unpublished returns 404
/uz/blog/how-to-create-jewelry-product-photos-for-a-marketplace,uz,404,,,,,n/a,noindex site-wide layout,no,no,0,missing,missing,,no,n/a,Unpublished returns 404
/tg/blog/how-to-create-jewelry-product-photos-for-a-marketplace,tg,404,,,,,n/a,noindex site-wide layout,no,no,0,missing,missing,,no,n/a,Unpublished returns 404
/tr/blog/how-to-create-jewelry-product-photos-for-a-marketplace,tr,404,,,,,n/a,noindex site-wide layout,no,no,0,missing,missing,,no,n/a,Unpublished returns 404
/az/blog/how-to-create-jewelry-product-photos-for-a-marketplace,az,404,,,,,n/a,noindex site-wide layout,no,no,0,missing,missing,,no,n/a,Unpublished returns 404
/ar/blog/how-to-create-jewelry-product-photos-for-a-marketplace,ar,404,,,,,n/a,noindex site-wide layout,no,no,0,missing,missing,,no,n/a,Unpublished returns 404
/es/blog/how-to-create-jewelry-product-photos-for-a-marketplace,es,404,,,,,n/a,noindex site-wide layout,no,no,0,missing,missing,,no,n/a,Unpublished returns 404
/pt/blog/how-to-create-jewelry-product-photos-for-a-marketplace,pt,404,,,,,n/a,noindex site-wide layout,no,no,0,missing,missing,,no,n/a,Unpublished returns 404
/fr/blog/how-to-create-jewelry-product-photos-for-a-marketplace,fr,404,,,,,n/a,noindex site-wide layout,no,no,0,missing,missing,,no,n/a,Unpublished returns 404
/de/blog/how-to-create-jewelry-product-photos-for-a-marketplace,de,404,,,,,n/a,noindex site-wide layout,no,no,0,missing,missing,,no,n/a,Unpublished returns 404
/it/blog/how-to-create-jewelry-product-photos-for-a-marketplace,it,404,,,,,n/a,noindex site-wide layout,no,no,0,missing,missing,,no,n/a,Unpublished returns 404
/pl/blog/how-to-create-jewelry-product-photos-for-a-marketplace,pl,404,,,,,n/a,noindex site-wide layout,no,no,0,missing,missing,,no,n/a,Unpublished returns 404
/uk/blog/how-to-create-jewelry-product-photos-for-a-marketplace,uk,404,,,,,n/a,noindex site-wide layout,no,no,0,missing,missing,,no,n/a,Unpublished returns 404
/hi/blog/how-to-create-jewelry-product-photos-for-a-marketplace,hi,404,,,,,n/a,noindex site-wide layout,no,no,0,missing,missing,,no,n/a,Unpublished returns 404
/id/blog/how-to-create-jewelry-product-photos-for-a-marketplace,id,404,,,,,n/a,noindex site-wide layout,no,no,0,missing,missing,,no,n/a,Unpublished returns 404
/vi/blog/how-to-create-jewelry-product-photos-for-a-marketplace,vi,404,,,,,n/a,noindex site-wide layout,no,no,0,missing,missing,,no,n/a,Unpublished returns 404
/zh/blog/how-to-create-jewelry-product-photos-for-a-marketplace,zh,404,,,,,n/a,noindex site-wide layout,no,no,0,missing,missing,,no,n/a,Unpublished returns 404
/ru/blog/how-to-photograph-earrings-for-a-product-card,ru,404,Как сфотографировать серьги для карточки товара,"Как сфотографировать серьги для карточки товара: практический гид Vitrina AI Studio с чеклистом качества, ограничениями AI и ссылками на связанные use cases.",Как сфотографировать серьги для карточки товара,,n/a,noindex site-wide layout,no,no,0,missing,missing,,no,n/a,Unpublished returns 404
/en/blog/how-to-photograph-earrings-for-a-product-card,en,404,How to photograph earrings for a product card,"How to photograph earrings for a product card: a practical Vitrina AI Studio guide with a quality checklist, AI limitations, and related use cases.",How to photograph earrings for a product card,,n/a,noindex site-wide layout,no,no,0,missing,missing,,no,n/a,Unpublished returns 404
/kk/blog/how-to-photograph-earrings-for-a-product-card,kk,404,,,,,n/a,noindex site-wide layout,no,no,0,missing,missing,,no,n/a,Unpublished returns 404
/ky/blog/how-to-photograph-earrings-for-a-product-card,ky,404,,,,,n/a,noindex site-wide layout,no,no,0,missing,missing,,no,n/a,Unpublished returns 404
/uz/blog/how-to-photograph-earrings-for-a-product-card,uz,404,,,,,n/a,noindex site-wide layout,no,no,0,missing,missing,,no,n/a,Unpublished returns 404
/tg/blog/how-to-photograph-earrings-for-a-product-card,tg,404,,,,,n/a,noindex site-wide layout,no,no,0,missing,missing,,no,n/a,Unpublished returns 404
/tr/blog/how-to-photograph-earrings-for-a-product-card,tr,404,,,,,n/a,noindex site-wide layout,no,no,0,missing,missing,,no,n/a,Unpublished returns 404
/az/blog/how-to-photograph-earrings-for-a-product-card,az,404,,,,,n/a,noindex site-wide layout,no,no,0,missing,missing,,no,n/a,Unpublished returns 404
/ar/blog/how-to-photograph-earrings-for-a-product-card,ar,404,,,,,n/a,noindex site-wide layout,no,no,0,missing,missing,,no,n/a,Unpublished returns 404
/es/blog/how-to-photograph-earrings-for-a-product-card,es,404,,,,,n/a,noindex site-wide layout,no,no,0,missing,missing,,no,n/a,Unpublished returns 404
/pt/blog/how-to-photograph-earrings-for-a-product-card,pt,404,,,,,n/a,noindex site-wide layout,no,no,0,missing,missing,,no,n/a,Unpublished returns 404
/fr/blog/how-to-photograph-earrings-for-a-product-card,fr,404,,,,,n/a,noindex site-wide layout,no,no,0,missing,missing,,no,n/a,Unpublished returns 404
/de/blog/how-to-photograph-earrings-for-a-product-card,de,404,,,,,n/a,noindex site-wide layout,no,no,0,missing,missing,,no,n/a,Unpublished returns 404
/it/blog/how-to-photograph-earrings-for-a-product-card,it,404,,,,,n/a,noindex site-wide layout,no,no,0,missing,missing,,no,n/a,Unpublished returns 404
/pl/blog/how-to-photograph-earrings-for-a-product-card,pl,404,,,,,n/a,noindex site-wide layout,no,no,0,missing,missing,,no,n/a,Unpublished returns 404
/uk/blog/how-to-photograph-earrings-for-a-product-card,uk,404,,,,,n/a,noindex site-wide layout,no,no,0,missing,missing,,no,n/a,Unpublished returns 404
/hi/blog/how-to-photograph-earrings-for-a-product-card,hi,404,,,,,n/a,noindex site-wide layout,no,no,0,missing,missing,,no,n/a,Unpublished returns 404
/id/blog/how-to-photograph-earrings-for-a-product-card,id,404,,,,,n/a,noindex site-wide layout,no,no,0,missing,missing,,no,n/a,Unpublished returns 404
/vi/blog/how-to-photograph-earrings-for-a-product-card,vi,404,,,,,n/a,noindex site-wide layout,no,no,0,missing,missing,,no,n/a,Unpublished returns 404
/zh/blog/how-to-photograph-earrings-for-a-product-card,zh,404,,,,,n/a,noindex site-wide layout,no,no,0,missing,missing,,no,n/a,Unpublished returns 404
/ru/blog/how-to-make-ring-photos-on-a-white-background,ru,404,Как сделать фото кольца на белом фоне,"Как сделать фото кольца на белом фоне: практический гид Vitrina AI Studio с чеклистом качества, ограничениями AI и ссылками на связанные use cases.",Как сделать фото кольца на белом фоне,,n/a,noindex site-wide layout,no,no,0,missing,missing,,no,n/a,Unpublished returns 404
/en/blog/how-to-make-ring-photos-on-a-white-background,en,404,How to make ring photos on a white background,"How to make ring photos on a white background: a practical Vitrina AI Studio guide with a quality checklist, AI limitations, and related use cases.",How to make ring photos on a white background,,n/a,noindex site-wide layout,no,no,0,missing,missing,,no,n/a,Unpublished returns 404
/kk/blog/how-to-make-ring-photos-on-a-white-background,kk,404,,,,,n/a,noindex site-wide layout,no,no,0,missing,missing,,no,n/a,Unpublished returns 404
/ky/blog/how-to-make-ring-photos-on-a-white-background,ky,404,,,,,n/a,noindex site-wide layout,no,no,0,missing,missing,,no,n/a,Unpublished returns 404
/uz/blog/how-to-make-ring-photos-on-a-white-background,uz,404,,,,,n/a,noindex site-wide layout,no,no,0,missing,missing,,no,n/a,Unpublished returns 404
/tg/blog/how-to-make-ring-photos-on-a-white-background,tg,404,,,,,n/a,noindex site-wide layout,no,no,0,missing,missing,,no,n/a,Unpublished returns 404
/tr/blog/how-to-make-ring-photos-on-a-white-background,tr,404,,,,,n/a,noindex site-wide layout,no,no,0,missing,missing,,no,n/a,Unpublished returns 404
/az/blog/how-to-make-ring-photos-on-a-white-background,az,404,,,,,n/a,noindex site-wide layout,no,no,0,missing,missing,,no,n/a,Unpublished returns 404
/ar/blog/how-to-make-ring-photos-on-a-white-background,ar,404,,,,,n/a,noindex site-wide layout,no,no,0,missing,missing,,no,n/a,Unpublished returns 404
/es/blog/how-to-make-ring-photos-on-a-white-background,es,404,,,,,n/a,noindex site-wide layout,no,no,0,missing,missing,,no,n/a,Unpublished returns 404
/pt/blog/how-to-make-ring-photos-on-a-white-background,pt,404,,,,,n/a,noindex site-wide layout,no,no,0,missing,missing,,no,n/a,Unpublished returns 404
/fr/blog/how-to-make-ring-photos-on-a-white-background,fr,404,,,,,n/a,noindex site-wide layout,no,no,0,missing,missing,,no,n/a,Unpublished returns 404
/de/blog/how-to-make-ring-photos-on-a-white-background,de,404,,,,,n/a,noindex site-wide layout,no,no,0,missing,missing,,no,n/a,Unpublished returns 404
/it/blog/how-to-make-ring-photos-on-a-white-background,it,404,,,,,n/a,noindex site-wide layout,no,no,0,missing,missing,,no,n/a,Unpublished returns 404
/pl/blog/how-to-make-ring-photos-on-a-white-background,pl,404,,,,,n/a,noindex site-wide layout,no,no,0,missing,missing,,no,n/a,Unpublished returns 404
/uk/blog/how-to-make-ring-photos-on-a-white-background,uk,404,,,,,n/a,noindex site-wide layout,no,no,0,missing,missing,,no,n/a,Unpublished returns 404
/hi/blog/how-to-make-ring-photos-on-a-white-background,hi,404,,,,,n/a,noindex site-wide layout,no,no,0,missing,missing,,no,n/a,Unpublished returns 404
/id/blog/how-to-make-ring-photos-on-a-white-background,id,404,,,,,n/a,noindex site-wide layout,no,no,0,missing,missing,,no,n/a,Unpublished returns 404
/vi/blog/how-to-make-ring-photos-on-a-white-background,vi,404,,,,,n/a,noindex site-wide layout,no,no,0,missing,missing,,no,n/a,Unpublished returns 404
/zh/blog/how-to-make-ring-photos-on-a-white-background,zh,404,,,,,n/a,noindex site-wide layout,no,no,0,missing,missing,,no,n/a,Unpublished returns 404
/ru/blog/how-to-make-bracelet-photos-for-a-catalog,ru,404,Как сделать фото браслета для каталога,"Как сделать фото браслета для каталога: практический гид Vitrina AI Studio с чеклистом качества, ограничениями AI и ссылками на связанные use cases.",Как сделать фото браслета для каталога,,n/a,noindex site-wide layout,no,no,0,missing,missing,,no,n/a,Unpublished returns 404
/en/blog/how-to-make-bracelet-photos-for-a-catalog,en,404,How to make bracelet photos for a catalog,"How to make bracelet photos for a catalog: a practical Vitrina AI Studio guide with a quality checklist, AI limitations, and related use cases.",How to make bracelet photos for a catalog,,n/a,noindex site-wide layout,no,no,0,missing,missing,,no,n/a,Unpublished returns 404
/kk/blog/how-to-make-bracelet-photos-for-a-catalog,kk,404,,,,,n/a,noindex site-wide layout,no,no,0,missing,missing,,no,n/a,Unpublished returns 404
/ky/blog/how-to-make-bracelet-photos-for-a-catalog,ky,404,,,,,n/a,noindex site-wide layout,no,no,0,missing,missing,,no,n/a,Unpublished returns 404
/uz/blog/how-to-make-bracelet-photos-for-a-catalog,uz,404,,,,,n/a,noindex site-wide layout,no,no,0,missing,missing,,no,n/a,Unpublished returns 404
/tg/blog/how-to-make-bracelet-photos-for-a-catalog,tg,404,,,,,n/a,noindex site-wide layout,no,no,0,missing,missing,,no,n/a,Unpublished returns 404
/tr/blog/how-to-make-bracelet-photos-for-a-catalog,tr,404,,,,,n/a,noindex site-wide layout,no,no,0,missing,missing,,no,n/a,Unpublished returns 404
/az/blog/how-to-make-bracelet-photos-for-a-catalog,az,404,,,,,n/a,noindex site-wide layout,no,no,0,missing,missing,,no,n/a,Unpublished returns 404
/ar/blog/how-to-make-bracelet-photos-for-a-catalog,ar,404,,,,,n/a,noindex site-wide layout,no,no,0,missing,missing,,no,n/a,Unpublished returns 404
/es/blog/how-to-make-bracelet-photos-for-a-catalog,es,404,,,,,n/a,noindex site-wide layout,no,no,0,missing,missing,,no,n/a,Unpublished returns 404
/pt/blog/how-to-make-bracelet-photos-for-a-catalog,pt,404,,,,,n/a,noindex site-wide layout,no,no,0,missing,missing,,no,n/a,Unpublished returns 404
/fr/blog/how-to-make-bracelet-photos-for-a-catalog,fr,404,,,,,n/a,noindex site-wide layout,no,no,0,missing,missing,,no,n/a,Unpublished returns 404
/de/blog/how-to-make-bracelet-photos-for-a-catalog,de,404,,,,,n/a,noindex site-wide layout,no,no,0,missing,missing,,no,n/a,Unpublished returns 404
/it/blog/how-to-make-bracelet-photos-for-a-catalog,it,404,,,,,n/a,noindex site-wide layout,no,no,0,missing,missing,,no,n/a,Unpublished returns 404
/pl/blog/how-to-make-bracelet-photos-for-a-catalog,pl,404,,,,,n/a,noindex site-wide layout,no,no,0,missing,missing,,no,n/a,Unpublished returns 404
/uk/blog/how-to-make-bracelet-photos-for-a-catalog,uk,404,,,,,n/a,noindex site-wide layout,no,no,0,missing,missing,,no,n/a,Unpublished returns 404
/hi/blog/how-to-make-bracelet-photos-for-a-catalog,hi,404,,,,,n/a,noindex site-wide layout,no,no,0,missing,missing,,no,n/a,Unpublished returns 404
/id/blog/how-to-make-bracelet-photos-for-a-catalog,id,404,,,,,n/a,noindex site-wide layout,no,no,0,missing,missing,,no,n/a,Unpublished returns 404
/vi/blog/how-to-make-bracelet-photos-for-a-catalog,vi,404,,,,,n/a,noindex site-wide layout,no,no,0,missing,missing,,no,n/a,Unpublished returns 404
/zh/blog/how-to-make-bracelet-photos-for-a-catalog,zh,404,,,,,n/a,noindex site-wide layout,no,no,0,missing,missing,,no,n/a,Unpublished returns 404
/ru/blog/how-to-remove-distracting-backgrounds-from-accessories,ru,404,Как убрать лишний фон у аксессуаров,"Как убрать лишний фон у аксессуаров: практический гид Vitrina AI Studio с чеклистом качества, ограничениями AI и ссылками на связанные use cases.",Как убрать лишний фон у аксессуаров,,n/a,noindex site-wide layout,no,no,0,missing,missing,,no,n/a,Unpublished returns 404
/en/blog/how-to-remove-distracting-backgrounds-from-accessories,en,404,How to remove distracting backgrounds from accessories,"How to remove distracting backgrounds from accessories: a practical Vitrina AI Studio guide with a quality checklist, AI limitations, and related use cases.",How to remove distracting backgrounds from accessories,,n/a,noindex site-wide layout,no,no,0,missing,missing,,no,n/a,Unpublished returns 404
/kk/blog/how-to-remove-distracting-backgrounds-from-accessories,kk,404,,,,,n/a,noindex site-wide layout,no,no,0,missing,missing,,no,n/a,Unpublished returns 404
/ky/blog/how-to-remove-distracting-backgrounds-from-accessories,ky,404,,,,,n/a,noindex site-wide layout,no,no,0,missing,missing,,no,n/a,Unpublished returns 404
/uz/blog/how-to-remove-distracting-backgrounds-from-accessories,uz,404,,,,,n/a,noindex site-wide layout,no,no,0,missing,missing,,no,n/a,Unpublished returns 404
/tg/blog/how-to-remove-distracting-backgrounds-from-accessories,tg,404,,,,,n/a,noindex site-wide layout,no,no,0,missing,missing,,no,n/a,Unpublished returns 404
/tr/blog/how-to-remove-distracting-backgrounds-from-accessories,tr,404,,,,,n/a,noindex site-wide layout,no,no,0,missing,missing,,no,n/a,Unpublished returns 404
/az/blog/how-to-remove-distracting-backgrounds-from-accessories,az,404,,,,,n/a,noindex site-wide layout,no,no,0,missing,missing,,no,n/a,Unpublished returns 404
/ar/blog/how-to-remove-distracting-backgrounds-from-accessories,ar,404,,,,,n/a,noindex site-wide layout,no,no,0,missing,missing,,no,n/a,Unpublished returns 404
/es/blog/how-to-remove-distracting-backgrounds-from-accessories,es,404,,,,,n/a,noindex site-wide layout,no,no,0,missing,missing,,no,n/a,Unpublished returns 404
/pt/blog/how-to-remove-distracting-backgrounds-from-accessories,pt,404,,,,,n/a,noindex site-wide layout,no,no,0,missing,missing,,no,n/a,Unpublished returns 404
/fr/blog/how-to-remove-distracting-backgrounds-from-accessories,fr,404,,,,,n/a,noindex site-wide layout,no,no,0,missing,missing,,no,n/a,Unpublished returns 404
/de/blog/how-to-remove-distracting-backgrounds-from-accessories,de,404,,,,,n/a,noindex site-wide layout,no,no,0,missing,missing,,no,n/a,Unpublished returns 404
/it/blog/how-to-remove-distracting-backgrounds-from-accessories,it,404,,,,,n/a,noindex site-wide layout,no,no,0,missing,missing,,no,n/a,Unpublished returns 404
/pl/blog/how-to-remove-distracting-backgrounds-from-accessories,pl,404,,,,,n/a,noindex site-wide layout,no,no,0,missing,missing,,no,n/a,Unpublished returns 404
/uk/blog/how-to-remove-distracting-backgrounds-from-accessories,uk,404,,,,,n/a,noindex site-wide layout,no,no,0,missing,missing,,no,n/a,Unpublished returns 404
/hi/blog/how-to-remove-distracting-backgrounds-from-accessories,hi,404,,,,,n/a,noindex site-wide layout,no,no,0,missing,missing,,no,n/a,Unpublished returns 404
/id/blog/how-to-remove-distracting-backgrounds-from-accessories,id,404,,,,,n/a,noindex site-wide layout,no,no,0,missing,missing,,no,n/a,Unpublished returns 404
/vi/blog/how-to-remove-distracting-backgrounds-from-accessories,vi,404,,,,,n/a,noindex site-wide layout,no,no,0,missing,missing,,no,n/a,Unpublished returns 404
/zh/blog/how-to-remove-distracting-backgrounds-from-accessories,zh,404,,,,,n/a,noindex site-wide layout,no,no,0,missing,missing,,no,n/a,Unpublished returns 404
/ru/blog/why-ai-changes-jewelry-and-how-to-control-it,ru,404,Почему AI меняет украшения и как это контролировать,"Почему AI меняет украшения и как это контролировать: практический гид Vitrina AI Studio с чеклистом качества, ограничениями AI и ссылками на связанные use cases.",Почему AI меняет украшения и как это контролировать,,n/a,noindex site-wide layout,no,no,0,missing,missing,,no,n/a,Unpublished returns 404
/en/blog/why-ai-changes-jewelry-and-how-to-control-it,en,404,Why AI changes jewelry and how to control it,"Why AI changes jewelry and how to control it: a practical Vitrina AI Studio guide with a quality checklist, AI limitations, and related use cases.",Why AI changes jewelry and how to control it,,n/a,noindex site-wide layout,no,no,0,missing,missing,,no,n/a,Unpublished returns 404
/kk/blog/why-ai-changes-jewelry-and-how-to-control-it,kk,404,,,,,n/a,noindex site-wide layout,no,no,0,missing,missing,,no,n/a,Unpublished returns 404
/ky/blog/why-ai-changes-jewelry-and-how-to-control-it,ky,404,,,,,n/a,noindex site-wide layout,no,no,0,missing,missing,,no,n/a,Unpublished returns 404
/uz/blog/why-ai-changes-jewelry-and-how-to-control-it,uz,404,,,,,n/a,noindex site-wide layout,no,no,0,missing,missing,,no,n/a,Unpublished returns 404
/tg/blog/why-ai-changes-jewelry-and-how-to-control-it,tg,404,,,,,n/a,noindex site-wide layout,no,no,0,missing,missing,,no,n/a,Unpublished returns 404
/tr/blog/why-ai-changes-jewelry-and-how-to-control-it,tr,404,,,,,n/a,noindex site-wide layout,no,no,0,missing,missing,,no,n/a,Unpublished returns 404
/az/blog/why-ai-changes-jewelry-and-how-to-control-it,az,404,,,,,n/a,noindex site-wide layout,no,no,0,missing,missing,,no,n/a,Unpublished returns 404
/ar/blog/why-ai-changes-jewelry-and-how-to-control-it,ar,404,,,,,n/a,noindex site-wide layout,no,no,0,missing,missing,,no,n/a,Unpublished returns 404
/es/blog/why-ai-changes-jewelry-and-how-to-control-it,es,404,,,,,n/a,noindex site-wide layout,no,no,0,missing,missing,,no,n/a,Unpublished returns 404
/pt/blog/why-ai-changes-jewelry-and-how-to-control-it,pt,404,,,,,n/a,noindex site-wide layout,no,no,0,missing,missing,,no,n/a,Unpublished returns 404
/fr/blog/why-ai-changes-jewelry-and-how-to-control-it,fr,404,,,,,n/a,noindex site-wide layout,no,no,0,missing,missing,,no,n/a,Unpublished returns 404
/de/blog/why-ai-changes-jewelry-and-how-to-control-it,de,404,,,,,n/a,noindex site-wide layout,no,no,0,missing,missing,,no,n/a,Unpublished returns 404
/it/blog/why-ai-changes-jewelry-and-how-to-control-it,it,404,,,,,n/a,noindex site-wide layout,no,no,0,missing,missing,,no,n/a,Unpublished returns 404
/pl/blog/why-ai-changes-jewelry-and-how-to-control-it,pl,404,,,,,n/a,noindex site-wide layout,no,no,0,missing,missing,,no,n/a,Unpublished returns 404
/uk/blog/why-ai-changes-jewelry-and-how-to-control-it,uk,404,,,,,n/a,noindex site-wide layout,no,no,0,missing,missing,,no,n/a,Unpublished returns 404
/hi/blog/why-ai-changes-jewelry-and-how-to-control-it,hi,404,,,,,n/a,noindex site-wide layout,no,no,0,missing,missing,,no,n/a,Unpublished returns 404
/id/blog/why-ai-changes-jewelry-and-how-to-control-it,id,404,,,,,n/a,noindex site-wide layout,no,no,0,missing,missing,,no,n/a,Unpublished returns 404
/vi/blog/why-ai-changes-jewelry-and-how-to-control-it,vi,404,,,,,n/a,noindex site-wide layout,no,no,0,missing,missing,,no,n/a,Unpublished returns 404
/zh/blog/why-ai-changes-jewelry-and-how-to-control-it,zh,404,,,,,n/a,noindex site-wide layout,no,no,0,missing,missing,,no,n/a,Unpublished returns 404
/ru/blog/how-to-make-an-exact-product-card-for-jewelry,ru,404,Как сделать точную карточку товара для бижутерии,"Как сделать точную карточку товара для бижутерии: практический гид Vitrina AI Studio с чеклистом качества, ограничениями AI и ссылками на связанные use cases.",Как сделать точную карточку товара для бижутерии,,n/a,noindex site-wide layout,no,no,0,missing,missing,,no,n/a,Unpublished returns 404
/en/blog/how-to-make-an-exact-product-card-for-jewelry,en,404,How to make an exact product card for jewelry,"How to make an exact product card for jewelry: a practical Vitrina AI Studio guide with a quality checklist, AI limitations, and related use cases.",How to make an exact product card for jewelry,,n/a,noindex site-wide layout,no,no,0,missing,missing,,no,n/a,Unpublished returns 404
/kk/blog/how-to-make-an-exact-product-card-for-jewelry,kk,404,,,,,n/a,noindex site-wide layout,no,no,0,missing,missing,,no,n/a,Unpublished returns 404
/ky/blog/how-to-make-an-exact-product-card-for-jewelry,ky,404,,,,,n/a,noindex site-wide layout,no,no,0,missing,missing,,no,n/a,Unpublished returns 404
/uz/blog/how-to-make-an-exact-product-card-for-jewelry,uz,404,,,,,n/a,noindex site-wide layout,no,no,0,missing,missing,,no,n/a,Unpublished returns 404
/tg/blog/how-to-make-an-exact-product-card-for-jewelry,tg,404,,,,,n/a,noindex site-wide layout,no,no,0,missing,missing,,no,n/a,Unpublished returns 404
/tr/blog/how-to-make-an-exact-product-card-for-jewelry,tr,404,,,,,n/a,noindex site-wide layout,no,no,0,missing,missing,,no,n/a,Unpublished returns 404
/az/blog/how-to-make-an-exact-product-card-for-jewelry,az,404,,,,,n/a,noindex site-wide layout,no,no,0,missing,missing,,no,n/a,Unpublished returns 404
/ar/blog/how-to-make-an-exact-product-card-for-jewelry,ar,404,,,,,n/a,noindex site-wide layout,no,no,0,missing,missing,,no,n/a,Unpublished returns 404
/es/blog/how-to-make-an-exact-product-card-for-jewelry,es,404,,,,,n/a,noindex site-wide layout,no,no,0,missing,missing,,no,n/a,Unpublished returns 404
/pt/blog/how-to-make-an-exact-product-card-for-jewelry,pt,404,,,,,n/a,noindex site-wide layout,no,no,0,missing,missing,,no,n/a,Unpublished returns 404
/fr/blog/how-to-make-an-exact-product-card-for-jewelry,fr,404,,,,,n/a,noindex site-wide layout,no,no,0,missing,missing,,no,n/a,Unpublished returns 404
/de/blog/how-to-make-an-exact-product-card-for-jewelry,de,404,,,,,n/a,noindex site-wide layout,no,no,0,missing,missing,,no,n/a,Unpublished returns 404
/it/blog/how-to-make-an-exact-product-card-for-jewelry,it,404,,,,,n/a,noindex site-wide layout,no,no,0,missing,missing,,no,n/a,Unpublished returns 404
/pl/blog/how-to-make-an-exact-product-card-for-jewelry,pl,404,,,,,n/a,noindex site-wide layout,no,no,0,missing,missing,,no,n/a,Unpublished returns 404
/uk/blog/how-to-make-an-exact-product-card-for-jewelry,uk,404,,,,,n/a,noindex site-wide layout,no,no,0,missing,missing,,no,n/a,Unpublished returns 404
/hi/blog/how-to-make-an-exact-product-card-for-jewelry,hi,404,,,,,n/a,noindex site-wide layout,no,no,0,missing,missing,,no,n/a,Unpublished returns 404
/id/blog/how-to-make-an-exact-product-card-for-jewelry,id,404,,,,,n/a,noindex site-wide layout,no,no,0,missing,missing,,no,n/a,Unpublished returns 404
/vi/blog/how-to-make-an-exact-product-card-for-jewelry,vi,404,,,,,n/a,noindex site-wide layout,no,no,0,missing,missing,,no,n/a,Unpublished returns 404
/zh/blog/how-to-make-an-exact-product-card-for-jewelry,zh,404,,,,,n/a,noindex site-wide layout,no,no,0,missing,missing,,no,n/a,Unpublished returns 404
/ru/blog/how-to-create-lifestyle-jewelry-photos,ru,404,Как сделать lifestyle-фото украшений,"Как сделать lifestyle-фото украшений: практический гид Vitrina AI Studio с чеклистом качества, ограничениями AI и ссылками на связанные use cases.",Как сделать lifestyle-фото украшений,,n/a,noindex site-wide layout,no,no,0,missing,missing,,no,n/a,Unpublished returns 404
/en/blog/how-to-create-lifestyle-jewelry-photos,en,404,How to create lifestyle jewelry photos,"How to create lifestyle jewelry photos: a practical Vitrina AI Studio guide with a quality checklist, AI limitations, and related use cases.",How to create lifestyle jewelry photos,,n/a,noindex site-wide layout,no,no,0,missing,missing,,no,n/a,Unpublished returns 404
/kk/blog/how-to-create-lifestyle-jewelry-photos,kk,404,,,,,n/a,noindex site-wide layout,no,no,0,missing,missing,,no,n/a,Unpublished returns 404
/ky/blog/how-to-create-lifestyle-jewelry-photos,ky,404,,,,,n/a,noindex site-wide layout,no,no,0,missing,missing,,no,n/a,Unpublished returns 404
/uz/blog/how-to-create-lifestyle-jewelry-photos,uz,404,,,,,n/a,noindex site-wide layout,no,no,0,missing,missing,,no,n/a,Unpublished returns 404
/tg/blog/how-to-create-lifestyle-jewelry-photos,tg,404,,,,,n/a,noindex site-wide layout,no,no,0,missing,missing,,no,n/a,Unpublished returns 404
/tr/blog/how-to-create-lifestyle-jewelry-photos,tr,404,,,,,n/a,noindex site-wide layout,no,no,0,missing,missing,,no,n/a,Unpublished returns 404
/az/blog/how-to-create-lifestyle-jewelry-photos,az,404,,,,,n/a,noindex site-wide layout,no,no,0,missing,missing,,no,n/a,Unpublished returns 404
/ar/blog/how-to-create-lifestyle-jewelry-photos,ar,404,,,,,n/a,noindex site-wide layout,no,no,0,missing,missing,,no,n/a,Unpublished returns 404
/es/blog/how-to-create-lifestyle-jewelry-photos,es,404,,,,,n/a,noindex site-wide layout,no,no,0,missing,missing,,no,n/a,Unpublished returns 404
/pt/blog/how-to-create-lifestyle-jewelry-photos,pt,404,,,,,n/a,noindex site-wide layout,no,no,0,missing,missing,,no,n/a,Unpublished returns 404
/fr/blog/how-to-create-lifestyle-jewelry-photos,fr,404,,,,,n/a,noindex site-wide layout,no,no,0,missing,missing,,no,n/a,Unpublished returns 404
/de/blog/how-to-create-lifestyle-jewelry-photos,de,404,,,,,n/a,noindex site-wide layout,no,no,0,missing,missing,,no,n/a,Unpublished returns 404
/it/blog/how-to-create-lifestyle-jewelry-photos,it,404,,,,,n/a,noindex site-wide layout,no,no,0,missing,missing,,no,n/a,Unpublished returns 404
/pl/blog/how-to-create-lifestyle-jewelry-photos,pl,404,,,,,n/a,noindex site-wide layout,no,no,0,missing,missing,,no,n/a,Unpublished returns 404
/uk/blog/how-to-create-lifestyle-jewelry-photos,uk,404,,,,,n/a,noindex site-wide layout,no,no,0,missing,missing,,no,n/a,Unpublished returns 404
/hi/blog/how-to-create-lifestyle-jewelry-photos,hi,404,,,,,n/a,noindex site-wide layout,no,no,0,missing,missing,,no,n/a,Unpublished returns 404
/id/blog/how-to-create-lifestyle-jewelry-photos,id,404,,,,,n/a,noindex site-wide layout,no,no,0,missing,missing,,no,n/a,Unpublished returns 404
/vi/blog/how-to-create-lifestyle-jewelry-photos,vi,404,,,,,n/a,noindex site-wide layout,no,no,0,missing,missing,,no,n/a,Unpublished returns 404
/zh/blog/how-to-create-lifestyle-jewelry-photos,zh,404,,,,,n/a,noindex site-wide layout,no,no,0,missing,missing,,no,n/a,Unpublished returns 404
/ru/blog/how-to-prepare-bag-photos-for-a-marketplace,ru,404,Как подготовить фото сумки для маркетплейса,"Как подготовить фото сумки для маркетплейса: практический гид Vitrina AI Studio с чеклистом качества, ограничениями AI и ссылками на связанные use cases.",Как подготовить фото сумки для маркетплейса,,n/a,noindex site-wide layout,no,no,0,missing,missing,,no,n/a,Unpublished returns 404
/en/blog/how-to-prepare-bag-photos-for-a-marketplace,en,404,How to prepare bag photos for a marketplace,"How to prepare bag photos for a marketplace: a practical Vitrina AI Studio guide with a quality checklist, AI limitations, and related use cases.",How to prepare bag photos for a marketplace,,n/a,noindex site-wide layout,no,no,0,missing,missing,,no,n/a,Unpublished returns 404
/kk/blog/how-to-prepare-bag-photos-for-a-marketplace,kk,404,,,,,n/a,noindex site-wide layout,no,no,0,missing,missing,,no,n/a,Unpublished returns 404
/ky/blog/how-to-prepare-bag-photos-for-a-marketplace,ky,404,,,,,n/a,noindex site-wide layout,no,no,0,missing,missing,,no,n/a,Unpublished returns 404
/uz/blog/how-to-prepare-bag-photos-for-a-marketplace,uz,404,,,,,n/a,noindex site-wide layout,no,no,0,missing,missing,,no,n/a,Unpublished returns 404
/tg/blog/how-to-prepare-bag-photos-for-a-marketplace,tg,404,,,,,n/a,noindex site-wide layout,no,no,0,missing,missing,,no,n/a,Unpublished returns 404
/tr/blog/how-to-prepare-bag-photos-for-a-marketplace,tr,404,,,,,n/a,noindex site-wide layout,no,no,0,missing,missing,,no,n/a,Unpublished returns 404
/az/blog/how-to-prepare-bag-photos-for-a-marketplace,az,404,,,,,n/a,noindex site-wide layout,no,no,0,missing,missing,,no,n/a,Unpublished returns 404
/ar/blog/how-to-prepare-bag-photos-for-a-marketplace,ar,404,,,,,n/a,noindex site-wide layout,no,no,0,missing,missing,,no,n/a,Unpublished returns 404
/es/blog/how-to-prepare-bag-photos-for-a-marketplace,es,404,,,,,n/a,noindex site-wide layout,no,no,0,missing,missing,,no,n/a,Unpublished returns 404
/pt/blog/how-to-prepare-bag-photos-for-a-marketplace,pt,404,,,,,n/a,noindex site-wide layout,no,no,0,missing,missing,,no,n/a,Unpublished returns 404
/fr/blog/how-to-prepare-bag-photos-for-a-marketplace,fr,404,,,,,n/a,noindex site-wide layout,no,no,0,missing,missing,,no,n/a,Unpublished returns 404
/de/blog/how-to-prepare-bag-photos-for-a-marketplace,de,404,,,,,n/a,noindex site-wide layout,no,no,0,missing,missing,,no,n/a,Unpublished returns 404
/it/blog/how-to-prepare-bag-photos-for-a-marketplace,it,404,,,,,n/a,noindex site-wide layout,no,no,0,missing,missing,,no,n/a,Unpublished returns 404
/pl/blog/how-to-prepare-bag-photos-for-a-marketplace,pl,404,,,,,n/a,noindex site-wide layout,no,no,0,missing,missing,,no,n/a,Unpublished returns 404
/uk/blog/how-to-prepare-bag-photos-for-a-marketplace,uk,404,,,,,n/a,noindex site-wide layout,no,no,0,missing,missing,,no,n/a,Unpublished returns 404
/hi/blog/how-to-prepare-bag-photos-for-a-marketplace,hi,404,,,,,n/a,noindex site-wide layout,no,no,0,missing,missing,,no,n/a,Unpublished returns 404
/id/blog/how-to-prepare-bag-photos-for-a-marketplace,id,404,,,,,n/a,noindex site-wide layout,no,no,0,missing,missing,,no,n/a,Unpublished returns 404
/vi/blog/how-to-prepare-bag-photos-for-a-marketplace,vi,404,,,,,n/a,noindex site-wide layout,no,no,0,missing,missing,,no,n/a,Unpublished returns 404
/zh/blog/how-to-prepare-bag-photos-for-a-marketplace,zh,404,,,,,n/a,noindex site-wide layout,no,no,0,missing,missing,,no,n/a,Unpublished returns 404
/ru/blog/how-to-create-shoe-photos-for-a-product-card,ru,404,Как сделать фото обуви для карточки товара,"Как сделать фото обуви для карточки товара: практический гид Vitrina AI Studio с чеклистом качества, ограничениями AI и ссылками на связанные use cases.",Как сделать фото обуви для карточки товара,,n/a,noindex site-wide layout,no,no,0,missing,missing,,no,n/a,Unpublished returns 404
/en/blog/how-to-create-shoe-photos-for-a-product-card,en,404,How to create shoe photos for a product card,"How to create shoe photos for a product card: a practical Vitrina AI Studio guide with a quality checklist, AI limitations, and related use cases.",How to create shoe photos for a product card,,n/a,noindex site-wide layout,no,no,0,missing,missing,,no,n/a,Unpublished returns 404
/kk/blog/how-to-create-shoe-photos-for-a-product-card,kk,404,,,,,n/a,noindex site-wide layout,no,no,0,missing,missing,,no,n/a,Unpublished returns 404
/ky/blog/how-to-create-shoe-photos-for-a-product-card,ky,404,,,,,n/a,noindex site-wide layout,no,no,0,missing,missing,,no,n/a,Unpublished returns 404
/uz/blog/how-to-create-shoe-photos-for-a-product-card,uz,404,,,,,n/a,noindex site-wide layout,no,no,0,missing,missing,,no,n/a,Unpublished returns 404
/tg/blog/how-to-create-shoe-photos-for-a-product-card,tg,404,,,,,n/a,noindex site-wide layout,no,no,0,missing,missing,,no,n/a,Unpublished returns 404
/tr/blog/how-to-create-shoe-photos-for-a-product-card,tr,404,,,,,n/a,noindex site-wide layout,no,no,0,missing,missing,,no,n/a,Unpublished returns 404
/az/blog/how-to-create-shoe-photos-for-a-product-card,az,404,,,,,n/a,noindex site-wide layout,no,no,0,missing,missing,,no,n/a,Unpublished returns 404
/ar/blog/how-to-create-shoe-photos-for-a-product-card,ar,404,,,,,n/a,noindex site-wide layout,no,no,0,missing,missing,,no,n/a,Unpublished returns 404
/es/blog/how-to-create-shoe-photos-for-a-product-card,es,404,,,,,n/a,noindex site-wide layout,no,no,0,missing,missing,,no,n/a,Unpublished returns 404
/pt/blog/how-to-create-shoe-photos-for-a-product-card,pt,404,,,,,n/a,noindex site-wide layout,no,no,0,missing,missing,,no,n/a,Unpublished returns 404
/fr/blog/how-to-create-shoe-photos-for-a-product-card,fr,404,,,,,n/a,noindex site-wide layout,no,no,0,missing,missing,,no,n/a,Unpublished returns 404
/de/blog/how-to-create-shoe-photos-for-a-product-card,de,404,,,,,n/a,noindex site-wide layout,no,no,0,missing,missing,,no,n/a,Unpublished returns 404
/it/blog/how-to-create-shoe-photos-for-a-product-card,it,404,,,,,n/a,noindex site-wide layout,no,no,0,missing,missing,,no,n/a,Unpublished returns 404
/pl/blog/how-to-create-shoe-photos-for-a-product-card,pl,404,,,,,n/a,noindex site-wide layout,no,no,0,missing,missing,,no,n/a,Unpublished returns 404
/uk/blog/how-to-create-shoe-photos-for-a-product-card,uk,404,,,,,n/a,noindex site-wide layout,no,no,0,missing,missing,,no,n/a,Unpublished returns 404
/hi/blog/how-to-create-shoe-photos-for-a-product-card,hi,404,,,,,n/a,noindex site-wide layout,no,no,0,missing,missing,,no,n/a,Unpublished returns 404
/id/blog/how-to-create-shoe-photos-for-a-product-card,id,404,,,,,n/a,noindex site-wide layout,no,no,0,missing,missing,,no,n/a,Unpublished returns 404
/vi/blog/how-to-create-shoe-photos-for-a-product-card,vi,404,,,,,n/a,noindex site-wide layout,no,no,0,missing,missing,,no,n/a,Unpublished returns 404
/zh/blog/how-to-create-shoe-photos-for-a-product-card,zh,404,,,,,n/a,noindex site-wide layout,no,no,0,missing,missing,,no,n/a,Unpublished returns 404
/ru/blog/foto-tovarov-dlya-kaspi,ru,exists,Фото товара для Kaspi: как подготовить карточку без обещаний модерации,"Как подготовить фото товара для Kaspi: чистый фон, точная карточка, проверка AI-результата, ограничения и disclaimer независимого инструмента.",Фото товара для Kaspi: как подготовить карточку без обещаний модерации,/ru/blog/foto-tovarov-dlya-kaspi,ru/en sitemap,noindex site-wide layout,yes,yes,143,good,complete,/ru/platforms/kaspi-foto-tovarov;/ru/use-cases/tochnaya-tovarnaya-kartochka;/studio,yes,BlogPosting;FAQPage,
/en/blog/product-photos-for-kaspi,en,exists,Product photos for Kaspi: preparing a card without moderation promises,"How to prepare product photos for Kaspi: clean background, exact product card, AI review, limitations, and independent-tool disclaimer.",Product photos for Kaspi: preparing a card without moderation promises,/en/blog/product-photos-for-kaspi,ru/en sitemap,noindex site-wide layout,yes,yes,158,good,complete,/en/platforms/kaspi-product-photos;/en/use-cases/exact-product-card;/studio,yes,BlogPosting;FAQPage,
/kk/blog/product-photos-for-kaspi,kk,404,,,,,n/a,noindex site-wide layout,no,no,0,missing,missing,,no,n/a,Unpublished returns 404
/ky/blog/product-photos-for-kaspi,ky,404,,,,,n/a,noindex site-wide layout,no,no,0,missing,missing,,no,n/a,Unpublished returns 404
/uz/blog/product-photos-for-kaspi,uz,404,,,,,n/a,noindex site-wide layout,no,no,0,missing,missing,,no,n/a,Unpublished returns 404
/tg/blog/product-photos-for-kaspi,tg,404,,,,,n/a,noindex site-wide layout,no,no,0,missing,missing,,no,n/a,Unpublished returns 404
/tr/blog/product-photos-for-kaspi,tr,404,,,,,n/a,noindex site-wide layout,no,no,0,missing,missing,,no,n/a,Unpublished returns 404
/az/blog/product-photos-for-kaspi,az,404,,,,,n/a,noindex site-wide layout,no,no,0,missing,missing,,no,n/a,Unpublished returns 404
/ar/blog/product-photos-for-kaspi,ar,404,,,,,n/a,noindex site-wide layout,no,no,0,missing,missing,,no,n/a,Unpublished returns 404
/es/blog/product-photos-for-kaspi,es,404,,,,,n/a,noindex site-wide layout,no,no,0,missing,missing,,no,n/a,Unpublished returns 404
/pt/blog/product-photos-for-kaspi,pt,404,,,,,n/a,noindex site-wide layout,no,no,0,missing,missing,,no,n/a,Unpublished returns 404
/fr/blog/product-photos-for-kaspi,fr,404,,,,,n/a,noindex site-wide layout,no,no,0,missing,missing,,no,n/a,Unpublished returns 404
/de/blog/product-photos-for-kaspi,de,404,,,,,n/a,noindex site-wide layout,no,no,0,missing,missing,,no,n/a,Unpublished returns 404
/it/blog/product-photos-for-kaspi,it,404,,,,,n/a,noindex site-wide layout,no,no,0,missing,missing,,no,n/a,Unpublished returns 404
/pl/blog/product-photos-for-kaspi,pl,404,,,,,n/a,noindex site-wide layout,no,no,0,missing,missing,,no,n/a,Unpublished returns 404
/uk/blog/product-photos-for-kaspi,uk,404,,,,,n/a,noindex site-wide layout,no,no,0,missing,missing,,no,n/a,Unpublished returns 404
/hi/blog/product-photos-for-kaspi,hi,404,,,,,n/a,noindex site-wide layout,no,no,0,missing,missing,,no,n/a,Unpublished returns 404
/id/blog/product-photos-for-kaspi,id,404,,,,,n/a,noindex site-wide layout,no,no,0,missing,missing,,no,n/a,Unpublished returns 404
/vi/blog/product-photos-for-kaspi,vi,404,,,,,n/a,noindex site-wide layout,no,no,0,missing,missing,,no,n/a,Unpublished returns 404
/zh/blog/product-photos-for-kaspi,zh,404,,,,,n/a,noindex site-wide layout,no,no,0,missing,missing,,no,n/a,Unpublished returns 404
/ru/blog/product-photos-for-wildberries,ru,404,Фото товаров для Wildberries,"Фото товаров для Wildberries: практический гид Vitrina AI Studio с чеклистом качества, ограничениями AI и ссылками на связанные use cases.",Фото товаров для Wildberries,,n/a,noindex site-wide layout,no,no,0,missing,missing,,no,n/a,Unpublished returns 404
/en/blog/product-photos-for-wildberries,en,404,Product photos for Wildberries,"Product photos for Wildberries: a practical Vitrina AI Studio guide with a quality checklist, AI limitations, and related use cases.",Product photos for Wildberries,,n/a,noindex site-wide layout,no,no,0,missing,missing,,no,n/a,Unpublished returns 404
/kk/blog/product-photos-for-wildberries,kk,404,,,,,n/a,noindex site-wide layout,no,no,0,missing,missing,,no,n/a,Unpublished returns 404
/ky/blog/product-photos-for-wildberries,ky,404,,,,,n/a,noindex site-wide layout,no,no,0,missing,missing,,no,n/a,Unpublished returns 404
/uz/blog/product-photos-for-wildberries,uz,404,,,,,n/a,noindex site-wide layout,no,no,0,missing,missing,,no,n/a,Unpublished returns 404
/tg/blog/product-photos-for-wildberries,tg,404,,,,,n/a,noindex site-wide layout,no,no,0,missing,missing,,no,n/a,Unpublished returns 404
/tr/blog/product-photos-for-wildberries,tr,404,,,,,n/a,noindex site-wide layout,no,no,0,missing,missing,,no,n/a,Unpublished returns 404
/az/blog/product-photos-for-wildberries,az,404,,,,,n/a,noindex site-wide layout,no,no,0,missing,missing,,no,n/a,Unpublished returns 404
/ar/blog/product-photos-for-wildberries,ar,404,,,,,n/a,noindex site-wide layout,no,no,0,missing,missing,,no,n/a,Unpublished returns 404
/es/blog/product-photos-for-wildberries,es,404,,,,,n/a,noindex site-wide layout,no,no,0,missing,missing,,no,n/a,Unpublished returns 404
/pt/blog/product-photos-for-wildberries,pt,404,,,,,n/a,noindex site-wide layout,no,no,0,missing,missing,,no,n/a,Unpublished returns 404
/fr/blog/product-photos-for-wildberries,fr,404,,,,,n/a,noindex site-wide layout,no,no,0,missing,missing,,no,n/a,Unpublished returns 404
/de/blog/product-photos-for-wildberries,de,404,,,,,n/a,noindex site-wide layout,no,no,0,missing,missing,,no,n/a,Unpublished returns 404
/it/blog/product-photos-for-wildberries,it,404,,,,,n/a,noindex site-wide layout,no,no,0,missing,missing,,no,n/a,Unpublished returns 404
/pl/blog/product-photos-for-wildberries,pl,404,,,,,n/a,noindex site-wide layout,no,no,0,missing,missing,,no,n/a,Unpublished returns 404
/uk/blog/product-photos-for-wildberries,uk,404,,,,,n/a,noindex site-wide layout,no,no,0,missing,missing,,no,n/a,Unpublished returns 404
/hi/blog/product-photos-for-wildberries,hi,404,,,,,n/a,noindex site-wide layout,no,no,0,missing,missing,,no,n/a,Unpublished returns 404
/id/blog/product-photos-for-wildberries,id,404,,,,,n/a,noindex site-wide layout,no,no,0,missing,missing,,no,n/a,Unpublished returns 404
/vi/blog/product-photos-for-wildberries,vi,404,,,,,n/a,noindex site-wide layout,no,no,0,missing,missing,,no,n/a,Unpublished returns 404
/zh/blog/product-photos-for-wildberries,zh,404,,,,,n/a,noindex site-wide layout,no,no,0,missing,missing,,no,n/a,Unpublished returns 404
/ru/blog/product-photos-for-ozon,ru,404,Фото товаров для Ozon,"Фото товаров для Ozon: практический гид Vitrina AI Studio с чеклистом качества, ограничениями AI и ссылками на связанные use cases.",Фото товаров для Ozon,,n/a,noindex site-wide layout,no,no,0,missing,missing,,no,n/a,Unpublished returns 404
/en/blog/product-photos-for-ozon,en,404,Product photos for Ozon,"Product photos for Ozon: a practical Vitrina AI Studio guide with a quality checklist, AI limitations, and related use cases.",Product photos for Ozon,,n/a,noindex site-wide layout,no,no,0,missing,missing,,no,n/a,Unpublished returns 404
/kk/blog/product-photos-for-ozon,kk,404,,,,,n/a,noindex site-wide layout,no,no,0,missing,missing,,no,n/a,Unpublished returns 404
/ky/blog/product-photos-for-ozon,ky,404,,,,,n/a,noindex site-wide layout,no,no,0,missing,missing,,no,n/a,Unpublished returns 404
/uz/blog/product-photos-for-ozon,uz,404,,,,,n/a,noindex site-wide layout,no,no,0,missing,missing,,no,n/a,Unpublished returns 404
/tg/blog/product-photos-for-ozon,tg,404,,,,,n/a,noindex site-wide layout,no,no,0,missing,missing,,no,n/a,Unpublished returns 404
/tr/blog/product-photos-for-ozon,tr,404,,,,,n/a,noindex site-wide layout,no,no,0,missing,missing,,no,n/a,Unpublished returns 404
/az/blog/product-photos-for-ozon,az,404,,,,,n/a,noindex site-wide layout,no,no,0,missing,missing,,no,n/a,Unpublished returns 404
/ar/blog/product-photos-for-ozon,ar,404,,,,,n/a,noindex site-wide layout,no,no,0,missing,missing,,no,n/a,Unpublished returns 404
/es/blog/product-photos-for-ozon,es,404,,,,,n/a,noindex site-wide layout,no,no,0,missing,missing,,no,n/a,Unpublished returns 404
/pt/blog/product-photos-for-ozon,pt,404,,,,,n/a,noindex site-wide layout,no,no,0,missing,missing,,no,n/a,Unpublished returns 404
/fr/blog/product-photos-for-ozon,fr,404,,,,,n/a,noindex site-wide layout,no,no,0,missing,missing,,no,n/a,Unpublished returns 404
/de/blog/product-photos-for-ozon,de,404,,,,,n/a,noindex site-wide layout,no,no,0,missing,missing,,no,n/a,Unpublished returns 404
/it/blog/product-photos-for-ozon,it,404,,,,,n/a,noindex site-wide layout,no,no,0,missing,missing,,no,n/a,Unpublished returns 404
/pl/blog/product-photos-for-ozon,pl,404,,,,,n/a,noindex site-wide layout,no,no,0,missing,missing,,no,n/a,Unpublished returns 404
/uk/blog/product-photos-for-ozon,uk,404,,,,,n/a,noindex site-wide layout,no,no,0,missing,missing,,no,n/a,Unpublished returns 404
/hi/blog/product-photos-for-ozon,hi,404,,,,,n/a,noindex site-wide layout,no,no,0,missing,missing,,no,n/a,Unpublished returns 404
/id/blog/product-photos-for-ozon,id,404,,,,,n/a,noindex site-wide layout,no,no,0,missing,missing,,no,n/a,Unpublished returns 404
/vi/blog/product-photos-for-ozon,vi,404,,,,,n/a,noindex site-wide layout,no,no,0,missing,missing,,no,n/a,Unpublished returns 404
/zh/blog/product-photos-for-ozon,zh,404,,,,,n/a,noindex site-wide layout,no,no,0,missing,missing,,no,n/a,Unpublished returns 404
/ru/blog/product-photos-for-ebay,ru,404,Фото товаров для eBay,"Фото товаров для eBay: практический гид Vitrina AI Studio с чеклистом качества, ограничениями AI и ссылками на связанные use cases.",Фото товаров для eBay,,n/a,noindex site-wide layout,no,no,0,missing,missing,,no,n/a,Unpublished returns 404
/en/blog/product-photos-for-ebay,en,404,Product photos for eBay,"Product photos for eBay: a practical Vitrina AI Studio guide with a quality checklist, AI limitations, and related use cases.",Product photos for eBay,,n/a,noindex site-wide layout,no,no,0,missing,missing,,no,n/a,Unpublished returns 404
/kk/blog/product-photos-for-ebay,kk,404,,,,,n/a,noindex site-wide layout,no,no,0,missing,missing,,no,n/a,Unpublished returns 404
/ky/blog/product-photos-for-ebay,ky,404,,,,,n/a,noindex site-wide layout,no,no,0,missing,missing,,no,n/a,Unpublished returns 404
/uz/blog/product-photos-for-ebay,uz,404,,,,,n/a,noindex site-wide layout,no,no,0,missing,missing,,no,n/a,Unpublished returns 404
/tg/blog/product-photos-for-ebay,tg,404,,,,,n/a,noindex site-wide layout,no,no,0,missing,missing,,no,n/a,Unpublished returns 404
/tr/blog/product-photos-for-ebay,tr,404,,,,,n/a,noindex site-wide layout,no,no,0,missing,missing,,no,n/a,Unpublished returns 404
/az/blog/product-photos-for-ebay,az,404,,,,,n/a,noindex site-wide layout,no,no,0,missing,missing,,no,n/a,Unpublished returns 404
/ar/blog/product-photos-for-ebay,ar,404,,,,,n/a,noindex site-wide layout,no,no,0,missing,missing,,no,n/a,Unpublished returns 404
/es/blog/product-photos-for-ebay,es,404,,,,,n/a,noindex site-wide layout,no,no,0,missing,missing,,no,n/a,Unpublished returns 404
/pt/blog/product-photos-for-ebay,pt,404,,,,,n/a,noindex site-wide layout,no,no,0,missing,missing,,no,n/a,Unpublished returns 404
/fr/blog/product-photos-for-ebay,fr,404,,,,,n/a,noindex site-wide layout,no,no,0,missing,missing,,no,n/a,Unpublished returns 404
/de/blog/product-photos-for-ebay,de,404,,,,,n/a,noindex site-wide layout,no,no,0,missing,missing,,no,n/a,Unpublished returns 404
/it/blog/product-photos-for-ebay,it,404,,,,,n/a,noindex site-wide layout,no,no,0,missing,missing,,no,n/a,Unpublished returns 404
/pl/blog/product-photos-for-ebay,pl,404,,,,,n/a,noindex site-wide layout,no,no,0,missing,missing,,no,n/a,Unpublished returns 404
/uk/blog/product-photos-for-ebay,uk,404,,,,,n/a,noindex site-wide layout,no,no,0,missing,missing,,no,n/a,Unpublished returns 404
/hi/blog/product-photos-for-ebay,hi,404,,,,,n/a,noindex site-wide layout,no,no,0,missing,missing,,no,n/a,Unpublished returns 404
/id/blog/product-photos-for-ebay,id,404,,,,,n/a,noindex site-wide layout,no,no,0,missing,missing,,no,n/a,Unpublished returns 404
/vi/blog/product-photos-for-ebay,vi,404,,,,,n/a,noindex site-wide layout,no,no,0,missing,missing,,no,n/a,Unpublished returns 404
/zh/blog/product-photos-for-ebay,zh,404,,,,,n/a,noindex site-wide layout,no,no,0,missing,missing,,no,n/a,Unpublished returns 404
/ru/blog/product-photos-for-amazon,ru,404,Фото товаров для Amazon,"Фото товаров для Amazon: практический гид Vitrina AI Studio с чеклистом качества, ограничениями AI и ссылками на связанные use cases.",Фото товаров для Amazon,,n/a,noindex site-wide layout,no,no,0,missing,missing,,no,n/a,Unpublished returns 404
/en/blog/product-photos-for-amazon,en,404,Product photos for Amazon,"Product photos for Amazon: a practical Vitrina AI Studio guide with a quality checklist, AI limitations, and related use cases.",Product photos for Amazon,,n/a,noindex site-wide layout,no,no,0,missing,missing,,no,n/a,Unpublished returns 404
/kk/blog/product-photos-for-amazon,kk,404,,,,,n/a,noindex site-wide layout,no,no,0,missing,missing,,no,n/a,Unpublished returns 404
/ky/blog/product-photos-for-amazon,ky,404,,,,,n/a,noindex site-wide layout,no,no,0,missing,missing,,no,n/a,Unpublished returns 404
/uz/blog/product-photos-for-amazon,uz,404,,,,,n/a,noindex site-wide layout,no,no,0,missing,missing,,no,n/a,Unpublished returns 404
/tg/blog/product-photos-for-amazon,tg,404,,,,,n/a,noindex site-wide layout,no,no,0,missing,missing,,no,n/a,Unpublished returns 404
/tr/blog/product-photos-for-amazon,tr,404,,,,,n/a,noindex site-wide layout,no,no,0,missing,missing,,no,n/a,Unpublished returns 404
/az/blog/product-photos-for-amazon,az,404,,,,,n/a,noindex site-wide layout,no,no,0,missing,missing,,no,n/a,Unpublished returns 404
/ar/blog/product-photos-for-amazon,ar,404,,,,,n/a,noindex site-wide layout,no,no,0,missing,missing,,no,n/a,Unpublished returns 404
/es/blog/product-photos-for-amazon,es,404,,,,,n/a,noindex site-wide layout,no,no,0,missing,missing,,no,n/a,Unpublished returns 404
/pt/blog/product-photos-for-amazon,pt,404,,,,,n/a,noindex site-wide layout,no,no,0,missing,missing,,no,n/a,Unpublished returns 404
/fr/blog/product-photos-for-amazon,fr,404,,,,,n/a,noindex site-wide layout,no,no,0,missing,missing,,no,n/a,Unpublished returns 404
/de/blog/product-photos-for-amazon,de,404,,,,,n/a,noindex site-wide layout,no,no,0,missing,missing,,no,n/a,Unpublished returns 404
/it/blog/product-photos-for-amazon,it,404,,,,,n/a,noindex site-wide layout,no,no,0,missing,missing,,no,n/a,Unpublished returns 404
/pl/blog/product-photos-for-amazon,pl,404,,,,,n/a,noindex site-wide layout,no,no,0,missing,missing,,no,n/a,Unpublished returns 404
/uk/blog/product-photos-for-amazon,uk,404,,,,,n/a,noindex site-wide layout,no,no,0,missing,missing,,no,n/a,Unpublished returns 404
/hi/blog/product-photos-for-amazon,hi,404,,,,,n/a,noindex site-wide layout,no,no,0,missing,missing,,no,n/a,Unpublished returns 404
/id/blog/product-photos-for-amazon,id,404,,,,,n/a,noindex site-wide layout,no,no,0,missing,missing,,no,n/a,Unpublished returns 404
/vi/blog/product-photos-for-amazon,vi,404,,,,,n/a,noindex site-wide layout,no,no,0,missing,missing,,no,n/a,Unpublished returns 404
/zh/blog/product-photos-for-amazon,zh,404,,,,,n/a,noindex site-wide layout,no,no,0,missing,missing,,no,n/a,Unpublished returns 404
/ru/blog/product-photos-for-etsy,ru,404,Фото товаров для Etsy,"Фото товаров для Etsy: практический гид Vitrina AI Studio с чеклистом качества, ограничениями AI и ссылками на связанные use cases.",Фото товаров для Etsy,,n/a,noindex site-wide layout,no,no,0,missing,missing,,no,n/a,Unpublished returns 404
/en/blog/product-photos-for-etsy,en,404,Product photos for Etsy,"Product photos for Etsy: a practical Vitrina AI Studio guide with a quality checklist, AI limitations, and related use cases.",Product photos for Etsy,,n/a,noindex site-wide layout,no,no,0,missing,missing,,no,n/a,Unpublished returns 404
/kk/blog/product-photos-for-etsy,kk,404,,,,,n/a,noindex site-wide layout,no,no,0,missing,missing,,no,n/a,Unpublished returns 404
/ky/blog/product-photos-for-etsy,ky,404,,,,,n/a,noindex site-wide layout,no,no,0,missing,missing,,no,n/a,Unpublished returns 404
/uz/blog/product-photos-for-etsy,uz,404,,,,,n/a,noindex site-wide layout,no,no,0,missing,missing,,no,n/a,Unpublished returns 404
/tg/blog/product-photos-for-etsy,tg,404,,,,,n/a,noindex site-wide layout,no,no,0,missing,missing,,no,n/a,Unpublished returns 404
/tr/blog/product-photos-for-etsy,tr,404,,,,,n/a,noindex site-wide layout,no,no,0,missing,missing,,no,n/a,Unpublished returns 404
/az/blog/product-photos-for-etsy,az,404,,,,,n/a,noindex site-wide layout,no,no,0,missing,missing,,no,n/a,Unpublished returns 404
/ar/blog/product-photos-for-etsy,ar,404,,,,,n/a,noindex site-wide layout,no,no,0,missing,missing,,no,n/a,Unpublished returns 404
/es/blog/product-photos-for-etsy,es,404,,,,,n/a,noindex site-wide layout,no,no,0,missing,missing,,no,n/a,Unpublished returns 404
/pt/blog/product-photos-for-etsy,pt,404,,,,,n/a,noindex site-wide layout,no,no,0,missing,missing,,no,n/a,Unpublished returns 404
/fr/blog/product-photos-for-etsy,fr,404,,,,,n/a,noindex site-wide layout,no,no,0,missing,missing,,no,n/a,Unpublished returns 404
/de/blog/product-photos-for-etsy,de,404,,,,,n/a,noindex site-wide layout,no,no,0,missing,missing,,no,n/a,Unpublished returns 404
/it/blog/product-photos-for-etsy,it,404,,,,,n/a,noindex site-wide layout,no,no,0,missing,missing,,no,n/a,Unpublished returns 404
/pl/blog/product-photos-for-etsy,pl,404,,,,,n/a,noindex site-wide layout,no,no,0,missing,missing,,no,n/a,Unpublished returns 404
/uk/blog/product-photos-for-etsy,uk,404,,,,,n/a,noindex site-wide layout,no,no,0,missing,missing,,no,n/a,Unpublished returns 404
/hi/blog/product-photos-for-etsy,hi,404,,,,,n/a,noindex site-wide layout,no,no,0,missing,missing,,no,n/a,Unpublished returns 404
/id/blog/product-photos-for-etsy,id,404,,,,,n/a,noindex site-wide layout,no,no,0,missing,missing,,no,n/a,Unpublished returns 404
/vi/blog/product-photos-for-etsy,vi,404,,,,,n/a,noindex site-wide layout,no,no,0,missing,missing,,no,n/a,Unpublished returns 404
/zh/blog/product-photos-for-etsy,zh,404,,,,,n/a,noindex site-wide layout,no,no,0,missing,missing,,no,n/a,Unpublished returns 404
/ru/blog/product-photos-for-shopify,ru,404,Фото товаров для Shopify,"Фото товаров для Shopify: практический гид Vitrina AI Studio с чеклистом качества, ограничениями AI и ссылками на связанные use cases.",Фото товаров для Shopify,,n/a,noindex site-wide layout,no,no,0,missing,missing,,no,n/a,Unpublished returns 404
/en/blog/product-photos-for-shopify,en,404,Product photos for Shopify,"Product photos for Shopify: a practical Vitrina AI Studio guide with a quality checklist, AI limitations, and related use cases.",Product photos for Shopify,,n/a,noindex site-wide layout,no,no,0,missing,missing,,no,n/a,Unpublished returns 404
/kk/blog/product-photos-for-shopify,kk,404,,,,,n/a,noindex site-wide layout,no,no,0,missing,missing,,no,n/a,Unpublished returns 404
/ky/blog/product-photos-for-shopify,ky,404,,,,,n/a,noindex site-wide layout,no,no,0,missing,missing,,no,n/a,Unpublished returns 404
/uz/blog/product-photos-for-shopify,uz,404,,,,,n/a,noindex site-wide layout,no,no,0,missing,missing,,no,n/a,Unpublished returns 404
/tg/blog/product-photos-for-shopify,tg,404,,,,,n/a,noindex site-wide layout,no,no,0,missing,missing,,no,n/a,Unpublished returns 404
/tr/blog/product-photos-for-shopify,tr,404,,,,,n/a,noindex site-wide layout,no,no,0,missing,missing,,no,n/a,Unpublished returns 404
/az/blog/product-photos-for-shopify,az,404,,,,,n/a,noindex site-wide layout,no,no,0,missing,missing,,no,n/a,Unpublished returns 404
/ar/blog/product-photos-for-shopify,ar,404,,,,,n/a,noindex site-wide layout,no,no,0,missing,missing,,no,n/a,Unpublished returns 404
/es/blog/product-photos-for-shopify,es,404,,,,,n/a,noindex site-wide layout,no,no,0,missing,missing,,no,n/a,Unpublished returns 404
/pt/blog/product-photos-for-shopify,pt,404,,,,,n/a,noindex site-wide layout,no,no,0,missing,missing,,no,n/a,Unpublished returns 404
/fr/blog/product-photos-for-shopify,fr,404,,,,,n/a,noindex site-wide layout,no,no,0,missing,missing,,no,n/a,Unpublished returns 404
/de/blog/product-photos-for-shopify,de,404,,,,,n/a,noindex site-wide layout,no,no,0,missing,missing,,no,n/a,Unpublished returns 404
/it/blog/product-photos-for-shopify,it,404,,,,,n/a,noindex site-wide layout,no,no,0,missing,missing,,no,n/a,Unpublished returns 404
/pl/blog/product-photos-for-shopify,pl,404,,,,,n/a,noindex site-wide layout,no,no,0,missing,missing,,no,n/a,Unpublished returns 404
/uk/blog/product-photos-for-shopify,uk,404,,,,,n/a,noindex site-wide layout,no,no,0,missing,missing,,no,n/a,Unpublished returns 404
/hi/blog/product-photos-for-shopify,hi,404,,,,,n/a,noindex site-wide layout,no,no,0,missing,missing,,no,n/a,Unpublished returns 404
/id/blog/product-photos-for-shopify,id,404,,,,,n/a,noindex site-wide layout,no,no,0,missing,missing,,no,n/a,Unpublished returns 404
/vi/blog/product-photos-for-shopify,vi,404,,,,,n/a,noindex site-wide layout,no,no,0,missing,missing,,no,n/a,Unpublished returns 404
/zh/blog/product-photos-for-shopify,zh,404,,,,,n/a,noindex site-wide layout,no,no,0,missing,missing,,no,n/a,Unpublished returns 404
/ru/blog/product-photos-for-instagram-shop,ru,404,Фото товаров для Instagram Shop,"Фото товаров для Instagram Shop: практический гид Vitrina AI Studio с чеклистом качества, ограничениями AI и ссылками на связанные use cases.",Фото товаров для Instagram Shop,,n/a,noindex site-wide layout,no,no,0,missing,missing,,no,n/a,Unpublished returns 404
/en/blog/product-photos-for-instagram-shop,en,404,Product photos for Instagram Shop,"Product photos for Instagram Shop: a practical Vitrina AI Studio guide with a quality checklist, AI limitations, and related use cases.",Product photos for Instagram Shop,,n/a,noindex site-wide layout,no,no,0,missing,missing,,no,n/a,Unpublished returns 404
/kk/blog/product-photos-for-instagram-shop,kk,404,,,,,n/a,noindex site-wide layout,no,no,0,missing,missing,,no,n/a,Unpublished returns 404
/ky/blog/product-photos-for-instagram-shop,ky,404,,,,,n/a,noindex site-wide layout,no,no,0,missing,missing,,no,n/a,Unpublished returns 404
/uz/blog/product-photos-for-instagram-shop,uz,404,,,,,n/a,noindex site-wide layout,no,no,0,missing,missing,,no,n/a,Unpublished returns 404
/tg/blog/product-photos-for-instagram-shop,tg,404,,,,,n/a,noindex site-wide layout,no,no,0,missing,missing,,no,n/a,Unpublished returns 404
/tr/blog/product-photos-for-instagram-shop,tr,404,,,,,n/a,noindex site-wide layout,no,no,0,missing,missing,,no,n/a,Unpublished returns 404
/az/blog/product-photos-for-instagram-shop,az,404,,,,,n/a,noindex site-wide layout,no,no,0,missing,missing,,no,n/a,Unpublished returns 404
/ar/blog/product-photos-for-instagram-shop,ar,404,,,,,n/a,noindex site-wide layout,no,no,0,missing,missing,,no,n/a,Unpublished returns 404
/es/blog/product-photos-for-instagram-shop,es,404,,,,,n/a,noindex site-wide layout,no,no,0,missing,missing,,no,n/a,Unpublished returns 404
/pt/blog/product-photos-for-instagram-shop,pt,404,,,,,n/a,noindex site-wide layout,no,no,0,missing,missing,,no,n/a,Unpublished returns 404
/fr/blog/product-photos-for-instagram-shop,fr,404,,,,,n/a,noindex site-wide layout,no,no,0,missing,missing,,no,n/a,Unpublished returns 404
/de/blog/product-photos-for-instagram-shop,de,404,,,,,n/a,noindex site-wide layout,no,no,0,missing,missing,,no,n/a,Unpublished returns 404
/it/blog/product-photos-for-instagram-shop,it,404,,,,,n/a,noindex site-wide layout,no,no,0,missing,missing,,no,n/a,Unpublished returns 404
/pl/blog/product-photos-for-instagram-shop,pl,404,,,,,n/a,noindex site-wide layout,no,no,0,missing,missing,,no,n/a,Unpublished returns 404
/uk/blog/product-photos-for-instagram-shop,uk,404,,,,,n/a,noindex site-wide layout,no,no,0,missing,missing,,no,n/a,Unpublished returns 404
/hi/blog/product-photos-for-instagram-shop,hi,404,,,,,n/a,noindex site-wide layout,no,no,0,missing,missing,,no,n/a,Unpublished returns 404
/id/blog/product-photos-for-instagram-shop,id,404,,,,,n/a,noindex site-wide layout,no,no,0,missing,missing,,no,n/a,Unpublished returns 404
/vi/blog/product-photos-for-instagram-shop,vi,404,,,,,n/a,noindex site-wide layout,no,no,0,missing,missing,,no,n/a,Unpublished returns 404
/zh/blog/product-photos-for-instagram-shop,zh,404,,,,,n/a,noindex site-wide layout,no,no,0,missing,missing,,no,n/a,Unpublished returns 404
/ru/blog/product-photos-for-tiktok-shop,ru,404,Фото товаров для TikTok Shop,"Фото товаров для TikTok Shop: практический гид Vitrina AI Studio с чеклистом качества, ограничениями AI и ссылками на связанные use cases.",Фото товаров для TikTok Shop,,n/a,noindex site-wide layout,no,no,0,missing,missing,,no,n/a,Unpublished returns 404
/en/blog/product-photos-for-tiktok-shop,en,404,Product photos for TikTok Shop,"Product photos for TikTok Shop: a practical Vitrina AI Studio guide with a quality checklist, AI limitations, and related use cases.",Product photos for TikTok Shop,,n/a,noindex site-wide layout,no,no,0,missing,missing,,no,n/a,Unpublished returns 404
/kk/blog/product-photos-for-tiktok-shop,kk,404,,,,,n/a,noindex site-wide layout,no,no,0,missing,missing,,no,n/a,Unpublished returns 404
/ky/blog/product-photos-for-tiktok-shop,ky,404,,,,,n/a,noindex site-wide layout,no,no,0,missing,missing,,no,n/a,Unpublished returns 404
/uz/blog/product-photos-for-tiktok-shop,uz,404,,,,,n/a,noindex site-wide layout,no,no,0,missing,missing,,no,n/a,Unpublished returns 404
/tg/blog/product-photos-for-tiktok-shop,tg,404,,,,,n/a,noindex site-wide layout,no,no,0,missing,missing,,no,n/a,Unpublished returns 404
/tr/blog/product-photos-for-tiktok-shop,tr,404,,,,,n/a,noindex site-wide layout,no,no,0,missing,missing,,no,n/a,Unpublished returns 404
/az/blog/product-photos-for-tiktok-shop,az,404,,,,,n/a,noindex site-wide layout,no,no,0,missing,missing,,no,n/a,Unpublished returns 404
/ar/blog/product-photos-for-tiktok-shop,ar,404,,,,,n/a,noindex site-wide layout,no,no,0,missing,missing,,no,n/a,Unpublished returns 404
/es/blog/product-photos-for-tiktok-shop,es,404,,,,,n/a,noindex site-wide layout,no,no,0,missing,missing,,no,n/a,Unpublished returns 404
/pt/blog/product-photos-for-tiktok-shop,pt,404,,,,,n/a,noindex site-wide layout,no,no,0,missing,missing,,no,n/a,Unpublished returns 404
/fr/blog/product-photos-for-tiktok-shop,fr,404,,,,,n/a,noindex site-wide layout,no,no,0,missing,missing,,no,n/a,Unpublished returns 404
/de/blog/product-photos-for-tiktok-shop,de,404,,,,,n/a,noindex site-wide layout,no,no,0,missing,missing,,no,n/a,Unpublished returns 404
/it/blog/product-photos-for-tiktok-shop,it,404,,,,,n/a,noindex site-wide layout,no,no,0,missing,missing,,no,n/a,Unpublished returns 404
/pl/blog/product-photos-for-tiktok-shop,pl,404,,,,,n/a,noindex site-wide layout,no,no,0,missing,missing,,no,n/a,Unpublished returns 404
/uk/blog/product-photos-for-tiktok-shop,uk,404,,,,,n/a,noindex site-wide layout,no,no,0,missing,missing,,no,n/a,Unpublished returns 404
/hi/blog/product-photos-for-tiktok-shop,hi,404,,,,,n/a,noindex site-wide layout,no,no,0,missing,missing,,no,n/a,Unpublished returns 404
/id/blog/product-photos-for-tiktok-shop,id,404,,,,,n/a,noindex site-wide layout,no,no,0,missing,missing,,no,n/a,Unpublished returns 404
/vi/blog/product-photos-for-tiktok-shop,vi,404,,,,,n/a,noindex site-wide layout,no,no,0,missing,missing,,no,n/a,Unpublished returns 404
/zh/blog/product-photos-for-tiktok-shop,zh,404,,,,,n/a,noindex site-wide layout,no,no,0,missing,missing,,no,n/a,Unpublished returns 404
/ru/blog/product-photos-for-facebook-marketplace,ru,404,Фото товаров для Facebook Marketplace,"Фото товаров для Facebook Marketplace: практический гид Vitrina AI Studio с чеклистом качества, ограничениями AI и ссылками на связанные use cases.",Фото товаров для Facebook Marketplace,,n/a,noindex site-wide layout,no,no,0,missing,missing,,no,n/a,Unpublished returns 404
/en/blog/product-photos-for-facebook-marketplace,en,404,Product photos for Facebook Marketplace,"Product photos for Facebook Marketplace: a practical Vitrina AI Studio guide with a quality checklist, AI limitations, and related use cases.",Product photos for Facebook Marketplace,,n/a,noindex site-wide layout,no,no,0,missing,missing,,no,n/a,Unpublished returns 404
/kk/blog/product-photos-for-facebook-marketplace,kk,404,,,,,n/a,noindex site-wide layout,no,no,0,missing,missing,,no,n/a,Unpublished returns 404
/ky/blog/product-photos-for-facebook-marketplace,ky,404,,,,,n/a,noindex site-wide layout,no,no,0,missing,missing,,no,n/a,Unpublished returns 404
/uz/blog/product-photos-for-facebook-marketplace,uz,404,,,,,n/a,noindex site-wide layout,no,no,0,missing,missing,,no,n/a,Unpublished returns 404
/tg/blog/product-photos-for-facebook-marketplace,tg,404,,,,,n/a,noindex site-wide layout,no,no,0,missing,missing,,no,n/a,Unpublished returns 404
/tr/blog/product-photos-for-facebook-marketplace,tr,404,,,,,n/a,noindex site-wide layout,no,no,0,missing,missing,,no,n/a,Unpublished returns 404
/az/blog/product-photos-for-facebook-marketplace,az,404,,,,,n/a,noindex site-wide layout,no,no,0,missing,missing,,no,n/a,Unpublished returns 404
/ar/blog/product-photos-for-facebook-marketplace,ar,404,,,,,n/a,noindex site-wide layout,no,no,0,missing,missing,,no,n/a,Unpublished returns 404
/es/blog/product-photos-for-facebook-marketplace,es,404,,,,,n/a,noindex site-wide layout,no,no,0,missing,missing,,no,n/a,Unpublished returns 404
/pt/blog/product-photos-for-facebook-marketplace,pt,404,,,,,n/a,noindex site-wide layout,no,no,0,missing,missing,,no,n/a,Unpublished returns 404
/fr/blog/product-photos-for-facebook-marketplace,fr,404,,,,,n/a,noindex site-wide layout,no,no,0,missing,missing,,no,n/a,Unpublished returns 404
/de/blog/product-photos-for-facebook-marketplace,de,404,,,,,n/a,noindex site-wide layout,no,no,0,missing,missing,,no,n/a,Unpublished returns 404
/it/blog/product-photos-for-facebook-marketplace,it,404,,,,,n/a,noindex site-wide layout,no,no,0,missing,missing,,no,n/a,Unpublished returns 404
/pl/blog/product-photos-for-facebook-marketplace,pl,404,,,,,n/a,noindex site-wide layout,no,no,0,missing,missing,,no,n/a,Unpublished returns 404
/uk/blog/product-photos-for-facebook-marketplace,uk,404,,,,,n/a,noindex site-wide layout,no,no,0,missing,missing,,no,n/a,Unpublished returns 404
/hi/blog/product-photos-for-facebook-marketplace,hi,404,,,,,n/a,noindex site-wide layout,no,no,0,missing,missing,,no,n/a,Unpublished returns 404
/id/blog/product-photos-for-facebook-marketplace,id,404,,,,,n/a,noindex site-wide layout,no,no,0,missing,missing,,no,n/a,Unpublished returns 404
/vi/blog/product-photos-for-facebook-marketplace,vi,404,,,,,n/a,noindex site-wide layout,no,no,0,missing,missing,,no,n/a,Unpublished returns 404
/zh/blog/product-photos-for-facebook-marketplace,zh,404,,,,,n/a,noindex site-wide layout,no,no,0,missing,missing,,no,n/a,Unpublished returns 404
/ru/blog/product-photos-for-olx,ru,404,Фото товаров для OLX,"Фото товаров для OLX: практический гид Vitrina AI Studio с чеклистом качества, ограничениями AI и ссылками на связанные use cases.",Фото товаров для OLX,,n/a,noindex site-wide layout,no,no,0,missing,missing,,no,n/a,Unpublished returns 404
/en/blog/product-photos-for-olx,en,404,Product photos for OLX,"Product photos for OLX: a practical Vitrina AI Studio guide with a quality checklist, AI limitations, and related use cases.",Product photos for OLX,,n/a,noindex site-wide layout,no,no,0,missing,missing,,no,n/a,Unpublished returns 404
/kk/blog/product-photos-for-olx,kk,404,,,,,n/a,noindex site-wide layout,no,no,0,missing,missing,,no,n/a,Unpublished returns 404
/ky/blog/product-photos-for-olx,ky,404,,,,,n/a,noindex site-wide layout,no,no,0,missing,missing,,no,n/a,Unpublished returns 404
/uz/blog/product-photos-for-olx,uz,404,,,,,n/a,noindex site-wide layout,no,no,0,missing,missing,,no,n/a,Unpublished returns 404
/tg/blog/product-photos-for-olx,tg,404,,,,,n/a,noindex site-wide layout,no,no,0,missing,missing,,no,n/a,Unpublished returns 404
/tr/blog/product-photos-for-olx,tr,404,,,,,n/a,noindex site-wide layout,no,no,0,missing,missing,,no,n/a,Unpublished returns 404
/az/blog/product-photos-for-olx,az,404,,,,,n/a,noindex site-wide layout,no,no,0,missing,missing,,no,n/a,Unpublished returns 404
/ar/blog/product-photos-for-olx,ar,404,,,,,n/a,noindex site-wide layout,no,no,0,missing,missing,,no,n/a,Unpublished returns 404
/es/blog/product-photos-for-olx,es,404,,,,,n/a,noindex site-wide layout,no,no,0,missing,missing,,no,n/a,Unpublished returns 404
/pt/blog/product-photos-for-olx,pt,404,,,,,n/a,noindex site-wide layout,no,no,0,missing,missing,,no,n/a,Unpublished returns 404
/fr/blog/product-photos-for-olx,fr,404,,,,,n/a,noindex site-wide layout,no,no,0,missing,missing,,no,n/a,Unpublished returns 404
/de/blog/product-photos-for-olx,de,404,,,,,n/a,noindex site-wide layout,no,no,0,missing,missing,,no,n/a,Unpublished returns 404
/it/blog/product-photos-for-olx,it,404,,,,,n/a,noindex site-wide layout,no,no,0,missing,missing,,no,n/a,Unpublished returns 404
/pl/blog/product-photos-for-olx,pl,404,,,,,n/a,noindex site-wide layout,no,no,0,missing,missing,,no,n/a,Unpublished returns 404
/uk/blog/product-photos-for-olx,uk,404,,,,,n/a,noindex site-wide layout,no,no,0,missing,missing,,no,n/a,Unpublished returns 404
/hi/blog/product-photos-for-olx,hi,404,,,,,n/a,noindex site-wide layout,no,no,0,missing,missing,,no,n/a,Unpublished returns 404
/id/blog/product-photos-for-olx,id,404,,,,,n/a,noindex site-wide layout,no,no,0,missing,missing,,no,n/a,Unpublished returns 404
/vi/blog/product-photos-for-olx,vi,404,,,,,n/a,noindex site-wide layout,no,no,0,missing,missing,,no,n/a,Unpublished returns 404
/zh/blog/product-photos-for-olx,zh,404,,,,,n/a,noindex site-wide layout,no,no,0,missing,missing,,no,n/a,Unpublished returns 404
/ru/blog/product-photos-for-aliexpress,ru,404,Фото товаров для AliExpress,"Фото товаров для AliExpress: практический гид Vitrina AI Studio с чеклистом качества, ограничениями AI и ссылками на связанные use cases.",Фото товаров для AliExpress,,n/a,noindex site-wide layout,no,no,0,missing,missing,,no,n/a,Unpublished returns 404
/en/blog/product-photos-for-aliexpress,en,404,Product photos for AliExpress,"Product photos for AliExpress: a practical Vitrina AI Studio guide with a quality checklist, AI limitations, and related use cases.",Product photos for AliExpress,,n/a,noindex site-wide layout,no,no,0,missing,missing,,no,n/a,Unpublished returns 404
/kk/blog/product-photos-for-aliexpress,kk,404,,,,,n/a,noindex site-wide layout,no,no,0,missing,missing,,no,n/a,Unpublished returns 404
/ky/blog/product-photos-for-aliexpress,ky,404,,,,,n/a,noindex site-wide layout,no,no,0,missing,missing,,no,n/a,Unpublished returns 404
/uz/blog/product-photos-for-aliexpress,uz,404,,,,,n/a,noindex site-wide layout,no,no,0,missing,missing,,no,n/a,Unpublished returns 404
/tg/blog/product-photos-for-aliexpress,tg,404,,,,,n/a,noindex site-wide layout,no,no,0,missing,missing,,no,n/a,Unpublished returns 404
/tr/blog/product-photos-for-aliexpress,tr,404,,,,,n/a,noindex site-wide layout,no,no,0,missing,missing,,no,n/a,Unpublished returns 404
/az/blog/product-photos-for-aliexpress,az,404,,,,,n/a,noindex site-wide layout,no,no,0,missing,missing,,no,n/a,Unpublished returns 404
/ar/blog/product-photos-for-aliexpress,ar,404,,,,,n/a,noindex site-wide layout,no,no,0,missing,missing,,no,n/a,Unpublished returns 404
/es/blog/product-photos-for-aliexpress,es,404,,,,,n/a,noindex site-wide layout,no,no,0,missing,missing,,no,n/a,Unpublished returns 404
/pt/blog/product-photos-for-aliexpress,pt,404,,,,,n/a,noindex site-wide layout,no,no,0,missing,missing,,no,n/a,Unpublished returns 404
/fr/blog/product-photos-for-aliexpress,fr,404,,,,,n/a,noindex site-wide layout,no,no,0,missing,missing,,no,n/a,Unpublished returns 404
/de/blog/product-photos-for-aliexpress,de,404,,,,,n/a,noindex site-wide layout,no,no,0,missing,missing,,no,n/a,Unpublished returns 404
/it/blog/product-photos-for-aliexpress,it,404,,,,,n/a,noindex site-wide layout,no,no,0,missing,missing,,no,n/a,Unpublished returns 404
/pl/blog/product-photos-for-aliexpress,pl,404,,,,,n/a,noindex site-wide layout,no,no,0,missing,missing,,no,n/a,Unpublished returns 404
/uk/blog/product-photos-for-aliexpress,uk,404,,,,,n/a,noindex site-wide layout,no,no,0,missing,missing,,no,n/a,Unpublished returns 404
/hi/blog/product-photos-for-aliexpress,hi,404,,,,,n/a,noindex site-wide layout,no,no,0,missing,missing,,no,n/a,Unpublished returns 404
/id/blog/product-photos-for-aliexpress,id,404,,,,,n/a,noindex site-wide layout,no,no,0,missing,missing,,no,n/a,Unpublished returns 404
/vi/blog/product-photos-for-aliexpress,vi,404,,,,,n/a,noindex site-wide layout,no,no,0,missing,missing,,no,n/a,Unpublished returns 404
/zh/blog/product-photos-for-aliexpress,zh,404,,,,,n/a,noindex site-wide layout,no,no,0,missing,missing,,no,n/a,Unpublished returns 404
/ru/blog/product-photos-for-temu,ru,404,Фото товаров для Temu,"Фото товаров для Temu: практический гид Vitrina AI Studio с чеклистом качества, ограничениями AI и ссылками на связанные use cases.",Фото товаров для Temu,,n/a,noindex site-wide layout,no,no,0,missing,missing,,no,n/a,Unpublished returns 404
/en/blog/product-photos-for-temu,en,404,Product photos for Temu,"Product photos for Temu: a practical Vitrina AI Studio guide with a quality checklist, AI limitations, and related use cases.",Product photos for Temu,,n/a,noindex site-wide layout,no,no,0,missing,missing,,no,n/a,Unpublished returns 404
/kk/blog/product-photos-for-temu,kk,404,,,,,n/a,noindex site-wide layout,no,no,0,missing,missing,,no,n/a,Unpublished returns 404
/ky/blog/product-photos-for-temu,ky,404,,,,,n/a,noindex site-wide layout,no,no,0,missing,missing,,no,n/a,Unpublished returns 404
/uz/blog/product-photos-for-temu,uz,404,,,,,n/a,noindex site-wide layout,no,no,0,missing,missing,,no,n/a,Unpublished returns 404
/tg/blog/product-photos-for-temu,tg,404,,,,,n/a,noindex site-wide layout,no,no,0,missing,missing,,no,n/a,Unpublished returns 404
/tr/blog/product-photos-for-temu,tr,404,,,,,n/a,noindex site-wide layout,no,no,0,missing,missing,,no,n/a,Unpublished returns 404
/az/blog/product-photos-for-temu,az,404,,,,,n/a,noindex site-wide layout,no,no,0,missing,missing,,no,n/a,Unpublished returns 404
/ar/blog/product-photos-for-temu,ar,404,,,,,n/a,noindex site-wide layout,no,no,0,missing,missing,,no,n/a,Unpublished returns 404
/es/blog/product-photos-for-temu,es,404,,,,,n/a,noindex site-wide layout,no,no,0,missing,missing,,no,n/a,Unpublished returns 404
/pt/blog/product-photos-for-temu,pt,404,,,,,n/a,noindex site-wide layout,no,no,0,missing,missing,,no,n/a,Unpublished returns 404
/fr/blog/product-photos-for-temu,fr,404,,,,,n/a,noindex site-wide layout,no,no,0,missing,missing,,no,n/a,Unpublished returns 404
/de/blog/product-photos-for-temu,de,404,,,,,n/a,noindex site-wide layout,no,no,0,missing,missing,,no,n/a,Unpublished returns 404
/it/blog/product-photos-for-temu,it,404,,,,,n/a,noindex site-wide layout,no,no,0,missing,missing,,no,n/a,Unpublished returns 404
/pl/blog/product-photos-for-temu,pl,404,,,,,n/a,noindex site-wide layout,no,no,0,missing,missing,,no,n/a,Unpublished returns 404
/uk/blog/product-photos-for-temu,uk,404,,,,,n/a,noindex site-wide layout,no,no,0,missing,missing,,no,n/a,Unpublished returns 404
/hi/blog/product-photos-for-temu,hi,404,,,,,n/a,noindex site-wide layout,no,no,0,missing,missing,,no,n/a,Unpublished returns 404
/id/blog/product-photos-for-temu,id,404,,,,,n/a,noindex site-wide layout,no,no,0,missing,missing,,no,n/a,Unpublished returns 404
/vi/blog/product-photos-for-temu,vi,404,,,,,n/a,noindex site-wide layout,no,no,0,missing,missing,,no,n/a,Unpublished returns 404
/zh/blog/product-photos-for-temu,zh,404,,,,,n/a,noindex site-wide layout,no,no,0,missing,missing,,no,n/a,Unpublished returns 404
/ru/blog/1-1-format-for-product-cards,ru,404,Формат 1:1 для карточки товара,"Формат 1:1 для карточки товара: практический гид Vitrina AI Studio с чеклистом качества, ограничениями AI и ссылками на связанные use cases.",Формат 1:1 для карточки товара,,n/a,noindex site-wide layout,no,no,0,missing,missing,,no,n/a,Unpublished returns 404
/en/blog/1-1-format-for-product-cards,en,404,1:1 format for product cards,"1:1 format for product cards: a practical Vitrina AI Studio guide with a quality checklist, AI limitations, and related use cases.",1:1 format for product cards,,n/a,noindex site-wide layout,no,no,0,missing,missing,,no,n/a,Unpublished returns 404
/kk/blog/1-1-format-for-product-cards,kk,404,,,,,n/a,noindex site-wide layout,no,no,0,missing,missing,,no,n/a,Unpublished returns 404
/ky/blog/1-1-format-for-product-cards,ky,404,,,,,n/a,noindex site-wide layout,no,no,0,missing,missing,,no,n/a,Unpublished returns 404
/uz/blog/1-1-format-for-product-cards,uz,404,,,,,n/a,noindex site-wide layout,no,no,0,missing,missing,,no,n/a,Unpublished returns 404
/tg/blog/1-1-format-for-product-cards,tg,404,,,,,n/a,noindex site-wide layout,no,no,0,missing,missing,,no,n/a,Unpublished returns 404
/tr/blog/1-1-format-for-product-cards,tr,404,,,,,n/a,noindex site-wide layout,no,no,0,missing,missing,,no,n/a,Unpublished returns 404
/az/blog/1-1-format-for-product-cards,az,404,,,,,n/a,noindex site-wide layout,no,no,0,missing,missing,,no,n/a,Unpublished returns 404
/ar/blog/1-1-format-for-product-cards,ar,404,,,,,n/a,noindex site-wide layout,no,no,0,missing,missing,,no,n/a,Unpublished returns 404
/es/blog/1-1-format-for-product-cards,es,404,,,,,n/a,noindex site-wide layout,no,no,0,missing,missing,,no,n/a,Unpublished returns 404
/pt/blog/1-1-format-for-product-cards,pt,404,,,,,n/a,noindex site-wide layout,no,no,0,missing,missing,,no,n/a,Unpublished returns 404
/fr/blog/1-1-format-for-product-cards,fr,404,,,,,n/a,noindex site-wide layout,no,no,0,missing,missing,,no,n/a,Unpublished returns 404
/de/blog/1-1-format-for-product-cards,de,404,,,,,n/a,noindex site-wide layout,no,no,0,missing,missing,,no,n/a,Unpublished returns 404
/it/blog/1-1-format-for-product-cards,it,404,,,,,n/a,noindex site-wide layout,no,no,0,missing,missing,,no,n/a,Unpublished returns 404
/pl/blog/1-1-format-for-product-cards,pl,404,,,,,n/a,noindex site-wide layout,no,no,0,missing,missing,,no,n/a,Unpublished returns 404
/uk/blog/1-1-format-for-product-cards,uk,404,,,,,n/a,noindex site-wide layout,no,no,0,missing,missing,,no,n/a,Unpublished returns 404
/hi/blog/1-1-format-for-product-cards,hi,404,,,,,n/a,noindex site-wide layout,no,no,0,missing,missing,,no,n/a,Unpublished returns 404
/id/blog/1-1-format-for-product-cards,id,404,,,,,n/a,noindex site-wide layout,no,no,0,missing,missing,,no,n/a,Unpublished returns 404
/vi/blog/1-1-format-for-product-cards,vi,404,,,,,n/a,noindex site-wide layout,no,no,0,missing,missing,,no,n/a,Unpublished returns 404
/zh/blog/1-1-format-for-product-cards,zh,404,,,,,n/a,noindex site-wide layout,no,no,0,missing,missing,,no,n/a,Unpublished returns 404
/ru/blog/4-5-format-for-marketplaces,ru,404,Формат 4:5 для маркетплейса,"Формат 4:5 для маркетплейса: практический гид Vitrina AI Studio с чеклистом качества, ограничениями AI и ссылками на связанные use cases.",Формат 4:5 для маркетплейса,,n/a,noindex site-wide layout,no,no,0,missing,missing,,no,n/a,Unpublished returns 404
/en/blog/4-5-format-for-marketplaces,en,404,4:5 format for marketplaces,"4:5 format for marketplaces: a practical Vitrina AI Studio guide with a quality checklist, AI limitations, and related use cases.",4:5 format for marketplaces,,n/a,noindex site-wide layout,no,no,0,missing,missing,,no,n/a,Unpublished returns 404
/kk/blog/4-5-format-for-marketplaces,kk,404,,,,,n/a,noindex site-wide layout,no,no,0,missing,missing,,no,n/a,Unpublished returns 404
/ky/blog/4-5-format-for-marketplaces,ky,404,,,,,n/a,noindex site-wide layout,no,no,0,missing,missing,,no,n/a,Unpublished returns 404
/uz/blog/4-5-format-for-marketplaces,uz,404,,,,,n/a,noindex site-wide layout,no,no,0,missing,missing,,no,n/a,Unpublished returns 404
/tg/blog/4-5-format-for-marketplaces,tg,404,,,,,n/a,noindex site-wide layout,no,no,0,missing,missing,,no,n/a,Unpublished returns 404
/tr/blog/4-5-format-for-marketplaces,tr,404,,,,,n/a,noindex site-wide layout,no,no,0,missing,missing,,no,n/a,Unpublished returns 404
/az/blog/4-5-format-for-marketplaces,az,404,,,,,n/a,noindex site-wide layout,no,no,0,missing,missing,,no,n/a,Unpublished returns 404
/ar/blog/4-5-format-for-marketplaces,ar,404,,,,,n/a,noindex site-wide layout,no,no,0,missing,missing,,no,n/a,Unpublished returns 404
/es/blog/4-5-format-for-marketplaces,es,404,,,,,n/a,noindex site-wide layout,no,no,0,missing,missing,,no,n/a,Unpublished returns 404
/pt/blog/4-5-format-for-marketplaces,pt,404,,,,,n/a,noindex site-wide layout,no,no,0,missing,missing,,no,n/a,Unpublished returns 404
/fr/blog/4-5-format-for-marketplaces,fr,404,,,,,n/a,noindex site-wide layout,no,no,0,missing,missing,,no,n/a,Unpublished returns 404
/de/blog/4-5-format-for-marketplaces,de,404,,,,,n/a,noindex site-wide layout,no,no,0,missing,missing,,no,n/a,Unpublished returns 404
/it/blog/4-5-format-for-marketplaces,it,404,,,,,n/a,noindex site-wide layout,no,no,0,missing,missing,,no,n/a,Unpublished returns 404
/pl/blog/4-5-format-for-marketplaces,pl,404,,,,,n/a,noindex site-wide layout,no,no,0,missing,missing,,no,n/a,Unpublished returns 404
/uk/blog/4-5-format-for-marketplaces,uk,404,,,,,n/a,noindex site-wide layout,no,no,0,missing,missing,,no,n/a,Unpublished returns 404
/hi/blog/4-5-format-for-marketplaces,hi,404,,,,,n/a,noindex site-wide layout,no,no,0,missing,missing,,no,n/a,Unpublished returns 404
/id/blog/4-5-format-for-marketplaces,id,404,,,,,n/a,noindex site-wide layout,no,no,0,missing,missing,,no,n/a,Unpublished returns 404
/vi/blog/4-5-format-for-marketplaces,vi,404,,,,,n/a,noindex site-wide layout,no,no,0,missing,missing,,no,n/a,Unpublished returns 404
/zh/blog/4-5-format-for-marketplaces,zh,404,,,,,n/a,noindex site-wide layout,no,no,0,missing,missing,,no,n/a,Unpublished returns 404
/ru/blog/9-16-format-for-reels-and-stories,ru,404,Формат 9:16 для Reels и Stories,"Формат 9:16 для Reels и Stories: практический гид Vitrina AI Studio с чеклистом качества, ограничениями AI и ссылками на связанные use cases.",Формат 9:16 для Reels и Stories,,n/a,noindex site-wide layout,no,no,0,missing,missing,,no,n/a,Unpublished returns 404
/en/blog/9-16-format-for-reels-and-stories,en,404,9:16 format for Reels and Stories,"9:16 format for Reels and Stories: a practical Vitrina AI Studio guide with a quality checklist, AI limitations, and related use cases.",9:16 format for Reels and Stories,,n/a,noindex site-wide layout,no,no,0,missing,missing,,no,n/a,Unpublished returns 404
/kk/blog/9-16-format-for-reels-and-stories,kk,404,,,,,n/a,noindex site-wide layout,no,no,0,missing,missing,,no,n/a,Unpublished returns 404
/ky/blog/9-16-format-for-reels-and-stories,ky,404,,,,,n/a,noindex site-wide layout,no,no,0,missing,missing,,no,n/a,Unpublished returns 404
/uz/blog/9-16-format-for-reels-and-stories,uz,404,,,,,n/a,noindex site-wide layout,no,no,0,missing,missing,,no,n/a,Unpublished returns 404
/tg/blog/9-16-format-for-reels-and-stories,tg,404,,,,,n/a,noindex site-wide layout,no,no,0,missing,missing,,no,n/a,Unpublished returns 404
/tr/blog/9-16-format-for-reels-and-stories,tr,404,,,,,n/a,noindex site-wide layout,no,no,0,missing,missing,,no,n/a,Unpublished returns 404
/az/blog/9-16-format-for-reels-and-stories,az,404,,,,,n/a,noindex site-wide layout,no,no,0,missing,missing,,no,n/a,Unpublished returns 404
/ar/blog/9-16-format-for-reels-and-stories,ar,404,,,,,n/a,noindex site-wide layout,no,no,0,missing,missing,,no,n/a,Unpublished returns 404
/es/blog/9-16-format-for-reels-and-stories,es,404,,,,,n/a,noindex site-wide layout,no,no,0,missing,missing,,no,n/a,Unpublished returns 404
/pt/blog/9-16-format-for-reels-and-stories,pt,404,,,,,n/a,noindex site-wide layout,no,no,0,missing,missing,,no,n/a,Unpublished returns 404
/fr/blog/9-16-format-for-reels-and-stories,fr,404,,,,,n/a,noindex site-wide layout,no,no,0,missing,missing,,no,n/a,Unpublished returns 404
/de/blog/9-16-format-for-reels-and-stories,de,404,,,,,n/a,noindex site-wide layout,no,no,0,missing,missing,,no,n/a,Unpublished returns 404
/it/blog/9-16-format-for-reels-and-stories,it,404,,,,,n/a,noindex site-wide layout,no,no,0,missing,missing,,no,n/a,Unpublished returns 404
/pl/blog/9-16-format-for-reels-and-stories,pl,404,,,,,n/a,noindex site-wide layout,no,no,0,missing,missing,,no,n/a,Unpublished returns 404
/uk/blog/9-16-format-for-reels-and-stories,uk,404,,,,,n/a,noindex site-wide layout,no,no,0,missing,missing,,no,n/a,Unpublished returns 404
/hi/blog/9-16-format-for-reels-and-stories,hi,404,,,,,n/a,noindex site-wide layout,no,no,0,missing,missing,,no,n/a,Unpublished returns 404
/id/blog/9-16-format-for-reels-and-stories,id,404,,,,,n/a,noindex site-wide layout,no,no,0,missing,missing,,no,n/a,Unpublished returns 404
/vi/blog/9-16-format-for-reels-and-stories,vi,404,,,,,n/a,noindex site-wide layout,no,no,0,missing,missing,,no,n/a,Unpublished returns 404
/zh/blog/9-16-format-for-reels-and-stories,zh,404,,,,,n/a,noindex site-wide layout,no,no,0,missing,missing,,no,n/a,Unpublished returns 404
/ru/blog/how-to-make-reels-from-a-product-photo,ru,404,Как сделать Reels из фото товара,"Как сделать Reels из фото товара: практический гид Vitrina AI Studio с чеклистом качества, ограничениями AI и ссылками на связанные use cases.",Как сделать Reels из фото товара,,n/a,noindex site-wide layout,no,no,0,missing,missing,,no,n/a,Unpublished returns 404
/en/blog/how-to-make-reels-from-a-product-photo,en,404,How to make Reels from a product photo,"How to make Reels from a product photo: a practical Vitrina AI Studio guide with a quality checklist, AI limitations, and related use cases.",How to make Reels from a product photo,,n/a,noindex site-wide layout,no,no,0,missing,missing,,no,n/a,Unpublished returns 404
/kk/blog/how-to-make-reels-from-a-product-photo,kk,404,,,,,n/a,noindex site-wide layout,no,no,0,missing,missing,,no,n/a,Unpublished returns 404
/ky/blog/how-to-make-reels-from-a-product-photo,ky,404,,,,,n/a,noindex site-wide layout,no,no,0,missing,missing,,no,n/a,Unpublished returns 404
/uz/blog/how-to-make-reels-from-a-product-photo,uz,404,,,,,n/a,noindex site-wide layout,no,no,0,missing,missing,,no,n/a,Unpublished returns 404
/tg/blog/how-to-make-reels-from-a-product-photo,tg,404,,,,,n/a,noindex site-wide layout,no,no,0,missing,missing,,no,n/a,Unpublished returns 404
/tr/blog/how-to-make-reels-from-a-product-photo,tr,404,,,,,n/a,noindex site-wide layout,no,no,0,missing,missing,,no,n/a,Unpublished returns 404
/az/blog/how-to-make-reels-from-a-product-photo,az,404,,,,,n/a,noindex site-wide layout,no,no,0,missing,missing,,no,n/a,Unpublished returns 404
/ar/blog/how-to-make-reels-from-a-product-photo,ar,404,,,,,n/a,noindex site-wide layout,no,no,0,missing,missing,,no,n/a,Unpublished returns 404
/es/blog/how-to-make-reels-from-a-product-photo,es,404,,,,,n/a,noindex site-wide layout,no,no,0,missing,missing,,no,n/a,Unpublished returns 404
/pt/blog/how-to-make-reels-from-a-product-photo,pt,404,,,,,n/a,noindex site-wide layout,no,no,0,missing,missing,,no,n/a,Unpublished returns 404
/fr/blog/how-to-make-reels-from-a-product-photo,fr,404,,,,,n/a,noindex site-wide layout,no,no,0,missing,missing,,no,n/a,Unpublished returns 404
/de/blog/how-to-make-reels-from-a-product-photo,de,404,,,,,n/a,noindex site-wide layout,no,no,0,missing,missing,,no,n/a,Unpublished returns 404
/it/blog/how-to-make-reels-from-a-product-photo,it,404,,,,,n/a,noindex site-wide layout,no,no,0,missing,missing,,no,n/a,Unpublished returns 404
/pl/blog/how-to-make-reels-from-a-product-photo,pl,404,,,,,n/a,noindex site-wide layout,no,no,0,missing,missing,,no,n/a,Unpublished returns 404
/uk/blog/how-to-make-reels-from-a-product-photo,uk,404,,,,,n/a,noindex site-wide layout,no,no,0,missing,missing,,no,n/a,Unpublished returns 404
/hi/blog/how-to-make-reels-from-a-product-photo,hi,404,,,,,n/a,noindex site-wide layout,no,no,0,missing,missing,,no,n/a,Unpublished returns 404
/id/blog/how-to-make-reels-from-a-product-photo,id,404,,,,,n/a,noindex site-wide layout,no,no,0,missing,missing,,no,n/a,Unpublished returns 404
/vi/blog/how-to-make-reels-from-a-product-photo,vi,404,,,,,n/a,noindex site-wide layout,no,no,0,missing,missing,,no,n/a,Unpublished returns 404
/zh/blog/how-to-make-reels-from-a-product-photo,zh,404,,,,,n/a,noindex site-wide layout,no,no,0,missing,missing,,no,n/a,Unpublished returns 404
/ru/blog/how-to-create-a-product-video-from-a-photo,ru,404,Как сделать видео товара из фотографии,"Как сделать видео товара из фотографии: практический гид Vitrina AI Studio с чеклистом качества, ограничениями AI и ссылками на связанные use cases.",Как сделать видео товара из фотографии,,n/a,noindex site-wide layout,no,no,0,missing,missing,,no,n/a,Unpublished returns 404
/en/blog/how-to-create-a-product-video-from-a-photo,en,404,How to create a product video from a photo,"How to create a product video from a photo: a practical Vitrina AI Studio guide with a quality checklist, AI limitations, and related use cases.",How to create a product video from a photo,,n/a,noindex site-wide layout,no,no,0,missing,missing,,no,n/a,Unpublished returns 404
/kk/blog/how-to-create-a-product-video-from-a-photo,kk,404,,,,,n/a,noindex site-wide layout,no,no,0,missing,missing,,no,n/a,Unpublished returns 404
/ky/blog/how-to-create-a-product-video-from-a-photo,ky,404,,,,,n/a,noindex site-wide layout,no,no,0,missing,missing,,no,n/a,Unpublished returns 404
/uz/blog/how-to-create-a-product-video-from-a-photo,uz,404,,,,,n/a,noindex site-wide layout,no,no,0,missing,missing,,no,n/a,Unpublished returns 404
/tg/blog/how-to-create-a-product-video-from-a-photo,tg,404,,,,,n/a,noindex site-wide layout,no,no,0,missing,missing,,no,n/a,Unpublished returns 404
/tr/blog/how-to-create-a-product-video-from-a-photo,tr,404,,,,,n/a,noindex site-wide layout,no,no,0,missing,missing,,no,n/a,Unpublished returns 404
/az/blog/how-to-create-a-product-video-from-a-photo,az,404,,,,,n/a,noindex site-wide layout,no,no,0,missing,missing,,no,n/a,Unpublished returns 404
/ar/blog/how-to-create-a-product-video-from-a-photo,ar,404,,,,,n/a,noindex site-wide layout,no,no,0,missing,missing,,no,n/a,Unpublished returns 404
/es/blog/how-to-create-a-product-video-from-a-photo,es,404,,,,,n/a,noindex site-wide layout,no,no,0,missing,missing,,no,n/a,Unpublished returns 404
/pt/blog/how-to-create-a-product-video-from-a-photo,pt,404,,,,,n/a,noindex site-wide layout,no,no,0,missing,missing,,no,n/a,Unpublished returns 404
/fr/blog/how-to-create-a-product-video-from-a-photo,fr,404,,,,,n/a,noindex site-wide layout,no,no,0,missing,missing,,no,n/a,Unpublished returns 404
/de/blog/how-to-create-a-product-video-from-a-photo,de,404,,,,,n/a,noindex site-wide layout,no,no,0,missing,missing,,no,n/a,Unpublished returns 404
/it/blog/how-to-create-a-product-video-from-a-photo,it,404,,,,,n/a,noindex site-wide layout,no,no,0,missing,missing,,no,n/a,Unpublished returns 404
/pl/blog/how-to-create-a-product-video-from-a-photo,pl,404,,,,,n/a,noindex site-wide layout,no,no,0,missing,missing,,no,n/a,Unpublished returns 404
/uk/blog/how-to-create-a-product-video-from-a-photo,uk,404,,,,,n/a,noindex site-wide layout,no,no,0,missing,missing,,no,n/a,Unpublished returns 404
/hi/blog/how-to-create-a-product-video-from-a-photo,hi,404,,,,,n/a,noindex site-wide layout,no,no,0,missing,missing,,no,n/a,Unpublished returns 404
/id/blog/how-to-create-a-product-video-from-a-photo,id,404,,,,,n/a,noindex site-wide layout,no,no,0,missing,missing,,no,n/a,Unpublished returns 404
/vi/blog/how-to-create-a-product-video-from-a-photo,vi,404,,,,,n/a,noindex site-wide layout,no,no,0,missing,missing,,no,n/a,Unpublished returns 404
/zh/blog/how-to-create-a-product-video-from-a-photo,zh,404,,,,,n/a,noindex site-wide layout,no,no,0,missing,missing,,no,n/a,Unpublished returns 404
/ru/blog/how-to-prepare-product-photos-for-instagram,ru,404,Как подготовить фото для Instagram,"Как подготовить фото для Instagram: практический гид Vitrina AI Studio с чеклистом качества, ограничениями AI и ссылками на связанные use cases.",Как подготовить фото для Instagram,,n/a,noindex site-wide layout,no,no,0,missing,missing,,no,n/a,Unpublished returns 404
/en/blog/how-to-prepare-product-photos-for-instagram,en,404,How to prepare product photos for Instagram,"How to prepare product photos for Instagram: a practical Vitrina AI Studio guide with a quality checklist, AI limitations, and related use cases.",How to prepare product photos for Instagram,,n/a,noindex site-wide layout,no,no,0,missing,missing,,no,n/a,Unpublished returns 404
/kk/blog/how-to-prepare-product-photos-for-instagram,kk,404,,,,,n/a,noindex site-wide layout,no,no,0,missing,missing,,no,n/a,Unpublished returns 404
/ky/blog/how-to-prepare-product-photos-for-instagram,ky,404,,,,,n/a,noindex site-wide layout,no,no,0,missing,missing,,no,n/a,Unpublished returns 404
/uz/blog/how-to-prepare-product-photos-for-instagram,uz,404,,,,,n/a,noindex site-wide layout,no,no,0,missing,missing,,no,n/a,Unpublished returns 404
/tg/blog/how-to-prepare-product-photos-for-instagram,tg,404,,,,,n/a,noindex site-wide layout,no,no,0,missing,missing,,no,n/a,Unpublished returns 404
/tr/blog/how-to-prepare-product-photos-for-instagram,tr,404,,,,,n/a,noindex site-wide layout,no,no,0,missing,missing,,no,n/a,Unpublished returns 404
/az/blog/how-to-prepare-product-photos-for-instagram,az,404,,,,,n/a,noindex site-wide layout,no,no,0,missing,missing,,no,n/a,Unpublished returns 404
/ar/blog/how-to-prepare-product-photos-for-instagram,ar,404,,,,,n/a,noindex site-wide layout,no,no,0,missing,missing,,no,n/a,Unpublished returns 404
/es/blog/how-to-prepare-product-photos-for-instagram,es,404,,,,,n/a,noindex site-wide layout,no,no,0,missing,missing,,no,n/a,Unpublished returns 404
/pt/blog/how-to-prepare-product-photos-for-instagram,pt,404,,,,,n/a,noindex site-wide layout,no,no,0,missing,missing,,no,n/a,Unpublished returns 404
/fr/blog/how-to-prepare-product-photos-for-instagram,fr,404,,,,,n/a,noindex site-wide layout,no,no,0,missing,missing,,no,n/a,Unpublished returns 404
/de/blog/how-to-prepare-product-photos-for-instagram,de,404,,,,,n/a,noindex site-wide layout,no,no,0,missing,missing,,no,n/a,Unpublished returns 404
/it/blog/how-to-prepare-product-photos-for-instagram,it,404,,,,,n/a,noindex site-wide layout,no,no,0,missing,missing,,no,n/a,Unpublished returns 404
/pl/blog/how-to-prepare-product-photos-for-instagram,pl,404,,,,,n/a,noindex site-wide layout,no,no,0,missing,missing,,no,n/a,Unpublished returns 404
/uk/blog/how-to-prepare-product-photos-for-instagram,uk,404,,,,,n/a,noindex site-wide layout,no,no,0,missing,missing,,no,n/a,Unpublished returns 404
/hi/blog/how-to-prepare-product-photos-for-instagram,hi,404,,,,,n/a,noindex site-wide layout,no,no,0,missing,missing,,no,n/a,Unpublished returns 404
/id/blog/how-to-prepare-product-photos-for-instagram,id,404,,,,,n/a,noindex site-wide layout,no,no,0,missing,missing,,no,n/a,Unpublished returns 404
/vi/blog/how-to-prepare-product-photos-for-instagram,vi,404,,,,,n/a,noindex site-wide layout,no,no,0,missing,missing,,no,n/a,Unpublished returns 404
/zh/blog/how-to-prepare-product-photos-for-instagram,zh,404,,,,,n/a,noindex site-wide layout,no,no,0,missing,missing,,no,n/a,Unpublished returns 404
/ru/blog/how-to-make-a-product-banner-for-ads,ru,404,Как сделать баннер товара для рекламы,"Как сделать баннер товара для рекламы: практический гид Vitrina AI Studio с чеклистом качества, ограничениями AI и ссылками на связанные use cases.",Как сделать баннер товара для рекламы,,n/a,noindex site-wide layout,no,no,0,missing,missing,,no,n/a,Unpublished returns 404
/en/blog/how-to-make-a-product-banner-for-ads,en,404,How to make a product banner for ads,"How to make a product banner for ads: a practical Vitrina AI Studio guide with a quality checklist, AI limitations, and related use cases.",How to make a product banner for ads,,n/a,noindex site-wide layout,no,no,0,missing,missing,,no,n/a,Unpublished returns 404
/kk/blog/how-to-make-a-product-banner-for-ads,kk,404,,,,,n/a,noindex site-wide layout,no,no,0,missing,missing,,no,n/a,Unpublished returns 404
/ky/blog/how-to-make-a-product-banner-for-ads,ky,404,,,,,n/a,noindex site-wide layout,no,no,0,missing,missing,,no,n/a,Unpublished returns 404
/uz/blog/how-to-make-a-product-banner-for-ads,uz,404,,,,,n/a,noindex site-wide layout,no,no,0,missing,missing,,no,n/a,Unpublished returns 404
/tg/blog/how-to-make-a-product-banner-for-ads,tg,404,,,,,n/a,noindex site-wide layout,no,no,0,missing,missing,,no,n/a,Unpublished returns 404
/tr/blog/how-to-make-a-product-banner-for-ads,tr,404,,,,,n/a,noindex site-wide layout,no,no,0,missing,missing,,no,n/a,Unpublished returns 404
/az/blog/how-to-make-a-product-banner-for-ads,az,404,,,,,n/a,noindex site-wide layout,no,no,0,missing,missing,,no,n/a,Unpublished returns 404
/ar/blog/how-to-make-a-product-banner-for-ads,ar,404,,,,,n/a,noindex site-wide layout,no,no,0,missing,missing,,no,n/a,Unpublished returns 404
/es/blog/how-to-make-a-product-banner-for-ads,es,404,,,,,n/a,noindex site-wide layout,no,no,0,missing,missing,,no,n/a,Unpublished returns 404
/pt/blog/how-to-make-a-product-banner-for-ads,pt,404,,,,,n/a,noindex site-wide layout,no,no,0,missing,missing,,no,n/a,Unpublished returns 404
/fr/blog/how-to-make-a-product-banner-for-ads,fr,404,,,,,n/a,noindex site-wide layout,no,no,0,missing,missing,,no,n/a,Unpublished returns 404
/de/blog/how-to-make-a-product-banner-for-ads,de,404,,,,,n/a,noindex site-wide layout,no,no,0,missing,missing,,no,n/a,Unpublished returns 404
/it/blog/how-to-make-a-product-banner-for-ads,it,404,,,,,n/a,noindex site-wide layout,no,no,0,missing,missing,,no,n/a,Unpublished returns 404
/pl/blog/how-to-make-a-product-banner-for-ads,pl,404,,,,,n/a,noindex site-wide layout,no,no,0,missing,missing,,no,n/a,Unpublished returns 404
/uk/blog/how-to-make-a-product-banner-for-ads,uk,404,,,,,n/a,noindex site-wide layout,no,no,0,missing,missing,,no,n/a,Unpublished returns 404
/hi/blog/how-to-make-a-product-banner-for-ads,hi,404,,,,,n/a,noindex site-wide layout,no,no,0,missing,missing,,no,n/a,Unpublished returns 404
/id/blog/how-to-make-a-product-banner-for-ads,id,404,,,,,n/a,noindex site-wide layout,no,no,0,missing,missing,,no,n/a,Unpublished returns 404
/vi/blog/how-to-make-a-product-banner-for-ads,vi,404,,,,,n/a,noindex site-wide layout,no,no,0,missing,missing,,no,n/a,Unpublished returns 404
/zh/blog/how-to-make-a-product-banner-for-ads,zh,404,,,,,n/a,noindex site-wide layout,no,no,0,missing,missing,,no,n/a,Unpublished returns 404
/ru/blog/how-to-adapt-product-photos-for-different-platforms,ru,404,Как адаптировать фото товара под разные площадки,"Как адаптировать фото товара под разные площадки: практический гид Vitrina AI Studio с чеклистом качества, ограничениями AI и ссылками на связанные use cases.",Как адаптировать фото товара под разные площадки,,n/a,noindex site-wide layout,no,no,0,missing,missing,,no,n/a,Unpublished returns 404
/en/blog/how-to-adapt-product-photos-for-different-platforms,en,404,How to adapt product photos for different platforms,"How to adapt product photos for different platforms: a practical Vitrina AI Studio guide with a quality checklist, AI limitations, and related use cases.",How to adapt product photos for different platforms,,n/a,noindex site-wide layout,no,no,0,missing,missing,,no,n/a,Unpublished returns 404
/kk/blog/how-to-adapt-product-photos-for-different-platforms,kk,404,,,,,n/a,noindex site-wide layout,no,no,0,missing,missing,,no,n/a,Unpublished returns 404
/ky/blog/how-to-adapt-product-photos-for-different-platforms,ky,404,,,,,n/a,noindex site-wide layout,no,no,0,missing,missing,,no,n/a,Unpublished returns 404
/uz/blog/how-to-adapt-product-photos-for-different-platforms,uz,404,,,,,n/a,noindex site-wide layout,no,no,0,missing,missing,,no,n/a,Unpublished returns 404
/tg/blog/how-to-adapt-product-photos-for-different-platforms,tg,404,,,,,n/a,noindex site-wide layout,no,no,0,missing,missing,,no,n/a,Unpublished returns 404
/tr/blog/how-to-adapt-product-photos-for-different-platforms,tr,404,,,,,n/a,noindex site-wide layout,no,no,0,missing,missing,,no,n/a,Unpublished returns 404
/az/blog/how-to-adapt-product-photos-for-different-platforms,az,404,,,,,n/a,noindex site-wide layout,no,no,0,missing,missing,,no,n/a,Unpublished returns 404
/ar/blog/how-to-adapt-product-photos-for-different-platforms,ar,404,,,,,n/a,noindex site-wide layout,no,no,0,missing,missing,,no,n/a,Unpublished returns 404
/es/blog/how-to-adapt-product-photos-for-different-platforms,es,404,,,,,n/a,noindex site-wide layout,no,no,0,missing,missing,,no,n/a,Unpublished returns 404
/pt/blog/how-to-adapt-product-photos-for-different-platforms,pt,404,,,,,n/a,noindex site-wide layout,no,no,0,missing,missing,,no,n/a,Unpublished returns 404
/fr/blog/how-to-adapt-product-photos-for-different-platforms,fr,404,,,,,n/a,noindex site-wide layout,no,no,0,missing,missing,,no,n/a,Unpublished returns 404
/de/blog/how-to-adapt-product-photos-for-different-platforms,de,404,,,,,n/a,noindex site-wide layout,no,no,0,missing,missing,,no,n/a,Unpublished returns 404
/it/blog/how-to-adapt-product-photos-for-different-platforms,it,404,,,,,n/a,noindex site-wide layout,no,no,0,missing,missing,,no,n/a,Unpublished returns 404
/pl/blog/how-to-adapt-product-photos-for-different-platforms,pl,404,,,,,n/a,noindex site-wide layout,no,no,0,missing,missing,,no,n/a,Unpublished returns 404
/uk/blog/how-to-adapt-product-photos-for-different-platforms,uk,404,,,,,n/a,noindex site-wide layout,no,no,0,missing,missing,,no,n/a,Unpublished returns 404
/hi/blog/how-to-adapt-product-photos-for-different-platforms,hi,404,,,,,n/a,noindex site-wide layout,no,no,0,missing,missing,,no,n/a,Unpublished returns 404
/id/blog/how-to-adapt-product-photos-for-different-platforms,id,404,,,,,n/a,noindex site-wide layout,no,no,0,missing,missing,,no,n/a,Unpublished returns 404
/vi/blog/how-to-adapt-product-photos-for-different-platforms,vi,404,,,,,n/a,noindex site-wide layout,no,no,0,missing,missing,,no,n/a,Unpublished returns 404
/zh/blog/how-to-adapt-product-photos-for-different-platforms,zh,404,,,,,n/a,noindex site-wide layout,no,no,0,missing,missing,,no,n/a,Unpublished returns 404
/ru/blog/how-to-make-a-vertical-product-photo,ru,404,Как сделать вертикальное фото товара,"Как сделать вертикальное фото товара: практический гид Vitrina AI Studio с чеклистом качества, ограничениями AI и ссылками на связанные use cases.",Как сделать вертикальное фото товара,,n/a,noindex site-wide layout,no,no,0,missing,missing,,no,n/a,Unpublished returns 404
/en/blog/how-to-make-a-vertical-product-photo,en,404,How to make a vertical product photo,"How to make a vertical product photo: a practical Vitrina AI Studio guide with a quality checklist, AI limitations, and related use cases.",How to make a vertical product photo,,n/a,noindex site-wide layout,no,no,0,missing,missing,,no,n/a,Unpublished returns 404
/kk/blog/how-to-make-a-vertical-product-photo,kk,404,,,,,n/a,noindex site-wide layout,no,no,0,missing,missing,,no,n/a,Unpublished returns 404
/ky/blog/how-to-make-a-vertical-product-photo,ky,404,,,,,n/a,noindex site-wide layout,no,no,0,missing,missing,,no,n/a,Unpublished returns 404
/uz/blog/how-to-make-a-vertical-product-photo,uz,404,,,,,n/a,noindex site-wide layout,no,no,0,missing,missing,,no,n/a,Unpublished returns 404
/tg/blog/how-to-make-a-vertical-product-photo,tg,404,,,,,n/a,noindex site-wide layout,no,no,0,missing,missing,,no,n/a,Unpublished returns 404
/tr/blog/how-to-make-a-vertical-product-photo,tr,404,,,,,n/a,noindex site-wide layout,no,no,0,missing,missing,,no,n/a,Unpublished returns 404
/az/blog/how-to-make-a-vertical-product-photo,az,404,,,,,n/a,noindex site-wide layout,no,no,0,missing,missing,,no,n/a,Unpublished returns 404
/ar/blog/how-to-make-a-vertical-product-photo,ar,404,,,,,n/a,noindex site-wide layout,no,no,0,missing,missing,,no,n/a,Unpublished returns 404
/es/blog/how-to-make-a-vertical-product-photo,es,404,,,,,n/a,noindex site-wide layout,no,no,0,missing,missing,,no,n/a,Unpublished returns 404
/pt/blog/how-to-make-a-vertical-product-photo,pt,404,,,,,n/a,noindex site-wide layout,no,no,0,missing,missing,,no,n/a,Unpublished returns 404
/fr/blog/how-to-make-a-vertical-product-photo,fr,404,,,,,n/a,noindex site-wide layout,no,no,0,missing,missing,,no,n/a,Unpublished returns 404
/de/blog/how-to-make-a-vertical-product-photo,de,404,,,,,n/a,noindex site-wide layout,no,no,0,missing,missing,,no,n/a,Unpublished returns 404
/it/blog/how-to-make-a-vertical-product-photo,it,404,,,,,n/a,noindex site-wide layout,no,no,0,missing,missing,,no,n/a,Unpublished returns 404
/pl/blog/how-to-make-a-vertical-product-photo,pl,404,,,,,n/a,noindex site-wide layout,no,no,0,missing,missing,,no,n/a,Unpublished returns 404
/uk/blog/how-to-make-a-vertical-product-photo,uk,404,,,,,n/a,noindex site-wide layout,no,no,0,missing,missing,,no,n/a,Unpublished returns 404
/hi/blog/how-to-make-a-vertical-product-photo,hi,404,,,,,n/a,noindex site-wide layout,no,no,0,missing,missing,,no,n/a,Unpublished returns 404
/id/blog/how-to-make-a-vertical-product-photo,id,404,,,,,n/a,noindex site-wide layout,no,no,0,missing,missing,,no,n/a,Unpublished returns 404
/vi/blog/how-to-make-a-vertical-product-photo,vi,404,,,,,n/a,noindex site-wide layout,no,no,0,missing,missing,,no,n/a,Unpublished returns 404
/zh/blog/how-to-make-a-vertical-product-photo,zh,404,,,,,n/a,noindex site-wide layout,no,no,0,missing,missing,,no,n/a,Unpublished returns 404
/ru/blog/how-to-make-a-horizontal-product-photo,ru,404,Как сделать горизонтальное фото товара,"Как сделать горизонтальное фото товара: практический гид Vitrina AI Studio с чеклистом качества, ограничениями AI и ссылками на связанные use cases.",Как сделать горизонтальное фото товара,,n/a,noindex site-wide layout,no,no,0,missing,missing,,no,n/a,Unpublished returns 404
/en/blog/how-to-make-a-horizontal-product-photo,en,404,How to make a horizontal product photo,"How to make a horizontal product photo: a practical Vitrina AI Studio guide with a quality checklist, AI limitations, and related use cases.",How to make a horizontal product photo,,n/a,noindex site-wide layout,no,no,0,missing,missing,,no,n/a,Unpublished returns 404
/kk/blog/how-to-make-a-horizontal-product-photo,kk,404,,,,,n/a,noindex site-wide layout,no,no,0,missing,missing,,no,n/a,Unpublished returns 404
/ky/blog/how-to-make-a-horizontal-product-photo,ky,404,,,,,n/a,noindex site-wide layout,no,no,0,missing,missing,,no,n/a,Unpublished returns 404
/uz/blog/how-to-make-a-horizontal-product-photo,uz,404,,,,,n/a,noindex site-wide layout,no,no,0,missing,missing,,no,n/a,Unpublished returns 404
/tg/blog/how-to-make-a-horizontal-product-photo,tg,404,,,,,n/a,noindex site-wide layout,no,no,0,missing,missing,,no,n/a,Unpublished returns 404
/tr/blog/how-to-make-a-horizontal-product-photo,tr,404,,,,,n/a,noindex site-wide layout,no,no,0,missing,missing,,no,n/a,Unpublished returns 404
/az/blog/how-to-make-a-horizontal-product-photo,az,404,,,,,n/a,noindex site-wide layout,no,no,0,missing,missing,,no,n/a,Unpublished returns 404
/ar/blog/how-to-make-a-horizontal-product-photo,ar,404,,,,,n/a,noindex site-wide layout,no,no,0,missing,missing,,no,n/a,Unpublished returns 404
/es/blog/how-to-make-a-horizontal-product-photo,es,404,,,,,n/a,noindex site-wide layout,no,no,0,missing,missing,,no,n/a,Unpublished returns 404
/pt/blog/how-to-make-a-horizontal-product-photo,pt,404,,,,,n/a,noindex site-wide layout,no,no,0,missing,missing,,no,n/a,Unpublished returns 404
/fr/blog/how-to-make-a-horizontal-product-photo,fr,404,,,,,n/a,noindex site-wide layout,no,no,0,missing,missing,,no,n/a,Unpublished returns 404
/de/blog/how-to-make-a-horizontal-product-photo,de,404,,,,,n/a,noindex site-wide layout,no,no,0,missing,missing,,no,n/a,Unpublished returns 404
/it/blog/how-to-make-a-horizontal-product-photo,it,404,,,,,n/a,noindex site-wide layout,no,no,0,missing,missing,,no,n/a,Unpublished returns 404
/pl/blog/how-to-make-a-horizontal-product-photo,pl,404,,,,,n/a,noindex site-wide layout,no,no,0,missing,missing,,no,n/a,Unpublished returns 404
/uk/blog/how-to-make-a-horizontal-product-photo,uk,404,,,,,n/a,noindex site-wide layout,no,no,0,missing,missing,,no,n/a,Unpublished returns 404
/hi/blog/how-to-make-a-horizontal-product-photo,hi,404,,,,,n/a,noindex site-wide layout,no,no,0,missing,missing,,no,n/a,Unpublished returns 404
/id/blog/how-to-make-a-horizontal-product-photo,id,404,,,,,n/a,noindex site-wide layout,no,no,0,missing,missing,,no,n/a,Unpublished returns 404
/vi/blog/how-to-make-a-horizontal-product-photo,vi,404,,,,,n/a,noindex site-wide layout,no,no,0,missing,missing,,no,n/a,Unpublished returns 404
/zh/blog/how-to-make-a-horizontal-product-photo,zh,404,,,,,n/a,noindex site-wide layout,no,no,0,missing,missing,,no,n/a,Unpublished returns 404
/ru/blog/how-sellers-can-prepare-a-product-catalog-quickly,ru,404,Как продавцу быстро подготовить каталог товаров,"Как продавцу быстро подготовить каталог товаров: практический гид Vitrina AI Studio с чеклистом качества, ограничениями AI и ссылками на связанные use cases.",Как продавцу быстро подготовить каталог товаров,,n/a,noindex site-wide layout,no,no,0,missing,missing,,no,n/a,Unpublished returns 404
/en/blog/how-sellers-can-prepare-a-product-catalog-quickly,en,404,How sellers can prepare a product catalog quickly,"How sellers can prepare a product catalog quickly: a practical Vitrina AI Studio guide with a quality checklist, AI limitations, and related use cases.",How sellers can prepare a product catalog quickly,,n/a,noindex site-wide layout,no,no,0,missing,missing,,no,n/a,Unpublished returns 404
/kk/blog/how-sellers-can-prepare-a-product-catalog-quickly,kk,404,,,,,n/a,noindex site-wide layout,no,no,0,missing,missing,,no,n/a,Unpublished returns 404
/ky/blog/how-sellers-can-prepare-a-product-catalog-quickly,ky,404,,,,,n/a,noindex site-wide layout,no,no,0,missing,missing,,no,n/a,Unpublished returns 404
/uz/blog/how-sellers-can-prepare-a-product-catalog-quickly,uz,404,,,,,n/a,noindex site-wide layout,no,no,0,missing,missing,,no,n/a,Unpublished returns 404
/tg/blog/how-sellers-can-prepare-a-product-catalog-quickly,tg,404,,,,,n/a,noindex site-wide layout,no,no,0,missing,missing,,no,n/a,Unpublished returns 404
/tr/blog/how-sellers-can-prepare-a-product-catalog-quickly,tr,404,,,,,n/a,noindex site-wide layout,no,no,0,missing,missing,,no,n/a,Unpublished returns 404
/az/blog/how-sellers-can-prepare-a-product-catalog-quickly,az,404,,,,,n/a,noindex site-wide layout,no,no,0,missing,missing,,no,n/a,Unpublished returns 404
/ar/blog/how-sellers-can-prepare-a-product-catalog-quickly,ar,404,,,,,n/a,noindex site-wide layout,no,no,0,missing,missing,,no,n/a,Unpublished returns 404
/es/blog/how-sellers-can-prepare-a-product-catalog-quickly,es,404,,,,,n/a,noindex site-wide layout,no,no,0,missing,missing,,no,n/a,Unpublished returns 404
/pt/blog/how-sellers-can-prepare-a-product-catalog-quickly,pt,404,,,,,n/a,noindex site-wide layout,no,no,0,missing,missing,,no,n/a,Unpublished returns 404
/fr/blog/how-sellers-can-prepare-a-product-catalog-quickly,fr,404,,,,,n/a,noindex site-wide layout,no,no,0,missing,missing,,no,n/a,Unpublished returns 404
/de/blog/how-sellers-can-prepare-a-product-catalog-quickly,de,404,,,,,n/a,noindex site-wide layout,no,no,0,missing,missing,,no,n/a,Unpublished returns 404
/it/blog/how-sellers-can-prepare-a-product-catalog-quickly,it,404,,,,,n/a,noindex site-wide layout,no,no,0,missing,missing,,no,n/a,Unpublished returns 404
/pl/blog/how-sellers-can-prepare-a-product-catalog-quickly,pl,404,,,,,n/a,noindex site-wide layout,no,no,0,missing,missing,,no,n/a,Unpublished returns 404
/uk/blog/how-sellers-can-prepare-a-product-catalog-quickly,uk,404,,,,,n/a,noindex site-wide layout,no,no,0,missing,missing,,no,n/a,Unpublished returns 404
/hi/blog/how-sellers-can-prepare-a-product-catalog-quickly,hi,404,,,,,n/a,noindex site-wide layout,no,no,0,missing,missing,,no,n/a,Unpublished returns 404
/id/blog/how-sellers-can-prepare-a-product-catalog-quickly,id,404,,,,,n/a,noindex site-wide layout,no,no,0,missing,missing,,no,n/a,Unpublished returns 404
/vi/blog/how-sellers-can-prepare-a-product-catalog-quickly,vi,404,,,,,n/a,noindex site-wide layout,no,no,0,missing,missing,,no,n/a,Unpublished returns 404
/zh/blog/how-sellers-can-prepare-a-product-catalog-quickly,zh,404,,,,,n/a,noindex site-wide layout,no,no,0,missing,missing,,no,n/a,Unpublished returns 404
/ru/blog/how-marketplace-managers-can-speed-up-content,ru,404,Как менеджеру маркетплейса ускорить контент,"Как менеджеру маркетплейса ускорить контент: практический гид Vitrina AI Studio с чеклистом качества, ограничениями AI и ссылками на связанные use cases.",Как менеджеру маркетплейса ускорить контент,,n/a,noindex site-wide layout,no,no,0,missing,missing,,no,n/a,Unpublished returns 404
/en/blog/how-marketplace-managers-can-speed-up-content,en,404,How marketplace managers can speed up content,"How marketplace managers can speed up content: a practical Vitrina AI Studio guide with a quality checklist, AI limitations, and related use cases.",How marketplace managers can speed up content,,n/a,noindex site-wide layout,no,no,0,missing,missing,,no,n/a,Unpublished returns 404
/kk/blog/how-marketplace-managers-can-speed-up-content,kk,404,,,,,n/a,noindex site-wide layout,no,no,0,missing,missing,,no,n/a,Unpublished returns 404
/ky/blog/how-marketplace-managers-can-speed-up-content,ky,404,,,,,n/a,noindex site-wide layout,no,no,0,missing,missing,,no,n/a,Unpublished returns 404
/uz/blog/how-marketplace-managers-can-speed-up-content,uz,404,,,,,n/a,noindex site-wide layout,no,no,0,missing,missing,,no,n/a,Unpublished returns 404
/tg/blog/how-marketplace-managers-can-speed-up-content,tg,404,,,,,n/a,noindex site-wide layout,no,no,0,missing,missing,,no,n/a,Unpublished returns 404
/tr/blog/how-marketplace-managers-can-speed-up-content,tr,404,,,,,n/a,noindex site-wide layout,no,no,0,missing,missing,,no,n/a,Unpublished returns 404
/az/blog/how-marketplace-managers-can-speed-up-content,az,404,,,,,n/a,noindex site-wide layout,no,no,0,missing,missing,,no,n/a,Unpublished returns 404
/ar/blog/how-marketplace-managers-can-speed-up-content,ar,404,,,,,n/a,noindex site-wide layout,no,no,0,missing,missing,,no,n/a,Unpublished returns 404
/es/blog/how-marketplace-managers-can-speed-up-content,es,404,,,,,n/a,noindex site-wide layout,no,no,0,missing,missing,,no,n/a,Unpublished returns 404
/pt/blog/how-marketplace-managers-can-speed-up-content,pt,404,,,,,n/a,noindex site-wide layout,no,no,0,missing,missing,,no,n/a,Unpublished returns 404
/fr/blog/how-marketplace-managers-can-speed-up-content,fr,404,,,,,n/a,noindex site-wide layout,no,no,0,missing,missing,,no,n/a,Unpublished returns 404
/de/blog/how-marketplace-managers-can-speed-up-content,de,404,,,,,n/a,noindex site-wide layout,no,no,0,missing,missing,,no,n/a,Unpublished returns 404
/it/blog/how-marketplace-managers-can-speed-up-content,it,404,,,,,n/a,noindex site-wide layout,no,no,0,missing,missing,,no,n/a,Unpublished returns 404
/pl/blog/how-marketplace-managers-can-speed-up-content,pl,404,,,,,n/a,noindex site-wide layout,no,no,0,missing,missing,,no,n/a,Unpublished returns 404
/uk/blog/how-marketplace-managers-can-speed-up-content,uk,404,,,,,n/a,noindex site-wide layout,no,no,0,missing,missing,,no,n/a,Unpublished returns 404
/hi/blog/how-marketplace-managers-can-speed-up-content,hi,404,,,,,n/a,noindex site-wide layout,no,no,0,missing,missing,,no,n/a,Unpublished returns 404
/id/blog/how-marketplace-managers-can-speed-up-content,id,404,,,,,n/a,noindex site-wide layout,no,no,0,missing,missing,,no,n/a,Unpublished returns 404
/vi/blog/how-marketplace-managers-can-speed-up-content,vi,404,,,,,n/a,noindex site-wide layout,no,no,0,missing,missing,,no,n/a,Unpublished returns 404
/zh/blog/how-marketplace-managers-can-speed-up-content,zh,404,,,,,n/a,noindex site-wide layout,no,no,0,missing,missing,,no,n/a,Unpublished returns 404
/ru/blog/how-a-showroom-can-create-product-photos-without-a-photographer,ru,404,Как шоуруму сделать фото товаров без фотографа,"Как шоуруму сделать фото товаров без фотографа: практический гид Vitrina AI Studio с чеклистом качества, ограничениями AI и ссылками на связанные use cases.",Как шоуруму сделать фото товаров без фотографа,,n/a,noindex site-wide layout,no,no,0,missing,missing,,no,n/a,Unpublished returns 404
/en/blog/how-a-showroom-can-create-product-photos-without-a-photographer,en,404,How a showroom can create product photos without a photographer,"How a showroom can create product photos without a photographer: a practical Vitrina AI Studio guide with a quality checklist, AI limitations, and related use cases.",How a showroom can create product photos without a photographer,,n/a,noindex site-wide layout,no,no,0,missing,missing,,no,n/a,Unpublished returns 404
/kk/blog/how-a-showroom-can-create-product-photos-without-a-photographer,kk,404,,,,,n/a,noindex site-wide layout,no,no,0,missing,missing,,no,n/a,Unpublished returns 404
/ky/blog/how-a-showroom-can-create-product-photos-without-a-photographer,ky,404,,,,,n/a,noindex site-wide layout,no,no,0,missing,missing,,no,n/a,Unpublished returns 404
/uz/blog/how-a-showroom-can-create-product-photos-without-a-photographer,uz,404,,,,,n/a,noindex site-wide layout,no,no,0,missing,missing,,no,n/a,Unpublished returns 404
/tg/blog/how-a-showroom-can-create-product-photos-without-a-photographer,tg,404,,,,,n/a,noindex site-wide layout,no,no,0,missing,missing,,no,n/a,Unpublished returns 404
/tr/blog/how-a-showroom-can-create-product-photos-without-a-photographer,tr,404,,,,,n/a,noindex site-wide layout,no,no,0,missing,missing,,no,n/a,Unpublished returns 404
/az/blog/how-a-showroom-can-create-product-photos-without-a-photographer,az,404,,,,,n/a,noindex site-wide layout,no,no,0,missing,missing,,no,n/a,Unpublished returns 404
/ar/blog/how-a-showroom-can-create-product-photos-without-a-photographer,ar,404,,,,,n/a,noindex site-wide layout,no,no,0,missing,missing,,no,n/a,Unpublished returns 404
/es/blog/how-a-showroom-can-create-product-photos-without-a-photographer,es,404,,,,,n/a,noindex site-wide layout,no,no,0,missing,missing,,no,n/a,Unpublished returns 404
/pt/blog/how-a-showroom-can-create-product-photos-without-a-photographer,pt,404,,,,,n/a,noindex site-wide layout,no,no,0,missing,missing,,no,n/a,Unpublished returns 404
/fr/blog/how-a-showroom-can-create-product-photos-without-a-photographer,fr,404,,,,,n/a,noindex site-wide layout,no,no,0,missing,missing,,no,n/a,Unpublished returns 404
/de/blog/how-a-showroom-can-create-product-photos-without-a-photographer,de,404,,,,,n/a,noindex site-wide layout,no,no,0,missing,missing,,no,n/a,Unpublished returns 404
/it/blog/how-a-showroom-can-create-product-photos-without-a-photographer,it,404,,,,,n/a,noindex site-wide layout,no,no,0,missing,missing,,no,n/a,Unpublished returns 404
/pl/blog/how-a-showroom-can-create-product-photos-without-a-photographer,pl,404,,,,,n/a,noindex site-wide layout,no,no,0,missing,missing,,no,n/a,Unpublished returns 404
/uk/blog/how-a-showroom-can-create-product-photos-without-a-photographer,uk,404,,,,,n/a,noindex site-wide layout,no,no,0,missing,missing,,no,n/a,Unpublished returns 404
/hi/blog/how-a-showroom-can-create-product-photos-without-a-photographer,hi,404,,,,,n/a,noindex site-wide layout,no,no,0,missing,missing,,no,n/a,Unpublished returns 404
/id/blog/how-a-showroom-can-create-product-photos-without-a-photographer,id,404,,,,,n/a,noindex site-wide layout,no,no,0,missing,missing,,no,n/a,Unpublished returns 404
/vi/blog/how-a-showroom-can-create-product-photos-without-a-photographer,vi,404,,,,,n/a,noindex site-wide layout,no,no,0,missing,missing,,no,n/a,Unpublished returns 404
/zh/blog/how-a-showroom-can-create-product-photos-without-a-photographer,zh,404,,,,,n/a,noindex site-wide layout,no,no,0,missing,missing,,no,n/a,Unpublished returns 404
/ru/blog/how-suppliers-can-prepare-a-catalog-for-clients,ru,404,Как поставщику подготовить каталог для клиентов,"Как поставщику подготовить каталог для клиентов: практический гид Vitrina AI Studio с чеклистом качества, ограничениями AI и ссылками на связанные use cases.",Как поставщику подготовить каталог для клиентов,,n/a,noindex site-wide layout,no,no,0,missing,missing,,no,n/a,Unpublished returns 404
/en/blog/how-suppliers-can-prepare-a-catalog-for-clients,en,404,How suppliers can prepare a catalog for clients,"How suppliers can prepare a catalog for clients: a practical Vitrina AI Studio guide with a quality checklist, AI limitations, and related use cases.",How suppliers can prepare a catalog for clients,,n/a,noindex site-wide layout,no,no,0,missing,missing,,no,n/a,Unpublished returns 404
/kk/blog/how-suppliers-can-prepare-a-catalog-for-clients,kk,404,,,,,n/a,noindex site-wide layout,no,no,0,missing,missing,,no,n/a,Unpublished returns 404
/ky/blog/how-suppliers-can-prepare-a-catalog-for-clients,ky,404,,,,,n/a,noindex site-wide layout,no,no,0,missing,missing,,no,n/a,Unpublished returns 404
/uz/blog/how-suppliers-can-prepare-a-catalog-for-clients,uz,404,,,,,n/a,noindex site-wide layout,no,no,0,missing,missing,,no,n/a,Unpublished returns 404
/tg/blog/how-suppliers-can-prepare-a-catalog-for-clients,tg,404,,,,,n/a,noindex site-wide layout,no,no,0,missing,missing,,no,n/a,Unpublished returns 404
/tr/blog/how-suppliers-can-prepare-a-catalog-for-clients,tr,404,,,,,n/a,noindex site-wide layout,no,no,0,missing,missing,,no,n/a,Unpublished returns 404
/az/blog/how-suppliers-can-prepare-a-catalog-for-clients,az,404,,,,,n/a,noindex site-wide layout,no,no,0,missing,missing,,no,n/a,Unpublished returns 404
/ar/blog/how-suppliers-can-prepare-a-catalog-for-clients,ar,404,,,,,n/a,noindex site-wide layout,no,no,0,missing,missing,,no,n/a,Unpublished returns 404
/es/blog/how-suppliers-can-prepare-a-catalog-for-clients,es,404,,,,,n/a,noindex site-wide layout,no,no,0,missing,missing,,no,n/a,Unpublished returns 404
/pt/blog/how-suppliers-can-prepare-a-catalog-for-clients,pt,404,,,,,n/a,noindex site-wide layout,no,no,0,missing,missing,,no,n/a,Unpublished returns 404
/fr/blog/how-suppliers-can-prepare-a-catalog-for-clients,fr,404,,,,,n/a,noindex site-wide layout,no,no,0,missing,missing,,no,n/a,Unpublished returns 404
/de/blog/how-suppliers-can-prepare-a-catalog-for-clients,de,404,,,,,n/a,noindex site-wide layout,no,no,0,missing,missing,,no,n/a,Unpublished returns 404
/it/blog/how-suppliers-can-prepare-a-catalog-for-clients,it,404,,,,,n/a,noindex site-wide layout,no,no,0,missing,missing,,no,n/a,Unpublished returns 404
/pl/blog/how-suppliers-can-prepare-a-catalog-for-clients,pl,404,,,,,n/a,noindex site-wide layout,no,no,0,missing,missing,,no,n/a,Unpublished returns 404
/uk/blog/how-suppliers-can-prepare-a-catalog-for-clients,uk,404,,,,,n/a,noindex site-wide layout,no,no,0,missing,missing,,no,n/a,Unpublished returns 404
/hi/blog/how-suppliers-can-prepare-a-catalog-for-clients,hi,404,,,,,n/a,noindex site-wide layout,no,no,0,missing,missing,,no,n/a,Unpublished returns 404
/id/blog/how-suppliers-can-prepare-a-catalog-for-clients,id,404,,,,,n/a,noindex site-wide layout,no,no,0,missing,missing,,no,n/a,Unpublished returns 404
/vi/blog/how-suppliers-can-prepare-a-catalog-for-clients,vi,404,,,,,n/a,noindex site-wide layout,no,no,0,missing,missing,,no,n/a,Unpublished returns 404
/zh/blog/how-suppliers-can-prepare-a-catalog-for-clients,zh,404,,,,,n/a,noindex site-wide layout,no,no,0,missing,missing,,no,n/a,Unpublished returns 404
/ru/blog/how-small-businesses-can-create-product-cards,ru,404,Как малому бизнесу сделать карточки товаров,"Как малому бизнесу сделать карточки товаров: практический гид Vitrina AI Studio с чеклистом качества, ограничениями AI и ссылками на связанные use cases.",Как малому бизнесу сделать карточки товаров,,n/a,noindex site-wide layout,no,no,0,missing,missing,,no,n/a,Unpublished returns 404
/en/blog/how-small-businesses-can-create-product-cards,en,404,How small businesses can create product cards,"How small businesses can create product cards: a practical Vitrina AI Studio guide with a quality checklist, AI limitations, and related use cases.",How small businesses can create product cards,,n/a,noindex site-wide layout,no,no,0,missing,missing,,no,n/a,Unpublished returns 404
/kk/blog/how-small-businesses-can-create-product-cards,kk,404,,,,,n/a,noindex site-wide layout,no,no,0,missing,missing,,no,n/a,Unpublished returns 404
/ky/blog/how-small-businesses-can-create-product-cards,ky,404,,,,,n/a,noindex site-wide layout,no,no,0,missing,missing,,no,n/a,Unpublished returns 404
/uz/blog/how-small-businesses-can-create-product-cards,uz,404,,,,,n/a,noindex site-wide layout,no,no,0,missing,missing,,no,n/a,Unpublished returns 404
/tg/blog/how-small-businesses-can-create-product-cards,tg,404,,,,,n/a,noindex site-wide layout,no,no,0,missing,missing,,no,n/a,Unpublished returns 404
/tr/blog/how-small-businesses-can-create-product-cards,tr,404,,,,,n/a,noindex site-wide layout,no,no,0,missing,missing,,no,n/a,Unpublished returns 404
/az/blog/how-small-businesses-can-create-product-cards,az,404,,,,,n/a,noindex site-wide layout,no,no,0,missing,missing,,no,n/a,Unpublished returns 404
/ar/blog/how-small-businesses-can-create-product-cards,ar,404,,,,,n/a,noindex site-wide layout,no,no,0,missing,missing,,no,n/a,Unpublished returns 404
/es/blog/how-small-businesses-can-create-product-cards,es,404,,,,,n/a,noindex site-wide layout,no,no,0,missing,missing,,no,n/a,Unpublished returns 404
/pt/blog/how-small-businesses-can-create-product-cards,pt,404,,,,,n/a,noindex site-wide layout,no,no,0,missing,missing,,no,n/a,Unpublished returns 404
/fr/blog/how-small-businesses-can-create-product-cards,fr,404,,,,,n/a,noindex site-wide layout,no,no,0,missing,missing,,no,n/a,Unpublished returns 404
/de/blog/how-small-businesses-can-create-product-cards,de,404,,,,,n/a,noindex site-wide layout,no,no,0,missing,missing,,no,n/a,Unpublished returns 404
/it/blog/how-small-businesses-can-create-product-cards,it,404,,,,,n/a,noindex site-wide layout,no,no,0,missing,missing,,no,n/a,Unpublished returns 404
/pl/blog/how-small-businesses-can-create-product-cards,pl,404,,,,,n/a,noindex site-wide layout,no,no,0,missing,missing,,no,n/a,Unpublished returns 404
/uk/blog/how-small-businesses-can-create-product-cards,uk,404,,,,,n/a,noindex site-wide layout,no,no,0,missing,missing,,no,n/a,Unpublished returns 404
/hi/blog/how-small-businesses-can-create-product-cards,hi,404,,,,,n/a,noindex site-wide layout,no,no,0,missing,missing,,no,n/a,Unpublished returns 404
/id/blog/how-small-businesses-can-create-product-cards,id,404,,,,,n/a,noindex site-wide layout,no,no,0,missing,missing,,no,n/a,Unpublished returns 404
/vi/blog/how-small-businesses-can-create-product-cards,vi,404,,,,,n/a,noindex site-wide layout,no,no,0,missing,missing,,no,n/a,Unpublished returns 404
/zh/blog/how-small-businesses-can-create-product-cards,zh,404,,,,,n/a,noindex site-wide layout,no,no,0,missing,missing,,no,n/a,Unpublished returns 404
/ru/blog/how-to-reduce-product-photoshoot-costs,ru,404,Как сэкономить на товарной фотосъёмке,"Как сэкономить на товарной фотосъёмке: практический гид Vitrina AI Studio с чеклистом качества, ограничениями AI и ссылками на связанные use cases.",Как сэкономить на товарной фотосъёмке,,n/a,noindex site-wide layout,no,no,0,missing,missing,,no,n/a,Unpublished returns 404
/en/blog/how-to-reduce-product-photoshoot-costs,en,404,How to reduce product photoshoot costs,"How to reduce product photoshoot costs: a practical Vitrina AI Studio guide with a quality checklist, AI limitations, and related use cases.",How to reduce product photoshoot costs,,n/a,noindex site-wide layout,no,no,0,missing,missing,,no,n/a,Unpublished returns 404
/kk/blog/how-to-reduce-product-photoshoot-costs,kk,404,,,,,n/a,noindex site-wide layout,no,no,0,missing,missing,,no,n/a,Unpublished returns 404
/ky/blog/how-to-reduce-product-photoshoot-costs,ky,404,,,,,n/a,noindex site-wide layout,no,no,0,missing,missing,,no,n/a,Unpublished returns 404
/uz/blog/how-to-reduce-product-photoshoot-costs,uz,404,,,,,n/a,noindex site-wide layout,no,no,0,missing,missing,,no,n/a,Unpublished returns 404
/tg/blog/how-to-reduce-product-photoshoot-costs,tg,404,,,,,n/a,noindex site-wide layout,no,no,0,missing,missing,,no,n/a,Unpublished returns 404
/tr/blog/how-to-reduce-product-photoshoot-costs,tr,404,,,,,n/a,noindex site-wide layout,no,no,0,missing,missing,,no,n/a,Unpublished returns 404
/az/blog/how-to-reduce-product-photoshoot-costs,az,404,,,,,n/a,noindex site-wide layout,no,no,0,missing,missing,,no,n/a,Unpublished returns 404
/ar/blog/how-to-reduce-product-photoshoot-costs,ar,404,,,,,n/a,noindex site-wide layout,no,no,0,missing,missing,,no,n/a,Unpublished returns 404
/es/blog/how-to-reduce-product-photoshoot-costs,es,404,,,,,n/a,noindex site-wide layout,no,no,0,missing,missing,,no,n/a,Unpublished returns 404
/pt/blog/how-to-reduce-product-photoshoot-costs,pt,404,,,,,n/a,noindex site-wide layout,no,no,0,missing,missing,,no,n/a,Unpublished returns 404
/fr/blog/how-to-reduce-product-photoshoot-costs,fr,404,,,,,n/a,noindex site-wide layout,no,no,0,missing,missing,,no,n/a,Unpublished returns 404
/de/blog/how-to-reduce-product-photoshoot-costs,de,404,,,,,n/a,noindex site-wide layout,no,no,0,missing,missing,,no,n/a,Unpublished returns 404
/it/blog/how-to-reduce-product-photoshoot-costs,it,404,,,,,n/a,noindex site-wide layout,no,no,0,missing,missing,,no,n/a,Unpublished returns 404
/pl/blog/how-to-reduce-product-photoshoot-costs,pl,404,,,,,n/a,noindex site-wide layout,no,no,0,missing,missing,,no,n/a,Unpublished returns 404
/uk/blog/how-to-reduce-product-photoshoot-costs,uk,404,,,,,n/a,noindex site-wide layout,no,no,0,missing,missing,,no,n/a,Unpublished returns 404
/hi/blog/how-to-reduce-product-photoshoot-costs,hi,404,,,,,n/a,noindex site-wide layout,no,no,0,missing,missing,,no,n/a,Unpublished returns 404
/id/blog/how-to-reduce-product-photoshoot-costs,id,404,,,,,n/a,noindex site-wide layout,no,no,0,missing,missing,,no,n/a,Unpublished returns 404
/vi/blog/how-to-reduce-product-photoshoot-costs,vi,404,,,,,n/a,noindex site-wide layout,no,no,0,missing,missing,,no,n/a,Unpublished returns 404
/zh/blog/how-to-reduce-product-photoshoot-costs,zh,404,,,,,n/a,noindex site-wide layout,no,no,0,missing,missing,,no,n/a,Unpublished returns 404
/ru/blog/when-ai-product-photos-are-better-than-a-photoshoot,ru,404,Когда AI-фото лучше фотосессии,"Когда AI-фото лучше фотосессии: практический гид Vitrina AI Studio с чеклистом качества, ограничениями AI и ссылками на связанные use cases.",Когда AI-фото лучше фотосессии,,n/a,noindex site-wide layout,no,no,0,missing,missing,,no,n/a,Unpublished returns 404
/en/blog/when-ai-product-photos-are-better-than-a-photoshoot,en,404,When AI product photos are better than a photoshoot,"When AI product photos are better than a photoshoot: a practical Vitrina AI Studio guide with a quality checklist, AI limitations, and related use cases.",When AI product photos are better than a photoshoot,,n/a,noindex site-wide layout,no,no,0,missing,missing,,no,n/a,Unpublished returns 404
/kk/blog/when-ai-product-photos-are-better-than-a-photoshoot,kk,404,,,,,n/a,noindex site-wide layout,no,no,0,missing,missing,,no,n/a,Unpublished returns 404
/ky/blog/when-ai-product-photos-are-better-than-a-photoshoot,ky,404,,,,,n/a,noindex site-wide layout,no,no,0,missing,missing,,no,n/a,Unpublished returns 404
/uz/blog/when-ai-product-photos-are-better-than-a-photoshoot,uz,404,,,,,n/a,noindex site-wide layout,no,no,0,missing,missing,,no,n/a,Unpublished returns 404
/tg/blog/when-ai-product-photos-are-better-than-a-photoshoot,tg,404,,,,,n/a,noindex site-wide layout,no,no,0,missing,missing,,no,n/a,Unpublished returns 404
/tr/blog/when-ai-product-photos-are-better-than-a-photoshoot,tr,404,,,,,n/a,noindex site-wide layout,no,no,0,missing,missing,,no,n/a,Unpublished returns 404
/az/blog/when-ai-product-photos-are-better-than-a-photoshoot,az,404,,,,,n/a,noindex site-wide layout,no,no,0,missing,missing,,no,n/a,Unpublished returns 404
/ar/blog/when-ai-product-photos-are-better-than-a-photoshoot,ar,404,,,,,n/a,noindex site-wide layout,no,no,0,missing,missing,,no,n/a,Unpublished returns 404
/es/blog/when-ai-product-photos-are-better-than-a-photoshoot,es,404,,,,,n/a,noindex site-wide layout,no,no,0,missing,missing,,no,n/a,Unpublished returns 404
/pt/blog/when-ai-product-photos-are-better-than-a-photoshoot,pt,404,,,,,n/a,noindex site-wide layout,no,no,0,missing,missing,,no,n/a,Unpublished returns 404
/fr/blog/when-ai-product-photos-are-better-than-a-photoshoot,fr,404,,,,,n/a,noindex site-wide layout,no,no,0,missing,missing,,no,n/a,Unpublished returns 404
/de/blog/when-ai-product-photos-are-better-than-a-photoshoot,de,404,,,,,n/a,noindex site-wide layout,no,no,0,missing,missing,,no,n/a,Unpublished returns 404
/it/blog/when-ai-product-photos-are-better-than-a-photoshoot,it,404,,,,,n/a,noindex site-wide layout,no,no,0,missing,missing,,no,n/a,Unpublished returns 404
/pl/blog/when-ai-product-photos-are-better-than-a-photoshoot,pl,404,,,,,n/a,noindex site-wide layout,no,no,0,missing,missing,,no,n/a,Unpublished returns 404
/uk/blog/when-ai-product-photos-are-better-than-a-photoshoot,uk,404,,,,,n/a,noindex site-wide layout,no,no,0,missing,missing,,no,n/a,Unpublished returns 404
/hi/blog/when-ai-product-photos-are-better-than-a-photoshoot,hi,404,,,,,n/a,noindex site-wide layout,no,no,0,missing,missing,,no,n/a,Unpublished returns 404
/id/blog/when-ai-product-photos-are-better-than-a-photoshoot,id,404,,,,,n/a,noindex site-wide layout,no,no,0,missing,missing,,no,n/a,Unpublished returns 404
/vi/blog/when-ai-product-photos-are-better-than-a-photoshoot,vi,404,,,,,n/a,noindex site-wide layout,no,no,0,missing,missing,,no,n/a,Unpublished returns 404
/zh/blog/when-ai-product-photos-are-better-than-a-photoshoot,zh,404,,,,,n/a,noindex site-wide layout,no,no,0,missing,missing,,no,n/a,Unpublished returns 404
/ru/blog/when-ai-product-photos-are-not-a-fit,ru,404,Когда AI-фото не подходит,"Когда AI-фото не подходит: практический гид Vitrina AI Studio с чеклистом качества, ограничениями AI и ссылками на связанные use cases.",Когда AI-фото не подходит,,n/a,noindex site-wide layout,no,no,0,missing,missing,,no,n/a,Unpublished returns 404
/en/blog/when-ai-product-photos-are-not-a-fit,en,404,When AI product photos are not a fit,"When AI product photos are not a fit: a practical Vitrina AI Studio guide with a quality checklist, AI limitations, and related use cases.",When AI product photos are not a fit,,n/a,noindex site-wide layout,no,no,0,missing,missing,,no,n/a,Unpublished returns 404
/kk/blog/when-ai-product-photos-are-not-a-fit,kk,404,,,,,n/a,noindex site-wide layout,no,no,0,missing,missing,,no,n/a,Unpublished returns 404
/ky/blog/when-ai-product-photos-are-not-a-fit,ky,404,,,,,n/a,noindex site-wide layout,no,no,0,missing,missing,,no,n/a,Unpublished returns 404
/uz/blog/when-ai-product-photos-are-not-a-fit,uz,404,,,,,n/a,noindex site-wide layout,no,no,0,missing,missing,,no,n/a,Unpublished returns 404
/tg/blog/when-ai-product-photos-are-not-a-fit,tg,404,,,,,n/a,noindex site-wide layout,no,no,0,missing,missing,,no,n/a,Unpublished returns 404
/tr/blog/when-ai-product-photos-are-not-a-fit,tr,404,,,,,n/a,noindex site-wide layout,no,no,0,missing,missing,,no,n/a,Unpublished returns 404
/az/blog/when-ai-product-photos-are-not-a-fit,az,404,,,,,n/a,noindex site-wide layout,no,no,0,missing,missing,,no,n/a,Unpublished returns 404
/ar/blog/when-ai-product-photos-are-not-a-fit,ar,404,,,,,n/a,noindex site-wide layout,no,no,0,missing,missing,,no,n/a,Unpublished returns 404
/es/blog/when-ai-product-photos-are-not-a-fit,es,404,,,,,n/a,noindex site-wide layout,no,no,0,missing,missing,,no,n/a,Unpublished returns 404
/pt/blog/when-ai-product-photos-are-not-a-fit,pt,404,,,,,n/a,noindex site-wide layout,no,no,0,missing,missing,,no,n/a,Unpublished returns 404
/fr/blog/when-ai-product-photos-are-not-a-fit,fr,404,,,,,n/a,noindex site-wide layout,no,no,0,missing,missing,,no,n/a,Unpublished returns 404
/de/blog/when-ai-product-photos-are-not-a-fit,de,404,,,,,n/a,noindex site-wide layout,no,no,0,missing,missing,,no,n/a,Unpublished returns 404
/it/blog/when-ai-product-photos-are-not-a-fit,it,404,,,,,n/a,noindex site-wide layout,no,no,0,missing,missing,,no,n/a,Unpublished returns 404
/pl/blog/when-ai-product-photos-are-not-a-fit,pl,404,,,,,n/a,noindex site-wide layout,no,no,0,missing,missing,,no,n/a,Unpublished returns 404
/uk/blog/when-ai-product-photos-are-not-a-fit,uk,404,,,,,n/a,noindex site-wide layout,no,no,0,missing,missing,,no,n/a,Unpublished returns 404
/hi/blog/when-ai-product-photos-are-not-a-fit,hi,404,,,,,n/a,noindex site-wide layout,no,no,0,missing,missing,,no,n/a,Unpublished returns 404
/id/blog/when-ai-product-photos-are-not-a-fit,id,404,,,,,n/a,noindex site-wide layout,no,no,0,missing,missing,,no,n/a,Unpublished returns 404
/vi/blog/when-ai-product-photos-are-not-a-fit,vi,404,,,,,n/a,noindex site-wide layout,no,no,0,missing,missing,,no,n/a,Unpublished returns 404
/zh/blog/when-ai-product-photos-are-not-a-fit,zh,404,,,,,n/a,noindex site-wide layout,no,no,0,missing,missing,,no,n/a,Unpublished returns 404
/ru/blog/how-to-organize-a-product-content-workflow,ru,404,Как организовать workflow товарного контента,"Как организовать workflow товарного контента: практический гид Vitrina AI Studio с чеклистом качества, ограничениями AI и ссылками на связанные use cases.",Как организовать workflow товарного контента,,n/a,noindex site-wide layout,no,no,0,missing,missing,,no,n/a,Unpublished returns 404
/en/blog/how-to-organize-a-product-content-workflow,en,404,How to organize a product content workflow,"How to organize a product content workflow: a practical Vitrina AI Studio guide with a quality checklist, AI limitations, and related use cases.",How to organize a product content workflow,,n/a,noindex site-wide layout,no,no,0,missing,missing,,no,n/a,Unpublished returns 404
/kk/blog/how-to-organize-a-product-content-workflow,kk,404,,,,,n/a,noindex site-wide layout,no,no,0,missing,missing,,no,n/a,Unpublished returns 404
/ky/blog/how-to-organize-a-product-content-workflow,ky,404,,,,,n/a,noindex site-wide layout,no,no,0,missing,missing,,no,n/a,Unpublished returns 404
/uz/blog/how-to-organize-a-product-content-workflow,uz,404,,,,,n/a,noindex site-wide layout,no,no,0,missing,missing,,no,n/a,Unpublished returns 404
/tg/blog/how-to-organize-a-product-content-workflow,tg,404,,,,,n/a,noindex site-wide layout,no,no,0,missing,missing,,no,n/a,Unpublished returns 404
/tr/blog/how-to-organize-a-product-content-workflow,tr,404,,,,,n/a,noindex site-wide layout,no,no,0,missing,missing,,no,n/a,Unpublished returns 404
/az/blog/how-to-organize-a-product-content-workflow,az,404,,,,,n/a,noindex site-wide layout,no,no,0,missing,missing,,no,n/a,Unpublished returns 404
/ar/blog/how-to-organize-a-product-content-workflow,ar,404,,,,,n/a,noindex site-wide layout,no,no,0,missing,missing,,no,n/a,Unpublished returns 404
/es/blog/how-to-organize-a-product-content-workflow,es,404,,,,,n/a,noindex site-wide layout,no,no,0,missing,missing,,no,n/a,Unpublished returns 404
/pt/blog/how-to-organize-a-product-content-workflow,pt,404,,,,,n/a,noindex site-wide layout,no,no,0,missing,missing,,no,n/a,Unpublished returns 404
/fr/blog/how-to-organize-a-product-content-workflow,fr,404,,,,,n/a,noindex site-wide layout,no,no,0,missing,missing,,no,n/a,Unpublished returns 404
/de/blog/how-to-organize-a-product-content-workflow,de,404,,,,,n/a,noindex site-wide layout,no,no,0,missing,missing,,no,n/a,Unpublished returns 404
/it/blog/how-to-organize-a-product-content-workflow,it,404,,,,,n/a,noindex site-wide layout,no,no,0,missing,missing,,no,n/a,Unpublished returns 404
/pl/blog/how-to-organize-a-product-content-workflow,pl,404,,,,,n/a,noindex site-wide layout,no,no,0,missing,missing,,no,n/a,Unpublished returns 404
/uk/blog/how-to-organize-a-product-content-workflow,uk,404,,,,,n/a,noindex site-wide layout,no,no,0,missing,missing,,no,n/a,Unpublished returns 404
/hi/blog/how-to-organize-a-product-content-workflow,hi,404,,,,,n/a,noindex site-wide layout,no,no,0,missing,missing,,no,n/a,Unpublished returns 404
/id/blog/how-to-organize-a-product-content-workflow,id,404,,,,,n/a,noindex site-wide layout,no,no,0,missing,missing,,no,n/a,Unpublished returns 404
/vi/blog/how-to-organize-a-product-content-workflow,vi,404,,,,,n/a,noindex site-wide layout,no,no,0,missing,missing,,no,n/a,Unpublished returns 404
/zh/blog/how-to-organize-a-product-content-workflow,zh,404,,,,,n/a,noindex site-wide layout,no,no,0,missing,missing,,no,n/a,Unpublished returns 404
/ru/blog/how-to-check-the-quality-of-ai-product-cards,ru,404,Как проверять качество AI-карточек,"Как проверять качество AI-карточек: практический гид Vitrina AI Studio с чеклистом качества, ограничениями AI и ссылками на связанные use cases.",Как проверять качество AI-карточек,,n/a,noindex site-wide layout,no,no,0,missing,missing,,no,n/a,Unpublished returns 404
/en/blog/how-to-check-the-quality-of-ai-product-cards,en,404,How to check the quality of AI product cards,"How to check the quality of AI product cards: a practical Vitrina AI Studio guide with a quality checklist, AI limitations, and related use cases.",How to check the quality of AI product cards,,n/a,noindex site-wide layout,no,no,0,missing,missing,,no,n/a,Unpublished returns 404
/kk/blog/how-to-check-the-quality-of-ai-product-cards,kk,404,,,,,n/a,noindex site-wide layout,no,no,0,missing,missing,,no,n/a,Unpublished returns 404
/ky/blog/how-to-check-the-quality-of-ai-product-cards,ky,404,,,,,n/a,noindex site-wide layout,no,no,0,missing,missing,,no,n/a,Unpublished returns 404
/uz/blog/how-to-check-the-quality-of-ai-product-cards,uz,404,,,,,n/a,noindex site-wide layout,no,no,0,missing,missing,,no,n/a,Unpublished returns 404
/tg/blog/how-to-check-the-quality-of-ai-product-cards,tg,404,,,,,n/a,noindex site-wide layout,no,no,0,missing,missing,,no,n/a,Unpublished returns 404
/tr/blog/how-to-check-the-quality-of-ai-product-cards,tr,404,,,,,n/a,noindex site-wide layout,no,no,0,missing,missing,,no,n/a,Unpublished returns 404
/az/blog/how-to-check-the-quality-of-ai-product-cards,az,404,,,,,n/a,noindex site-wide layout,no,no,0,missing,missing,,no,n/a,Unpublished returns 404
/ar/blog/how-to-check-the-quality-of-ai-product-cards,ar,404,,,,,n/a,noindex site-wide layout,no,no,0,missing,missing,,no,n/a,Unpublished returns 404
/es/blog/how-to-check-the-quality-of-ai-product-cards,es,404,,,,,n/a,noindex site-wide layout,no,no,0,missing,missing,,no,n/a,Unpublished returns 404
/pt/blog/how-to-check-the-quality-of-ai-product-cards,pt,404,,,,,n/a,noindex site-wide layout,no,no,0,missing,missing,,no,n/a,Unpublished returns 404
/fr/blog/how-to-check-the-quality-of-ai-product-cards,fr,404,,,,,n/a,noindex site-wide layout,no,no,0,missing,missing,,no,n/a,Unpublished returns 404
/de/blog/how-to-check-the-quality-of-ai-product-cards,de,404,,,,,n/a,noindex site-wide layout,no,no,0,missing,missing,,no,n/a,Unpublished returns 404
/it/blog/how-to-check-the-quality-of-ai-product-cards,it,404,,,,,n/a,noindex site-wide layout,no,no,0,missing,missing,,no,n/a,Unpublished returns 404
/pl/blog/how-to-check-the-quality-of-ai-product-cards,pl,404,,,,,n/a,noindex site-wide layout,no,no,0,missing,missing,,no,n/a,Unpublished returns 404
/uk/blog/how-to-check-the-quality-of-ai-product-cards,uk,404,,,,,n/a,noindex site-wide layout,no,no,0,missing,missing,,no,n/a,Unpublished returns 404
/hi/blog/how-to-check-the-quality-of-ai-product-cards,hi,404,,,,,n/a,noindex site-wide layout,no,no,0,missing,missing,,no,n/a,Unpublished returns 404
/id/blog/how-to-check-the-quality-of-ai-product-cards,id,404,,,,,n/a,noindex site-wide layout,no,no,0,missing,missing,,no,n/a,Unpublished returns 404
/vi/blog/how-to-check-the-quality-of-ai-product-cards,vi,404,,,,,n/a,noindex site-wide layout,no,no,0,missing,missing,,no,n/a,Unpublished returns 404
/zh/blog/how-to-check-the-quality-of-ai-product-cards,zh,404,,,,,n/a,noindex site-wide layout,no,no,0,missing,missing,,no,n/a,Unpublished returns 404
/ru/blog/how-to-remove-the-background-from-a-product-photo,ru,404,Как удалить фон с фото товара,"Как удалить фон с фото товара: практический гид Vitrina AI Studio с чеклистом качества, ограничениями AI и ссылками на связанные use cases.",Как удалить фон с фото товара,,n/a,noindex site-wide layout,no,no,0,missing,missing,,no,n/a,Unpublished returns 404
/en/blog/how-to-remove-the-background-from-a-product-photo,en,404,How to remove the background from a product photo,"How to remove the background from a product photo: a practical Vitrina AI Studio guide with a quality checklist, AI limitations, and related use cases.",How to remove the background from a product photo,,n/a,noindex site-wide layout,no,no,0,missing,missing,,no,n/a,Unpublished returns 404
/kk/blog/how-to-remove-the-background-from-a-product-photo,kk,404,,,,,n/a,noindex site-wide layout,no,no,0,missing,missing,,no,n/a,Unpublished returns 404
/ky/blog/how-to-remove-the-background-from-a-product-photo,ky,404,,,,,n/a,noindex site-wide layout,no,no,0,missing,missing,,no,n/a,Unpublished returns 404
/uz/blog/how-to-remove-the-background-from-a-product-photo,uz,404,,,,,n/a,noindex site-wide layout,no,no,0,missing,missing,,no,n/a,Unpublished returns 404
/tg/blog/how-to-remove-the-background-from-a-product-photo,tg,404,,,,,n/a,noindex site-wide layout,no,no,0,missing,missing,,no,n/a,Unpublished returns 404
/tr/blog/how-to-remove-the-background-from-a-product-photo,tr,404,,,,,n/a,noindex site-wide layout,no,no,0,missing,missing,,no,n/a,Unpublished returns 404
/az/blog/how-to-remove-the-background-from-a-product-photo,az,404,,,,,n/a,noindex site-wide layout,no,no,0,missing,missing,,no,n/a,Unpublished returns 404
/ar/blog/how-to-remove-the-background-from-a-product-photo,ar,404,,,,,n/a,noindex site-wide layout,no,no,0,missing,missing,,no,n/a,Unpublished returns 404
/es/blog/how-to-remove-the-background-from-a-product-photo,es,404,,,,,n/a,noindex site-wide layout,no,no,0,missing,missing,,no,n/a,Unpublished returns 404
/pt/blog/how-to-remove-the-background-from-a-product-photo,pt,404,,,,,n/a,noindex site-wide layout,no,no,0,missing,missing,,no,n/a,Unpublished returns 404
/fr/blog/how-to-remove-the-background-from-a-product-photo,fr,404,,,,,n/a,noindex site-wide layout,no,no,0,missing,missing,,no,n/a,Unpublished returns 404
/de/blog/how-to-remove-the-background-from-a-product-photo,de,404,,,,,n/a,noindex site-wide layout,no,no,0,missing,missing,,no,n/a,Unpublished returns 404
/it/blog/how-to-remove-the-background-from-a-product-photo,it,404,,,,,n/a,noindex site-wide layout,no,no,0,missing,missing,,no,n/a,Unpublished returns 404
/pl/blog/how-to-remove-the-background-from-a-product-photo,pl,404,,,,,n/a,noindex site-wide layout,no,no,0,missing,missing,,no,n/a,Unpublished returns 404
/uk/blog/how-to-remove-the-background-from-a-product-photo,uk,404,,,,,n/a,noindex site-wide layout,no,no,0,missing,missing,,no,n/a,Unpublished returns 404
/hi/blog/how-to-remove-the-background-from-a-product-photo,hi,404,,,,,n/a,noindex site-wide layout,no,no,0,missing,missing,,no,n/a,Unpublished returns 404
/id/blog/how-to-remove-the-background-from-a-product-photo,id,404,,,,,n/a,noindex site-wide layout,no,no,0,missing,missing,,no,n/a,Unpublished returns 404
/vi/blog/how-to-remove-the-background-from-a-product-photo,vi,404,,,,,n/a,noindex site-wide layout,no,no,0,missing,missing,,no,n/a,Unpublished returns 404
/zh/blog/how-to-remove-the-background-from-a-product-photo,zh,404,,,,,n/a,noindex site-wide layout,no,no,0,missing,missing,,no,n/a,Unpublished returns 404
/ru/blog/how-to-replace-a-product-background,ru,404,Как заменить фон у товара,"Как заменить фон у товара: практический гид Vitrina AI Studio с чеклистом качества, ограничениями AI и ссылками на связанные use cases.",Как заменить фон у товара,,n/a,noindex site-wide layout,no,no,0,missing,missing,,no,n/a,Unpublished returns 404
/en/blog/how-to-replace-a-product-background,en,404,How to replace a product background,"How to replace a product background: a practical Vitrina AI Studio guide with a quality checklist, AI limitations, and related use cases.",How to replace a product background,,n/a,noindex site-wide layout,no,no,0,missing,missing,,no,n/a,Unpublished returns 404
/kk/blog/how-to-replace-a-product-background,kk,404,,,,,n/a,noindex site-wide layout,no,no,0,missing,missing,,no,n/a,Unpublished returns 404
/ky/blog/how-to-replace-a-product-background,ky,404,,,,,n/a,noindex site-wide layout,no,no,0,missing,missing,,no,n/a,Unpublished returns 404
/uz/blog/how-to-replace-a-product-background,uz,404,,,,,n/a,noindex site-wide layout,no,no,0,missing,missing,,no,n/a,Unpublished returns 404
/tg/blog/how-to-replace-a-product-background,tg,404,,,,,n/a,noindex site-wide layout,no,no,0,missing,missing,,no,n/a,Unpublished returns 404
/tr/blog/how-to-replace-a-product-background,tr,404,,,,,n/a,noindex site-wide layout,no,no,0,missing,missing,,no,n/a,Unpublished returns 404
/az/blog/how-to-replace-a-product-background,az,404,,,,,n/a,noindex site-wide layout,no,no,0,missing,missing,,no,n/a,Unpublished returns 404
/ar/blog/how-to-replace-a-product-background,ar,404,,,,,n/a,noindex site-wide layout,no,no,0,missing,missing,,no,n/a,Unpublished returns 404
/es/blog/how-to-replace-a-product-background,es,404,,,,,n/a,noindex site-wide layout,no,no,0,missing,missing,,no,n/a,Unpublished returns 404
/pt/blog/how-to-replace-a-product-background,pt,404,,,,,n/a,noindex site-wide layout,no,no,0,missing,missing,,no,n/a,Unpublished returns 404
/fr/blog/how-to-replace-a-product-background,fr,404,,,,,n/a,noindex site-wide layout,no,no,0,missing,missing,,no,n/a,Unpublished returns 404
/de/blog/how-to-replace-a-product-background,de,404,,,,,n/a,noindex site-wide layout,no,no,0,missing,missing,,no,n/a,Unpublished returns 404
/it/blog/how-to-replace-a-product-background,it,404,,,,,n/a,noindex site-wide layout,no,no,0,missing,missing,,no,n/a,Unpublished returns 404
/pl/blog/how-to-replace-a-product-background,pl,404,,,,,n/a,noindex site-wide layout,no,no,0,missing,missing,,no,n/a,Unpublished returns 404
/uk/blog/how-to-replace-a-product-background,uk,404,,,,,n/a,noindex site-wide layout,no,no,0,missing,missing,,no,n/a,Unpublished returns 404
/hi/blog/how-to-replace-a-product-background,hi,404,,,,,n/a,noindex site-wide layout,no,no,0,missing,missing,,no,n/a,Unpublished returns 404
/id/blog/how-to-replace-a-product-background,id,404,,,,,n/a,noindex site-wide layout,no,no,0,missing,missing,,no,n/a,Unpublished returns 404
/vi/blog/how-to-replace-a-product-background,vi,404,,,,,n/a,noindex site-wide layout,no,no,0,missing,missing,,no,n/a,Unpublished returns 404
/zh/blog/how-to-replace-a-product-background,zh,404,,,,,n/a,noindex site-wide layout,no,no,0,missing,missing,,no,n/a,Unpublished returns 404
/ru/blog/white-background-or-lifestyle-scene-what-to-choose,ru,404,Белый фон или lifestyle-сцена: что выбрать,"Белый фон или lifestyle-сцена: что выбрать: практический гид Vitrina AI Studio с чеклистом качества, ограничениями AI и ссылками на связанные use cases.",Белый фон или lifestyle-сцена: что выбрать,,n/a,noindex site-wide layout,no,no,0,missing,missing,,no,n/a,Unpublished returns 404
/en/blog/white-background-or-lifestyle-scene-what-to-choose,en,404,White background or lifestyle scene: what to choose,"White background or lifestyle scene: what to choose: a practical Vitrina AI Studio guide with a quality checklist, AI limitations, and related use cases.",White background or lifestyle scene: what to choose,,n/a,noindex site-wide layout,no,no,0,missing,missing,,no,n/a,Unpublished returns 404
/kk/blog/white-background-or-lifestyle-scene-what-to-choose,kk,404,,,,,n/a,noindex site-wide layout,no,no,0,missing,missing,,no,n/a,Unpublished returns 404
/ky/blog/white-background-or-lifestyle-scene-what-to-choose,ky,404,,,,,n/a,noindex site-wide layout,no,no,0,missing,missing,,no,n/a,Unpublished returns 404
/uz/blog/white-background-or-lifestyle-scene-what-to-choose,uz,404,,,,,n/a,noindex site-wide layout,no,no,0,missing,missing,,no,n/a,Unpublished returns 404
/tg/blog/white-background-or-lifestyle-scene-what-to-choose,tg,404,,,,,n/a,noindex site-wide layout,no,no,0,missing,missing,,no,n/a,Unpublished returns 404
/tr/blog/white-background-or-lifestyle-scene-what-to-choose,tr,404,,,,,n/a,noindex site-wide layout,no,no,0,missing,missing,,no,n/a,Unpublished returns 404
/az/blog/white-background-or-lifestyle-scene-what-to-choose,az,404,,,,,n/a,noindex site-wide layout,no,no,0,missing,missing,,no,n/a,Unpublished returns 404
/ar/blog/white-background-or-lifestyle-scene-what-to-choose,ar,404,,,,,n/a,noindex site-wide layout,no,no,0,missing,missing,,no,n/a,Unpublished returns 404
/es/blog/white-background-or-lifestyle-scene-what-to-choose,es,404,,,,,n/a,noindex site-wide layout,no,no,0,missing,missing,,no,n/a,Unpublished returns 404
/pt/blog/white-background-or-lifestyle-scene-what-to-choose,pt,404,,,,,n/a,noindex site-wide layout,no,no,0,missing,missing,,no,n/a,Unpublished returns 404
/fr/blog/white-background-or-lifestyle-scene-what-to-choose,fr,404,,,,,n/a,noindex site-wide layout,no,no,0,missing,missing,,no,n/a,Unpublished returns 404
/de/blog/white-background-or-lifestyle-scene-what-to-choose,de,404,,,,,n/a,noindex site-wide layout,no,no,0,missing,missing,,no,n/a,Unpublished returns 404
/it/blog/white-background-or-lifestyle-scene-what-to-choose,it,404,,,,,n/a,noindex site-wide layout,no,no,0,missing,missing,,no,n/a,Unpublished returns 404
/pl/blog/white-background-or-lifestyle-scene-what-to-choose,pl,404,,,,,n/a,noindex site-wide layout,no,no,0,missing,missing,,no,n/a,Unpublished returns 404
/uk/blog/white-background-or-lifestyle-scene-what-to-choose,uk,404,,,,,n/a,noindex site-wide layout,no,no,0,missing,missing,,no,n/a,Unpublished returns 404
/hi/blog/white-background-or-lifestyle-scene-what-to-choose,hi,404,,,,,n/a,noindex site-wide layout,no,no,0,missing,missing,,no,n/a,Unpublished returns 404
/id/blog/white-background-or-lifestyle-scene-what-to-choose,id,404,,,,,n/a,noindex site-wide layout,no,no,0,missing,missing,,no,n/a,Unpublished returns 404
/vi/blog/white-background-or-lifestyle-scene-what-to-choose,vi,404,,,,,n/a,noindex site-wide layout,no,no,0,missing,missing,,no,n/a,Unpublished returns 404
/zh/blog/white-background-or-lifestyle-scene-what-to-choose,zh,404,,,,,n/a,noindex site-wide layout,no,no,0,missing,missing,,no,n/a,Unpublished returns 404
/ru/blog/how-to-remove-unwanted-objects-from-a-product-photo,ru,404,Как убрать лишние предметы с фото товара,"Как убрать лишние предметы с фото товара: практический гид Vitrina AI Studio с чеклистом качества, ограничениями AI и ссылками на связанные use cases.",Как убрать лишние предметы с фото товара,,n/a,noindex site-wide layout,no,no,0,missing,missing,,no,n/a,Unpublished returns 404
/en/blog/how-to-remove-unwanted-objects-from-a-product-photo,en,404,How to remove unwanted objects from a product photo,"How to remove unwanted objects from a product photo: a practical Vitrina AI Studio guide with a quality checklist, AI limitations, and related use cases.",How to remove unwanted objects from a product photo,,n/a,noindex site-wide layout,no,no,0,missing,missing,,no,n/a,Unpublished returns 404
/kk/blog/how-to-remove-unwanted-objects-from-a-product-photo,kk,404,,,,,n/a,noindex site-wide layout,no,no,0,missing,missing,,no,n/a,Unpublished returns 404
/ky/blog/how-to-remove-unwanted-objects-from-a-product-photo,ky,404,,,,,n/a,noindex site-wide layout,no,no,0,missing,missing,,no,n/a,Unpublished returns 404
/uz/blog/how-to-remove-unwanted-objects-from-a-product-photo,uz,404,,,,,n/a,noindex site-wide layout,no,no,0,missing,missing,,no,n/a,Unpublished returns 404
/tg/blog/how-to-remove-unwanted-objects-from-a-product-photo,tg,404,,,,,n/a,noindex site-wide layout,no,no,0,missing,missing,,no,n/a,Unpublished returns 404
/tr/blog/how-to-remove-unwanted-objects-from-a-product-photo,tr,404,,,,,n/a,noindex site-wide layout,no,no,0,missing,missing,,no,n/a,Unpublished returns 404
/az/blog/how-to-remove-unwanted-objects-from-a-product-photo,az,404,,,,,n/a,noindex site-wide layout,no,no,0,missing,missing,,no,n/a,Unpublished returns 404
/ar/blog/how-to-remove-unwanted-objects-from-a-product-photo,ar,404,,,,,n/a,noindex site-wide layout,no,no,0,missing,missing,,no,n/a,Unpublished returns 404
/es/blog/how-to-remove-unwanted-objects-from-a-product-photo,es,404,,,,,n/a,noindex site-wide layout,no,no,0,missing,missing,,no,n/a,Unpublished returns 404
/pt/blog/how-to-remove-unwanted-objects-from-a-product-photo,pt,404,,,,,n/a,noindex site-wide layout,no,no,0,missing,missing,,no,n/a,Unpublished returns 404
/fr/blog/how-to-remove-unwanted-objects-from-a-product-photo,fr,404,,,,,n/a,noindex site-wide layout,no,no,0,missing,missing,,no,n/a,Unpublished returns 404
/de/blog/how-to-remove-unwanted-objects-from-a-product-photo,de,404,,,,,n/a,noindex site-wide layout,no,no,0,missing,missing,,no,n/a,Unpublished returns 404
/it/blog/how-to-remove-unwanted-objects-from-a-product-photo,it,404,,,,,n/a,noindex site-wide layout,no,no,0,missing,missing,,no,n/a,Unpublished returns 404
/pl/blog/how-to-remove-unwanted-objects-from-a-product-photo,pl,404,,,,,n/a,noindex site-wide layout,no,no,0,missing,missing,,no,n/a,Unpublished returns 404
/uk/blog/how-to-remove-unwanted-objects-from-a-product-photo,uk,404,,,,,n/a,noindex site-wide layout,no,no,0,missing,missing,,no,n/a,Unpublished returns 404
/hi/blog/how-to-remove-unwanted-objects-from-a-product-photo,hi,404,,,,,n/a,noindex site-wide layout,no,no,0,missing,missing,,no,n/a,Unpublished returns 404
/id/blog/how-to-remove-unwanted-objects-from-a-product-photo,id,404,,,,,n/a,noindex site-wide layout,no,no,0,missing,missing,,no,n/a,Unpublished returns 404
/vi/blog/how-to-remove-unwanted-objects-from-a-product-photo,vi,404,,,,,n/a,noindex site-wide layout,no,no,0,missing,missing,,no,n/a,Unpublished returns 404
/zh/blog/how-to-remove-unwanted-objects-from-a-product-photo,zh,404,,,,,n/a,noindex site-wide layout,no,no,0,missing,missing,,no,n/a,Unpublished returns 404
/ru/blog/how-to-isolate-a-product-in-a-photo,ru,404,Как выделить товар на фото,"Как выделить товар на фото: практический гид Vitrina AI Studio с чеклистом качества, ограничениями AI и ссылками на связанные use cases.",Как выделить товар на фото,,n/a,noindex site-wide layout,no,no,0,missing,missing,,no,n/a,Unpublished returns 404
/en/blog/how-to-isolate-a-product-in-a-photo,en,404,How to isolate a product in a photo,"How to isolate a product in a photo: a practical Vitrina AI Studio guide with a quality checklist, AI limitations, and related use cases.",How to isolate a product in a photo,,n/a,noindex site-wide layout,no,no,0,missing,missing,,no,n/a,Unpublished returns 404
/kk/blog/how-to-isolate-a-product-in-a-photo,kk,404,,,,,n/a,noindex site-wide layout,no,no,0,missing,missing,,no,n/a,Unpublished returns 404
/ky/blog/how-to-isolate-a-product-in-a-photo,ky,404,,,,,n/a,noindex site-wide layout,no,no,0,missing,missing,,no,n/a,Unpublished returns 404
/uz/blog/how-to-isolate-a-product-in-a-photo,uz,404,,,,,n/a,noindex site-wide layout,no,no,0,missing,missing,,no,n/a,Unpublished returns 404
/tg/blog/how-to-isolate-a-product-in-a-photo,tg,404,,,,,n/a,noindex site-wide layout,no,no,0,missing,missing,,no,n/a,Unpublished returns 404
/tr/blog/how-to-isolate-a-product-in-a-photo,tr,404,,,,,n/a,noindex site-wide layout,no,no,0,missing,missing,,no,n/a,Unpublished returns 404
/az/blog/how-to-isolate-a-product-in-a-photo,az,404,,,,,n/a,noindex site-wide layout,no,no,0,missing,missing,,no,n/a,Unpublished returns 404
/ar/blog/how-to-isolate-a-product-in-a-photo,ar,404,,,,,n/a,noindex site-wide layout,no,no,0,missing,missing,,no,n/a,Unpublished returns 404
/es/blog/how-to-isolate-a-product-in-a-photo,es,404,,,,,n/a,noindex site-wide layout,no,no,0,missing,missing,,no,n/a,Unpublished returns 404
/pt/blog/how-to-isolate-a-product-in-a-photo,pt,404,,,,,n/a,noindex site-wide layout,no,no,0,missing,missing,,no,n/a,Unpublished returns 404
/fr/blog/how-to-isolate-a-product-in-a-photo,fr,404,,,,,n/a,noindex site-wide layout,no,no,0,missing,missing,,no,n/a,Unpublished returns 404
/de/blog/how-to-isolate-a-product-in-a-photo,de,404,,,,,n/a,noindex site-wide layout,no,no,0,missing,missing,,no,n/a,Unpublished returns 404
/it/blog/how-to-isolate-a-product-in-a-photo,it,404,,,,,n/a,noindex site-wide layout,no,no,0,missing,missing,,no,n/a,Unpublished returns 404
/pl/blog/how-to-isolate-a-product-in-a-photo,pl,404,,,,,n/a,noindex site-wide layout,no,no,0,missing,missing,,no,n/a,Unpublished returns 404
/uk/blog/how-to-isolate-a-product-in-a-photo,uk,404,,,,,n/a,noindex site-wide layout,no,no,0,missing,missing,,no,n/a,Unpublished returns 404
/hi/blog/how-to-isolate-a-product-in-a-photo,hi,404,,,,,n/a,noindex site-wide layout,no,no,0,missing,missing,,no,n/a,Unpublished returns 404
/id/blog/how-to-isolate-a-product-in-a-photo,id,404,,,,,n/a,noindex site-wide layout,no,no,0,missing,missing,,no,n/a,Unpublished returns 404
/vi/blog/how-to-isolate-a-product-in-a-photo,vi,404,,,,,n/a,noindex site-wide layout,no,no,0,missing,missing,,no,n/a,Unpublished returns 404
/zh/blog/how-to-isolate-a-product-in-a-photo,zh,404,,,,,n/a,noindex site-wide layout,no,no,0,missing,missing,,no,n/a,Unpublished returns 404
/ru/blog/how-to-create-an-outdoor-background-for-a-product,ru,404,Как сделать фон для товара на улице,"Как сделать фон для товара на улице: практический гид Vitrina AI Studio с чеклистом качества, ограничениями AI и ссылками на связанные use cases.",Как сделать фон для товара на улице,,n/a,noindex site-wide layout,no,no,0,missing,missing,,no,n/a,Unpublished returns 404
/en/blog/how-to-create-an-outdoor-background-for-a-product,en,404,How to create an outdoor background for a product,"How to create an outdoor background for a product: a practical Vitrina AI Studio guide with a quality checklist, AI limitations, and related use cases.",How to create an outdoor background for a product,,n/a,noindex site-wide layout,no,no,0,missing,missing,,no,n/a,Unpublished returns 404
/kk/blog/how-to-create-an-outdoor-background-for-a-product,kk,404,,,,,n/a,noindex site-wide layout,no,no,0,missing,missing,,no,n/a,Unpublished returns 404
/ky/blog/how-to-create-an-outdoor-background-for-a-product,ky,404,,,,,n/a,noindex site-wide layout,no,no,0,missing,missing,,no,n/a,Unpublished returns 404
/uz/blog/how-to-create-an-outdoor-background-for-a-product,uz,404,,,,,n/a,noindex site-wide layout,no,no,0,missing,missing,,no,n/a,Unpublished returns 404
/tg/blog/how-to-create-an-outdoor-background-for-a-product,tg,404,,,,,n/a,noindex site-wide layout,no,no,0,missing,missing,,no,n/a,Unpublished returns 404
/tr/blog/how-to-create-an-outdoor-background-for-a-product,tr,404,,,,,n/a,noindex site-wide layout,no,no,0,missing,missing,,no,n/a,Unpublished returns 404
/az/blog/how-to-create-an-outdoor-background-for-a-product,az,404,,,,,n/a,noindex site-wide layout,no,no,0,missing,missing,,no,n/a,Unpublished returns 404
/ar/blog/how-to-create-an-outdoor-background-for-a-product,ar,404,,,,,n/a,noindex site-wide layout,no,no,0,missing,missing,,no,n/a,Unpublished returns 404
/es/blog/how-to-create-an-outdoor-background-for-a-product,es,404,,,,,n/a,noindex site-wide layout,no,no,0,missing,missing,,no,n/a,Unpublished returns 404
/pt/blog/how-to-create-an-outdoor-background-for-a-product,pt,404,,,,,n/a,noindex site-wide layout,no,no,0,missing,missing,,no,n/a,Unpublished returns 404
/fr/blog/how-to-create-an-outdoor-background-for-a-product,fr,404,,,,,n/a,noindex site-wide layout,no,no,0,missing,missing,,no,n/a,Unpublished returns 404
/de/blog/how-to-create-an-outdoor-background-for-a-product,de,404,,,,,n/a,noindex site-wide layout,no,no,0,missing,missing,,no,n/a,Unpublished returns 404
/it/blog/how-to-create-an-outdoor-background-for-a-product,it,404,,,,,n/a,noindex site-wide layout,no,no,0,missing,missing,,no,n/a,Unpublished returns 404
/pl/blog/how-to-create-an-outdoor-background-for-a-product,pl,404,,,,,n/a,noindex site-wide layout,no,no,0,missing,missing,,no,n/a,Unpublished returns 404
/uk/blog/how-to-create-an-outdoor-background-for-a-product,uk,404,,,,,n/a,noindex site-wide layout,no,no,0,missing,missing,,no,n/a,Unpublished returns 404
/hi/blog/how-to-create-an-outdoor-background-for-a-product,hi,404,,,,,n/a,noindex site-wide layout,no,no,0,missing,missing,,no,n/a,Unpublished returns 404
/id/blog/how-to-create-an-outdoor-background-for-a-product,id,404,,,,,n/a,noindex site-wide layout,no,no,0,missing,missing,,no,n/a,Unpublished returns 404
/vi/blog/how-to-create-an-outdoor-background-for-a-product,vi,404,,,,,n/a,noindex site-wide layout,no,no,0,missing,missing,,no,n/a,Unpublished returns 404
/zh/blog/how-to-create-an-outdoor-background-for-a-product,zh,404,,,,,n/a,noindex site-wide layout,no,no,0,missing,missing,,no,n/a,Unpublished returns 404
/ru/blog/how-to-create-a-studio-background-for-a-product,ru,404,Как сделать студийный фон для товара,"Как сделать студийный фон для товара: практический гид Vitrina AI Studio с чеклистом качества, ограничениями AI и ссылками на связанные use cases.",Как сделать студийный фон для товара,,n/a,noindex site-wide layout,no,no,0,missing,missing,,no,n/a,Unpublished returns 404
/en/blog/how-to-create-a-studio-background-for-a-product,en,404,How to create a studio background for a product,"How to create a studio background for a product: a practical Vitrina AI Studio guide with a quality checklist, AI limitations, and related use cases.",How to create a studio background for a product,,n/a,noindex site-wide layout,no,no,0,missing,missing,,no,n/a,Unpublished returns 404
/kk/blog/how-to-create-a-studio-background-for-a-product,kk,404,,,,,n/a,noindex site-wide layout,no,no,0,missing,missing,,no,n/a,Unpublished returns 404
/ky/blog/how-to-create-a-studio-background-for-a-product,ky,404,,,,,n/a,noindex site-wide layout,no,no,0,missing,missing,,no,n/a,Unpublished returns 404
/uz/blog/how-to-create-a-studio-background-for-a-product,uz,404,,,,,n/a,noindex site-wide layout,no,no,0,missing,missing,,no,n/a,Unpublished returns 404
/tg/blog/how-to-create-a-studio-background-for-a-product,tg,404,,,,,n/a,noindex site-wide layout,no,no,0,missing,missing,,no,n/a,Unpublished returns 404
/tr/blog/how-to-create-a-studio-background-for-a-product,tr,404,,,,,n/a,noindex site-wide layout,no,no,0,missing,missing,,no,n/a,Unpublished returns 404
/az/blog/how-to-create-a-studio-background-for-a-product,az,404,,,,,n/a,noindex site-wide layout,no,no,0,missing,missing,,no,n/a,Unpublished returns 404
/ar/blog/how-to-create-a-studio-background-for-a-product,ar,404,,,,,n/a,noindex site-wide layout,no,no,0,missing,missing,,no,n/a,Unpublished returns 404
/es/blog/how-to-create-a-studio-background-for-a-product,es,404,,,,,n/a,noindex site-wide layout,no,no,0,missing,missing,,no,n/a,Unpublished returns 404
/pt/blog/how-to-create-a-studio-background-for-a-product,pt,404,,,,,n/a,noindex site-wide layout,no,no,0,missing,missing,,no,n/a,Unpublished returns 404
/fr/blog/how-to-create-a-studio-background-for-a-product,fr,404,,,,,n/a,noindex site-wide layout,no,no,0,missing,missing,,no,n/a,Unpublished returns 404
/de/blog/how-to-create-a-studio-background-for-a-product,de,404,,,,,n/a,noindex site-wide layout,no,no,0,missing,missing,,no,n/a,Unpublished returns 404
/it/blog/how-to-create-a-studio-background-for-a-product,it,404,,,,,n/a,noindex site-wide layout,no,no,0,missing,missing,,no,n/a,Unpublished returns 404
/pl/blog/how-to-create-a-studio-background-for-a-product,pl,404,,,,,n/a,noindex site-wide layout,no,no,0,missing,missing,,no,n/a,Unpublished returns 404
/uk/blog/how-to-create-a-studio-background-for-a-product,uk,404,,,,,n/a,noindex site-wide layout,no,no,0,missing,missing,,no,n/a,Unpublished returns 404
/hi/blog/how-to-create-a-studio-background-for-a-product,hi,404,,,,,n/a,noindex site-wide layout,no,no,0,missing,missing,,no,n/a,Unpublished returns 404
/id/blog/how-to-create-a-studio-background-for-a-product,id,404,,,,,n/a,noindex site-wide layout,no,no,0,missing,missing,,no,n/a,Unpublished returns 404
/vi/blog/how-to-create-a-studio-background-for-a-product,vi,404,,,,,n/a,noindex site-wide layout,no,no,0,missing,missing,,no,n/a,Unpublished returns 404
/zh/blog/how-to-create-a-studio-background-for-a-product,zh,404,,,,,n/a,noindex site-wide layout,no,no,0,missing,missing,,no,n/a,Unpublished returns 404
/ru/blog/how-to-create-a-luxury-background-for-a-product,ru,404,Как сделать luxury-фон для товара,"Как сделать luxury-фон для товара: практический гид Vitrina AI Studio с чеклистом качества, ограничениями AI и ссылками на связанные use cases.",Как сделать luxury-фон для товара,,n/a,noindex site-wide layout,no,no,0,missing,missing,,no,n/a,Unpublished returns 404
/en/blog/how-to-create-a-luxury-background-for-a-product,en,404,How to create a luxury background for a product,"How to create a luxury background for a product: a practical Vitrina AI Studio guide with a quality checklist, AI limitations, and related use cases.",How to create a luxury background for a product,,n/a,noindex site-wide layout,no,no,0,missing,missing,,no,n/a,Unpublished returns 404
/kk/blog/how-to-create-a-luxury-background-for-a-product,kk,404,,,,,n/a,noindex site-wide layout,no,no,0,missing,missing,,no,n/a,Unpublished returns 404
/ky/blog/how-to-create-a-luxury-background-for-a-product,ky,404,,,,,n/a,noindex site-wide layout,no,no,0,missing,missing,,no,n/a,Unpublished returns 404
/uz/blog/how-to-create-a-luxury-background-for-a-product,uz,404,,,,,n/a,noindex site-wide layout,no,no,0,missing,missing,,no,n/a,Unpublished returns 404
/tg/blog/how-to-create-a-luxury-background-for-a-product,tg,404,,,,,n/a,noindex site-wide layout,no,no,0,missing,missing,,no,n/a,Unpublished returns 404
/tr/blog/how-to-create-a-luxury-background-for-a-product,tr,404,,,,,n/a,noindex site-wide layout,no,no,0,missing,missing,,no,n/a,Unpublished returns 404
/az/blog/how-to-create-a-luxury-background-for-a-product,az,404,,,,,n/a,noindex site-wide layout,no,no,0,missing,missing,,no,n/a,Unpublished returns 404
/ar/blog/how-to-create-a-luxury-background-for-a-product,ar,404,,,,,n/a,noindex site-wide layout,no,no,0,missing,missing,,no,n/a,Unpublished returns 404
/es/blog/how-to-create-a-luxury-background-for-a-product,es,404,,,,,n/a,noindex site-wide layout,no,no,0,missing,missing,,no,n/a,Unpublished returns 404
/pt/blog/how-to-create-a-luxury-background-for-a-product,pt,404,,,,,n/a,noindex site-wide layout,no,no,0,missing,missing,,no,n/a,Unpublished returns 404
/fr/blog/how-to-create-a-luxury-background-for-a-product,fr,404,,,,,n/a,noindex site-wide layout,no,no,0,missing,missing,,no,n/a,Unpublished returns 404
/de/blog/how-to-create-a-luxury-background-for-a-product,de,404,,,,,n/a,noindex site-wide layout,no,no,0,missing,missing,,no,n/a,Unpublished returns 404
/it/blog/how-to-create-a-luxury-background-for-a-product,it,404,,,,,n/a,noindex site-wide layout,no,no,0,missing,missing,,no,n/a,Unpublished returns 404
/pl/blog/how-to-create-a-luxury-background-for-a-product,pl,404,,,,,n/a,noindex site-wide layout,no,no,0,missing,missing,,no,n/a,Unpublished returns 404
/uk/blog/how-to-create-a-luxury-background-for-a-product,uk,404,,,,,n/a,noindex site-wide layout,no,no,0,missing,missing,,no,n/a,Unpublished returns 404
/hi/blog/how-to-create-a-luxury-background-for-a-product,hi,404,,,,,n/a,noindex site-wide layout,no,no,0,missing,missing,,no,n/a,Unpublished returns 404
/id/blog/how-to-create-a-luxury-background-for-a-product,id,404,,,,,n/a,noindex site-wide layout,no,no,0,missing,missing,,no,n/a,Unpublished returns 404
/vi/blog/how-to-create-a-luxury-background-for-a-product,vi,404,,,,,n/a,noindex site-wide layout,no,no,0,missing,missing,,no,n/a,Unpublished returns 404
/zh/blog/how-to-create-a-luxury-background-for-a-product,zh,404,,,,,n/a,noindex site-wide layout,no,no,0,missing,missing,,no,n/a,Unpublished returns 404
/ru/blog/how-to-avoid-damaging-product-accuracy-when-changing-backgrounds,ru,404,Как не испортить товар при замене фона,"Как не испортить товар при замене фона: практический гид Vitrina AI Studio с чеклистом качества, ограничениями AI и ссылками на связанные use cases.",Как не испортить товар при замене фона,,n/a,noindex site-wide layout,no,no,0,missing,missing,,no,n/a,Unpublished returns 404
/en/blog/how-to-avoid-damaging-product-accuracy-when-changing-backgrounds,en,404,How to avoid damaging product accuracy when changing backgrounds,"How to avoid damaging product accuracy when changing backgrounds: a practical Vitrina AI Studio guide with a quality checklist, AI limitations, and related use cases.",How to avoid damaging product accuracy when changing backgrounds,,n/a,noindex site-wide layout,no,no,0,missing,missing,,no,n/a,Unpublished returns 404
/kk/blog/how-to-avoid-damaging-product-accuracy-when-changing-backgrounds,kk,404,,,,,n/a,noindex site-wide layout,no,no,0,missing,missing,,no,n/a,Unpublished returns 404
/ky/blog/how-to-avoid-damaging-product-accuracy-when-changing-backgrounds,ky,404,,,,,n/a,noindex site-wide layout,no,no,0,missing,missing,,no,n/a,Unpublished returns 404
/uz/blog/how-to-avoid-damaging-product-accuracy-when-changing-backgrounds,uz,404,,,,,n/a,noindex site-wide layout,no,no,0,missing,missing,,no,n/a,Unpublished returns 404
/tg/blog/how-to-avoid-damaging-product-accuracy-when-changing-backgrounds,tg,404,,,,,n/a,noindex site-wide layout,no,no,0,missing,missing,,no,n/a,Unpublished returns 404
/tr/blog/how-to-avoid-damaging-product-accuracy-when-changing-backgrounds,tr,404,,,,,n/a,noindex site-wide layout,no,no,0,missing,missing,,no,n/a,Unpublished returns 404
/az/blog/how-to-avoid-damaging-product-accuracy-when-changing-backgrounds,az,404,,,,,n/a,noindex site-wide layout,no,no,0,missing,missing,,no,n/a,Unpublished returns 404
/ar/blog/how-to-avoid-damaging-product-accuracy-when-changing-backgrounds,ar,404,,,,,n/a,noindex site-wide layout,no,no,0,missing,missing,,no,n/a,Unpublished returns 404
/es/blog/how-to-avoid-damaging-product-accuracy-when-changing-backgrounds,es,404,,,,,n/a,noindex site-wide layout,no,no,0,missing,missing,,no,n/a,Unpublished returns 404
/pt/blog/how-to-avoid-damaging-product-accuracy-when-changing-backgrounds,pt,404,,,,,n/a,noindex site-wide layout,no,no,0,missing,missing,,no,n/a,Unpublished returns 404
/fr/blog/how-to-avoid-damaging-product-accuracy-when-changing-backgrounds,fr,404,,,,,n/a,noindex site-wide layout,no,no,0,missing,missing,,no,n/a,Unpublished returns 404
/de/blog/how-to-avoid-damaging-product-accuracy-when-changing-backgrounds,de,404,,,,,n/a,noindex site-wide layout,no,no,0,missing,missing,,no,n/a,Unpublished returns 404
/it/blog/how-to-avoid-damaging-product-accuracy-when-changing-backgrounds,it,404,,,,,n/a,noindex site-wide layout,no,no,0,missing,missing,,no,n/a,Unpublished returns 404
/pl/blog/how-to-avoid-damaging-product-accuracy-when-changing-backgrounds,pl,404,,,,,n/a,noindex site-wide layout,no,no,0,missing,missing,,no,n/a,Unpublished returns 404
/uk/blog/how-to-avoid-damaging-product-accuracy-when-changing-backgrounds,uk,404,,,,,n/a,noindex site-wide layout,no,no,0,missing,missing,,no,n/a,Unpublished returns 404
/hi/blog/how-to-avoid-damaging-product-accuracy-when-changing-backgrounds,hi,404,,,,,n/a,noindex site-wide layout,no,no,0,missing,missing,,no,n/a,Unpublished returns 404
/id/blog/how-to-avoid-damaging-product-accuracy-when-changing-backgrounds,id,404,,,,,n/a,noindex site-wide layout,no,no,0,missing,missing,,no,n/a,Unpublished returns 404
/vi/blog/how-to-avoid-damaging-product-accuracy-when-changing-backgrounds,vi,404,,,,,n/a,noindex site-wide layout,no,no,0,missing,missing,,no,n/a,Unpublished returns 404
/zh/blog/how-to-avoid-damaging-product-accuracy-when-changing-backgrounds,zh,404,,,,,n/a,noindex site-wide layout,no,no,0,missing,missing,,no,n/a,Unpublished returns 404
/ru/blog/how-to-prepare-a-product-photo-with-a-bad-background,ru,404,Как подготовить фото с плохим фоном,"Как подготовить фото с плохим фоном: практический гид Vitrina AI Studio с чеклистом качества, ограничениями AI и ссылками на связанные use cases.",Как подготовить фото с плохим фоном,,n/a,noindex site-wide layout,no,no,0,missing,missing,,no,n/a,Unpublished returns 404
/en/blog/how-to-prepare-a-product-photo-with-a-bad-background,en,404,How to prepare a product photo with a bad background,"How to prepare a product photo with a bad background: a practical Vitrina AI Studio guide with a quality checklist, AI limitations, and related use cases.",How to prepare a product photo with a bad background,,n/a,noindex site-wide layout,no,no,0,missing,missing,,no,n/a,Unpublished returns 404
/kk/blog/how-to-prepare-a-product-photo-with-a-bad-background,kk,404,,,,,n/a,noindex site-wide layout,no,no,0,missing,missing,,no,n/a,Unpublished returns 404
/ky/blog/how-to-prepare-a-product-photo-with-a-bad-background,ky,404,,,,,n/a,noindex site-wide layout,no,no,0,missing,missing,,no,n/a,Unpublished returns 404
/uz/blog/how-to-prepare-a-product-photo-with-a-bad-background,uz,404,,,,,n/a,noindex site-wide layout,no,no,0,missing,missing,,no,n/a,Unpublished returns 404
/tg/blog/how-to-prepare-a-product-photo-with-a-bad-background,tg,404,,,,,n/a,noindex site-wide layout,no,no,0,missing,missing,,no,n/a,Unpublished returns 404
/tr/blog/how-to-prepare-a-product-photo-with-a-bad-background,tr,404,,,,,n/a,noindex site-wide layout,no,no,0,missing,missing,,no,n/a,Unpublished returns 404
/az/blog/how-to-prepare-a-product-photo-with-a-bad-background,az,404,,,,,n/a,noindex site-wide layout,no,no,0,missing,missing,,no,n/a,Unpublished returns 404
/ar/blog/how-to-prepare-a-product-photo-with-a-bad-background,ar,404,,,,,n/a,noindex site-wide layout,no,no,0,missing,missing,,no,n/a,Unpublished returns 404
/es/blog/how-to-prepare-a-product-photo-with-a-bad-background,es,404,,,,,n/a,noindex site-wide layout,no,no,0,missing,missing,,no,n/a,Unpublished returns 404
/pt/blog/how-to-prepare-a-product-photo-with-a-bad-background,pt,404,,,,,n/a,noindex site-wide layout,no,no,0,missing,missing,,no,n/a,Unpublished returns 404
/fr/blog/how-to-prepare-a-product-photo-with-a-bad-background,fr,404,,,,,n/a,noindex site-wide layout,no,no,0,missing,missing,,no,n/a,Unpublished returns 404
/de/blog/how-to-prepare-a-product-photo-with-a-bad-background,de,404,,,,,n/a,noindex site-wide layout,no,no,0,missing,missing,,no,n/a,Unpublished returns 404
/it/blog/how-to-prepare-a-product-photo-with-a-bad-background,it,404,,,,,n/a,noindex site-wide layout,no,no,0,missing,missing,,no,n/a,Unpublished returns 404
/pl/blog/how-to-prepare-a-product-photo-with-a-bad-background,pl,404,,,,,n/a,noindex site-wide layout,no,no,0,missing,missing,,no,n/a,Unpublished returns 404
/uk/blog/how-to-prepare-a-product-photo-with-a-bad-background,uk,404,,,,,n/a,noindex site-wide layout,no,no,0,missing,missing,,no,n/a,Unpublished returns 404
/hi/blog/how-to-prepare-a-product-photo-with-a-bad-background,hi,404,,,,,n/a,noindex site-wide layout,no,no,0,missing,missing,,no,n/a,Unpublished returns 404
/id/blog/how-to-prepare-a-product-photo-with-a-bad-background,id,404,,,,,n/a,noindex site-wide layout,no,no,0,missing,missing,,no,n/a,Unpublished returns 404
/vi/blog/how-to-prepare-a-product-photo-with-a-bad-background,vi,404,,,,,n/a,noindex site-wide layout,no,no,0,missing,missing,,no,n/a,Unpublished returns 404
/zh/blog/how-to-prepare-a-product-photo-with-a-bad-background,zh,404,,,,,n/a,noindex site-wide layout,no,no,0,missing,missing,,no,n/a,Unpublished returns 404
/ru/blog/ai-product-photos-or-a-photoshoot-what-to-choose,ru,404,AI-фото или фотосессия: что выбрать,"AI-фото или фотосессия: что выбрать: практический гид Vitrina AI Studio с чеклистом качества, ограничениями AI и ссылками на связанные use cases.",AI-фото или фотосессия: что выбрать,,n/a,noindex site-wide layout,no,no,0,missing,missing,,no,n/a,Unpublished returns 404
/en/blog/ai-product-photos-or-a-photoshoot-what-to-choose,en,404,AI product photos or a photoshoot: what to choose,"AI product photos or a photoshoot: what to choose: a practical Vitrina AI Studio guide with a quality checklist, AI limitations, and related use cases.",AI product photos or a photoshoot: what to choose,,n/a,noindex site-wide layout,no,no,0,missing,missing,,no,n/a,Unpublished returns 404
/kk/blog/ai-product-photos-or-a-photoshoot-what-to-choose,kk,404,,,,,n/a,noindex site-wide layout,no,no,0,missing,missing,,no,n/a,Unpublished returns 404
/ky/blog/ai-product-photos-or-a-photoshoot-what-to-choose,ky,404,,,,,n/a,noindex site-wide layout,no,no,0,missing,missing,,no,n/a,Unpublished returns 404
/uz/blog/ai-product-photos-or-a-photoshoot-what-to-choose,uz,404,,,,,n/a,noindex site-wide layout,no,no,0,missing,missing,,no,n/a,Unpublished returns 404
/tg/blog/ai-product-photos-or-a-photoshoot-what-to-choose,tg,404,,,,,n/a,noindex site-wide layout,no,no,0,missing,missing,,no,n/a,Unpublished returns 404
/tr/blog/ai-product-photos-or-a-photoshoot-what-to-choose,tr,404,,,,,n/a,noindex site-wide layout,no,no,0,missing,missing,,no,n/a,Unpublished returns 404
/az/blog/ai-product-photos-or-a-photoshoot-what-to-choose,az,404,,,,,n/a,noindex site-wide layout,no,no,0,missing,missing,,no,n/a,Unpublished returns 404
/ar/blog/ai-product-photos-or-a-photoshoot-what-to-choose,ar,404,,,,,n/a,noindex site-wide layout,no,no,0,missing,missing,,no,n/a,Unpublished returns 404
/es/blog/ai-product-photos-or-a-photoshoot-what-to-choose,es,404,,,,,n/a,noindex site-wide layout,no,no,0,missing,missing,,no,n/a,Unpublished returns 404
/pt/blog/ai-product-photos-or-a-photoshoot-what-to-choose,pt,404,,,,,n/a,noindex site-wide layout,no,no,0,missing,missing,,no,n/a,Unpublished returns 404
/fr/blog/ai-product-photos-or-a-photoshoot-what-to-choose,fr,404,,,,,n/a,noindex site-wide layout,no,no,0,missing,missing,,no,n/a,Unpublished returns 404
/de/blog/ai-product-photos-or-a-photoshoot-what-to-choose,de,404,,,,,n/a,noindex site-wide layout,no,no,0,missing,missing,,no,n/a,Unpublished returns 404
/it/blog/ai-product-photos-or-a-photoshoot-what-to-choose,it,404,,,,,n/a,noindex site-wide layout,no,no,0,missing,missing,,no,n/a,Unpublished returns 404
/pl/blog/ai-product-photos-or-a-photoshoot-what-to-choose,pl,404,,,,,n/a,noindex site-wide layout,no,no,0,missing,missing,,no,n/a,Unpublished returns 404
/uk/blog/ai-product-photos-or-a-photoshoot-what-to-choose,uk,404,,,,,n/a,noindex site-wide layout,no,no,0,missing,missing,,no,n/a,Unpublished returns 404
/hi/blog/ai-product-photos-or-a-photoshoot-what-to-choose,hi,404,,,,,n/a,noindex site-wide layout,no,no,0,missing,missing,,no,n/a,Unpublished returns 404
/id/blog/ai-product-photos-or-a-photoshoot-what-to-choose,id,404,,,,,n/a,noindex site-wide layout,no,no,0,missing,missing,,no,n/a,Unpublished returns 404
/vi/blog/ai-product-photos-or-a-photoshoot-what-to-choose,vi,404,,,,,n/a,noindex site-wide layout,no,no,0,missing,missing,,no,n/a,Unpublished returns 404
/zh/blog/ai-product-photos-or-a-photoshoot-what-to-choose,zh,404,,,,,n/a,noindex site-wide layout,no,no,0,missing,missing,,no,n/a,Unpublished returns 404
/ru/blog/product-shot-or-clothing-on-model,ru,404,Product Shot или одежда на модели,"Product Shot или одежда на модели: практический гид Vitrina AI Studio с чеклистом качества, ограничениями AI и ссылками на связанные use cases.",Product Shot или одежда на модели,,n/a,noindex site-wide layout,no,no,0,missing,missing,,no,n/a,Unpublished returns 404
/en/blog/product-shot-or-clothing-on-model,en,404,Product shot or clothing on model,"Product shot or clothing on model: a practical Vitrina AI Studio guide with a quality checklist, AI limitations, and related use cases.",Product shot or clothing on model,,n/a,noindex site-wide layout,no,no,0,missing,missing,,no,n/a,Unpublished returns 404
/kk/blog/product-shot-or-clothing-on-model,kk,404,,,,,n/a,noindex site-wide layout,no,no,0,missing,missing,,no,n/a,Unpublished returns 404
/ky/blog/product-shot-or-clothing-on-model,ky,404,,,,,n/a,noindex site-wide layout,no,no,0,missing,missing,,no,n/a,Unpublished returns 404
/uz/blog/product-shot-or-clothing-on-model,uz,404,,,,,n/a,noindex site-wide layout,no,no,0,missing,missing,,no,n/a,Unpublished returns 404
/tg/blog/product-shot-or-clothing-on-model,tg,404,,,,,n/a,noindex site-wide layout,no,no,0,missing,missing,,no,n/a,Unpublished returns 404
/tr/blog/product-shot-or-clothing-on-model,tr,404,,,,,n/a,noindex site-wide layout,no,no,0,missing,missing,,no,n/a,Unpublished returns 404
/az/blog/product-shot-or-clothing-on-model,az,404,,,,,n/a,noindex site-wide layout,no,no,0,missing,missing,,no,n/a,Unpublished returns 404
/ar/blog/product-shot-or-clothing-on-model,ar,404,,,,,n/a,noindex site-wide layout,no,no,0,missing,missing,,no,n/a,Unpublished returns 404
/es/blog/product-shot-or-clothing-on-model,es,404,,,,,n/a,noindex site-wide layout,no,no,0,missing,missing,,no,n/a,Unpublished returns 404
/pt/blog/product-shot-or-clothing-on-model,pt,404,,,,,n/a,noindex site-wide layout,no,no,0,missing,missing,,no,n/a,Unpublished returns 404
/fr/blog/product-shot-or-clothing-on-model,fr,404,,,,,n/a,noindex site-wide layout,no,no,0,missing,missing,,no,n/a,Unpublished returns 404
/de/blog/product-shot-or-clothing-on-model,de,404,,,,,n/a,noindex site-wide layout,no,no,0,missing,missing,,no,n/a,Unpublished returns 404
/it/blog/product-shot-or-clothing-on-model,it,404,,,,,n/a,noindex site-wide layout,no,no,0,missing,missing,,no,n/a,Unpublished returns 404
/pl/blog/product-shot-or-clothing-on-model,pl,404,,,,,n/a,noindex site-wide layout,no,no,0,missing,missing,,no,n/a,Unpublished returns 404
/uk/blog/product-shot-or-clothing-on-model,uk,404,,,,,n/a,noindex site-wide layout,no,no,0,missing,missing,,no,n/a,Unpublished returns 404
/hi/blog/product-shot-or-clothing-on-model,hi,404,,,,,n/a,noindex site-wide layout,no,no,0,missing,missing,,no,n/a,Unpublished returns 404
/id/blog/product-shot-or-clothing-on-model,id,404,,,,,n/a,noindex site-wide layout,no,no,0,missing,missing,,no,n/a,Unpublished returns 404
/vi/blog/product-shot-or-clothing-on-model,vi,404,,,,,n/a,noindex site-wide layout,no,no,0,missing,missing,,no,n/a,Unpublished returns 404
/zh/blog/product-shot-or-clothing-on-model,zh,404,,,,,n/a,noindex site-wide layout,no,no,0,missing,missing,,no,n/a,Unpublished returns 404
/ru/blog/white-background-or-creative-scene,ru,404,Белый фон или креативная сцена,"Белый фон или креативная сцена: практический гид Vitrina AI Studio с чеклистом качества, ограничениями AI и ссылками на связанные use cases.",Белый фон или креативная сцена,,n/a,noindex site-wide layout,no,no,0,missing,missing,,no,n/a,Unpublished returns 404
/en/blog/white-background-or-creative-scene,en,404,White background or creative scene,"White background or creative scene: a practical Vitrina AI Studio guide with a quality checklist, AI limitations, and related use cases.",White background or creative scene,,n/a,noindex site-wide layout,no,no,0,missing,missing,,no,n/a,Unpublished returns 404
/kk/blog/white-background-or-creative-scene,kk,404,,,,,n/a,noindex site-wide layout,no,no,0,missing,missing,,no,n/a,Unpublished returns 404
/ky/blog/white-background-or-creative-scene,ky,404,,,,,n/a,noindex site-wide layout,no,no,0,missing,missing,,no,n/a,Unpublished returns 404
/uz/blog/white-background-or-creative-scene,uz,404,,,,,n/a,noindex site-wide layout,no,no,0,missing,missing,,no,n/a,Unpublished returns 404
/tg/blog/white-background-or-creative-scene,tg,404,,,,,n/a,noindex site-wide layout,no,no,0,missing,missing,,no,n/a,Unpublished returns 404
/tr/blog/white-background-or-creative-scene,tr,404,,,,,n/a,noindex site-wide layout,no,no,0,missing,missing,,no,n/a,Unpublished returns 404
/az/blog/white-background-or-creative-scene,az,404,,,,,n/a,noindex site-wide layout,no,no,0,missing,missing,,no,n/a,Unpublished returns 404
/ar/blog/white-background-or-creative-scene,ar,404,,,,,n/a,noindex site-wide layout,no,no,0,missing,missing,,no,n/a,Unpublished returns 404
/es/blog/white-background-or-creative-scene,es,404,,,,,n/a,noindex site-wide layout,no,no,0,missing,missing,,no,n/a,Unpublished returns 404
/pt/blog/white-background-or-creative-scene,pt,404,,,,,n/a,noindex site-wide layout,no,no,0,missing,missing,,no,n/a,Unpublished returns 404
/fr/blog/white-background-or-creative-scene,fr,404,,,,,n/a,noindex site-wide layout,no,no,0,missing,missing,,no,n/a,Unpublished returns 404
/de/blog/white-background-or-creative-scene,de,404,,,,,n/a,noindex site-wide layout,no,no,0,missing,missing,,no,n/a,Unpublished returns 404
/it/blog/white-background-or-creative-scene,it,404,,,,,n/a,noindex site-wide layout,no,no,0,missing,missing,,no,n/a,Unpublished returns 404
/pl/blog/white-background-or-creative-scene,pl,404,,,,,n/a,noindex site-wide layout,no,no,0,missing,missing,,no,n/a,Unpublished returns 404
/uk/blog/white-background-or-creative-scene,uk,404,,,,,n/a,noindex site-wide layout,no,no,0,missing,missing,,no,n/a,Unpublished returns 404
/hi/blog/white-background-or-creative-scene,hi,404,,,,,n/a,noindex site-wide layout,no,no,0,missing,missing,,no,n/a,Unpublished returns 404
/id/blog/white-background-or-creative-scene,id,404,,,,,n/a,noindex site-wide layout,no,no,0,missing,missing,,no,n/a,Unpublished returns 404
/vi/blog/white-background-or-creative-scene,vi,404,,,,,n/a,noindex site-wide layout,no,no,0,missing,missing,,no,n/a,Unpublished returns 404
/zh/blog/white-background-or-creative-scene,zh,404,,,,,n/a,noindex site-wide layout,no,no,0,missing,missing,,no,n/a,Unpublished returns 404
/ru/blog/ai-model-or-real-model,ru,404,AI-модель или реальная модель,"AI-модель или реальная модель: практический гид Vitrina AI Studio с чеклистом качества, ограничениями AI и ссылками на связанные use cases.",AI-модель или реальная модель,,n/a,noindex site-wide layout,no,no,0,missing,missing,,no,n/a,Unpublished returns 404
/en/blog/ai-model-or-real-model,en,404,AI model or real model,"AI model or real model: a practical Vitrina AI Studio guide with a quality checklist, AI limitations, and related use cases.",AI model or real model,,n/a,noindex site-wide layout,no,no,0,missing,missing,,no,n/a,Unpublished returns 404
/kk/blog/ai-model-or-real-model,kk,404,,,,,n/a,noindex site-wide layout,no,no,0,missing,missing,,no,n/a,Unpublished returns 404
/ky/blog/ai-model-or-real-model,ky,404,,,,,n/a,noindex site-wide layout,no,no,0,missing,missing,,no,n/a,Unpublished returns 404
/uz/blog/ai-model-or-real-model,uz,404,,,,,n/a,noindex site-wide layout,no,no,0,missing,missing,,no,n/a,Unpublished returns 404
/tg/blog/ai-model-or-real-model,tg,404,,,,,n/a,noindex site-wide layout,no,no,0,missing,missing,,no,n/a,Unpublished returns 404
/tr/blog/ai-model-or-real-model,tr,404,,,,,n/a,noindex site-wide layout,no,no,0,missing,missing,,no,n/a,Unpublished returns 404
/az/blog/ai-model-or-real-model,az,404,,,,,n/a,noindex site-wide layout,no,no,0,missing,missing,,no,n/a,Unpublished returns 404
/ar/blog/ai-model-or-real-model,ar,404,,,,,n/a,noindex site-wide layout,no,no,0,missing,missing,,no,n/a,Unpublished returns 404
/es/blog/ai-model-or-real-model,es,404,,,,,n/a,noindex site-wide layout,no,no,0,missing,missing,,no,n/a,Unpublished returns 404
/pt/blog/ai-model-or-real-model,pt,404,,,,,n/a,noindex site-wide layout,no,no,0,missing,missing,,no,n/a,Unpublished returns 404
/fr/blog/ai-model-or-real-model,fr,404,,,,,n/a,noindex site-wide layout,no,no,0,missing,missing,,no,n/a,Unpublished returns 404
/de/blog/ai-model-or-real-model,de,404,,,,,n/a,noindex site-wide layout,no,no,0,missing,missing,,no,n/a,Unpublished returns 404
/it/blog/ai-model-or-real-model,it,404,,,,,n/a,noindex site-wide layout,no,no,0,missing,missing,,no,n/a,Unpublished returns 404
/pl/blog/ai-model-or-real-model,pl,404,,,,,n/a,noindex site-wide layout,no,no,0,missing,missing,,no,n/a,Unpublished returns 404
/uk/blog/ai-model-or-real-model,uk,404,,,,,n/a,noindex site-wide layout,no,no,0,missing,missing,,no,n/a,Unpublished returns 404
/hi/blog/ai-model-or-real-model,hi,404,,,,,n/a,noindex site-wide layout,no,no,0,missing,missing,,no,n/a,Unpublished returns 404
/id/blog/ai-model-or-real-model,id,404,,,,,n/a,noindex site-wide layout,no,no,0,missing,missing,,no,n/a,Unpublished returns 404
/vi/blog/ai-model-or-real-model,vi,404,,,,,n/a,noindex site-wide layout,no,no,0,missing,missing,,no,n/a,Unpublished returns 404
/zh/blog/ai-model-or-real-model,zh,404,,,,,n/a,noindex site-wide layout,no,no,0,missing,missing,,no,n/a,Unpublished returns 404
/ru/blog/exact-product-card-or-creative-scene,ru,404,Точная карточка или креативная сцена,"Точная карточка или креативная сцена: практический гид Vitrina AI Studio с чеклистом качества, ограничениями AI и ссылками на связанные use cases.",Точная карточка или креативная сцена,,n/a,noindex site-wide layout,no,no,0,missing,missing,,no,n/a,Unpublished returns 404
/en/blog/exact-product-card-or-creative-scene,en,404,Exact product card or creative scene,"Exact product card or creative scene: a practical Vitrina AI Studio guide with a quality checklist, AI limitations, and related use cases.",Exact product card or creative scene,,n/a,noindex site-wide layout,no,no,0,missing,missing,,no,n/a,Unpublished returns 404
/kk/blog/exact-product-card-or-creative-scene,kk,404,,,,,n/a,noindex site-wide layout,no,no,0,missing,missing,,no,n/a,Unpublished returns 404
/ky/blog/exact-product-card-or-creative-scene,ky,404,,,,,n/a,noindex site-wide layout,no,no,0,missing,missing,,no,n/a,Unpublished returns 404
/uz/blog/exact-product-card-or-creative-scene,uz,404,,,,,n/a,noindex site-wide layout,no,no,0,missing,missing,,no,n/a,Unpublished returns 404
/tg/blog/exact-product-card-or-creative-scene,tg,404,,,,,n/a,noindex site-wide layout,no,no,0,missing,missing,,no,n/a,Unpublished returns 404
/tr/blog/exact-product-card-or-creative-scene,tr,404,,,,,n/a,noindex site-wide layout,no,no,0,missing,missing,,no,n/a,Unpublished returns 404
/az/blog/exact-product-card-or-creative-scene,az,404,,,,,n/a,noindex site-wide layout,no,no,0,missing,missing,,no,n/a,Unpublished returns 404
/ar/blog/exact-product-card-or-creative-scene,ar,404,,,,,n/a,noindex site-wide layout,no,no,0,missing,missing,,no,n/a,Unpublished returns 404
/es/blog/exact-product-card-or-creative-scene,es,404,,,,,n/a,noindex site-wide layout,no,no,0,missing,missing,,no,n/a,Unpublished returns 404
/pt/blog/exact-product-card-or-creative-scene,pt,404,,,,,n/a,noindex site-wide layout,no,no,0,missing,missing,,no,n/a,Unpublished returns 404
/fr/blog/exact-product-card-or-creative-scene,fr,404,,,,,n/a,noindex site-wide layout,no,no,0,missing,missing,,no,n/a,Unpublished returns 404
/de/blog/exact-product-card-or-creative-scene,de,404,,,,,n/a,noindex site-wide layout,no,no,0,missing,missing,,no,n/a,Unpublished returns 404
/it/blog/exact-product-card-or-creative-scene,it,404,,,,,n/a,noindex site-wide layout,no,no,0,missing,missing,,no,n/a,Unpublished returns 404
/pl/blog/exact-product-card-or-creative-scene,pl,404,,,,,n/a,noindex site-wide layout,no,no,0,missing,missing,,no,n/a,Unpublished returns 404
/uk/blog/exact-product-card-or-creative-scene,uk,404,,,,,n/a,noindex site-wide layout,no,no,0,missing,missing,,no,n/a,Unpublished returns 404
/hi/blog/exact-product-card-or-creative-scene,hi,404,,,,,n/a,noindex site-wide layout,no,no,0,missing,missing,,no,n/a,Unpublished returns 404
/id/blog/exact-product-card-or-creative-scene,id,404,,,,,n/a,noindex site-wide layout,no,no,0,missing,missing,,no,n/a,Unpublished returns 404
/vi/blog/exact-product-card-or-creative-scene,vi,404,,,,,n/a,noindex site-wide layout,no,no,0,missing,missing,,no,n/a,Unpublished returns 404
/zh/blog/exact-product-card-or-creative-scene,zh,404,,,,,n/a,noindex site-wide layout,no,no,0,missing,missing,,no,n/a,Unpublished returns 404
/ru/blog/product-photo-or-product-video,ru,404,Фото товара или видео товара,"Фото товара или видео товара: практический гид Vitrina AI Studio с чеклистом качества, ограничениями AI и ссылками на связанные use cases.",Фото товара или видео товара,,n/a,noindex site-wide layout,no,no,0,missing,missing,,no,n/a,Unpublished returns 404
/en/blog/product-photo-or-product-video,en,404,Product photo or product video,"Product photo or product video: a practical Vitrina AI Studio guide with a quality checklist, AI limitations, and related use cases.",Product photo or product video,,n/a,noindex site-wide layout,no,no,0,missing,missing,,no,n/a,Unpublished returns 404
/kk/blog/product-photo-or-product-video,kk,404,,,,,n/a,noindex site-wide layout,no,no,0,missing,missing,,no,n/a,Unpublished returns 404
/ky/blog/product-photo-or-product-video,ky,404,,,,,n/a,noindex site-wide layout,no,no,0,missing,missing,,no,n/a,Unpublished returns 404
/uz/blog/product-photo-or-product-video,uz,404,,,,,n/a,noindex site-wide layout,no,no,0,missing,missing,,no,n/a,Unpublished returns 404
/tg/blog/product-photo-or-product-video,tg,404,,,,,n/a,noindex site-wide layout,no,no,0,missing,missing,,no,n/a,Unpublished returns 404
/tr/blog/product-photo-or-product-video,tr,404,,,,,n/a,noindex site-wide layout,no,no,0,missing,missing,,no,n/a,Unpublished returns 404
/az/blog/product-photo-or-product-video,az,404,,,,,n/a,noindex site-wide layout,no,no,0,missing,missing,,no,n/a,Unpublished returns 404
/ar/blog/product-photo-or-product-video,ar,404,,,,,n/a,noindex site-wide layout,no,no,0,missing,missing,,no,n/a,Unpublished returns 404
/es/blog/product-photo-or-product-video,es,404,,,,,n/a,noindex site-wide layout,no,no,0,missing,missing,,no,n/a,Unpublished returns 404
/pt/blog/product-photo-or-product-video,pt,404,,,,,n/a,noindex site-wide layout,no,no,0,missing,missing,,no,n/a,Unpublished returns 404
/fr/blog/product-photo-or-product-video,fr,404,,,,,n/a,noindex site-wide layout,no,no,0,missing,missing,,no,n/a,Unpublished returns 404
/de/blog/product-photo-or-product-video,de,404,,,,,n/a,noindex site-wide layout,no,no,0,missing,missing,,no,n/a,Unpublished returns 404
/it/blog/product-photo-or-product-video,it,404,,,,,n/a,noindex site-wide layout,no,no,0,missing,missing,,no,n/a,Unpublished returns 404
/pl/blog/product-photo-or-product-video,pl,404,,,,,n/a,noindex site-wide layout,no,no,0,missing,missing,,no,n/a,Unpublished returns 404
/uk/blog/product-photo-or-product-video,uk,404,,,,,n/a,noindex site-wide layout,no,no,0,missing,missing,,no,n/a,Unpublished returns 404
/hi/blog/product-photo-or-product-video,hi,404,,,,,n/a,noindex site-wide layout,no,no,0,missing,missing,,no,n/a,Unpublished returns 404
/id/blog/product-photo-or-product-video,id,404,,,,,n/a,noindex site-wide layout,no,no,0,missing,missing,,no,n/a,Unpublished returns 404
/vi/blog/product-photo-or-product-video,vi,404,,,,,n/a,noindex site-wide layout,no,no,0,missing,missing,,no,n/a,Unpublished returns 404
/zh/blog/product-photo-or-product-video,zh,404,,,,,n/a,noindex site-wide layout,no,no,0,missing,missing,,no,n/a,Unpublished returns 404
/ru/blog/manual-product-selection-or-automatic-background-removal,ru,404,Ручное выделение товара или автоудаление фона,"Ручное выделение товара или автоудаление фона: практический гид Vitrina AI Studio с чеклистом качества, ограничениями AI и ссылками на связанные use cases.",Ручное выделение товара или автоудаление фона,,n/a,noindex site-wide layout,no,no,0,missing,missing,,no,n/a,Unpublished returns 404
/en/blog/manual-product-selection-or-automatic-background-removal,en,404,Manual product selection or automatic background removal,"Manual product selection or automatic background removal: a practical Vitrina AI Studio guide with a quality checklist, AI limitations, and related use cases.",Manual product selection or automatic background removal,,n/a,noindex site-wide layout,no,no,0,missing,missing,,no,n/a,Unpublished returns 404
/kk/blog/manual-product-selection-or-automatic-background-removal,kk,404,,,,,n/a,noindex site-wide layout,no,no,0,missing,missing,,no,n/a,Unpublished returns 404
/ky/blog/manual-product-selection-or-automatic-background-removal,ky,404,,,,,n/a,noindex site-wide layout,no,no,0,missing,missing,,no,n/a,Unpublished returns 404
/uz/blog/manual-product-selection-or-automatic-background-removal,uz,404,,,,,n/a,noindex site-wide layout,no,no,0,missing,missing,,no,n/a,Unpublished returns 404
/tg/blog/manual-product-selection-or-automatic-background-removal,tg,404,,,,,n/a,noindex site-wide layout,no,no,0,missing,missing,,no,n/a,Unpublished returns 404
/tr/blog/manual-product-selection-or-automatic-background-removal,tr,404,,,,,n/a,noindex site-wide layout,no,no,0,missing,missing,,no,n/a,Unpublished returns 404
/az/blog/manual-product-selection-or-automatic-background-removal,az,404,,,,,n/a,noindex site-wide layout,no,no,0,missing,missing,,no,n/a,Unpublished returns 404
/ar/blog/manual-product-selection-or-automatic-background-removal,ar,404,,,,,n/a,noindex site-wide layout,no,no,0,missing,missing,,no,n/a,Unpublished returns 404
/es/blog/manual-product-selection-or-automatic-background-removal,es,404,,,,,n/a,noindex site-wide layout,no,no,0,missing,missing,,no,n/a,Unpublished returns 404
/pt/blog/manual-product-selection-or-automatic-background-removal,pt,404,,,,,n/a,noindex site-wide layout,no,no,0,missing,missing,,no,n/a,Unpublished returns 404
/fr/blog/manual-product-selection-or-automatic-background-removal,fr,404,,,,,n/a,noindex site-wide layout,no,no,0,missing,missing,,no,n/a,Unpublished returns 404
/de/blog/manual-product-selection-or-automatic-background-removal,de,404,,,,,n/a,noindex site-wide layout,no,no,0,missing,missing,,no,n/a,Unpublished returns 404
/it/blog/manual-product-selection-or-automatic-background-removal,it,404,,,,,n/a,noindex site-wide layout,no,no,0,missing,missing,,no,n/a,Unpublished returns 404
/pl/blog/manual-product-selection-or-automatic-background-removal,pl,404,,,,,n/a,noindex site-wide layout,no,no,0,missing,missing,,no,n/a,Unpublished returns 404
/uk/blog/manual-product-selection-or-automatic-background-removal,uk,404,,,,,n/a,noindex site-wide layout,no,no,0,missing,missing,,no,n/a,Unpublished returns 404
/hi/blog/manual-product-selection-or-automatic-background-removal,hi,404,,,,,n/a,noindex site-wide layout,no,no,0,missing,missing,,no,n/a,Unpublished returns 404
/id/blog/manual-product-selection-or-automatic-background-removal,id,404,,,,,n/a,noindex site-wide layout,no,no,0,missing,missing,,no,n/a,Unpublished returns 404
/vi/blog/manual-product-selection-or-automatic-background-removal,vi,404,,,,,n/a,noindex site-wide layout,no,no,0,missing,missing,,no,n/a,Unpublished returns 404
/zh/blog/manual-product-selection-or-automatic-background-removal,zh,404,,,,,n/a,noindex site-wide layout,no,no,0,missing,missing,,no,n/a,Unpublished returns 404
/ru/blog/what-is-better-for-marketplaces-1-1-or-4-5,ru,404,Что лучше для маркетплейса: 1:1 или 4:5,"Что лучше для маркетплейса: 1:1 или 4:5: практический гид Vitrina AI Studio с чеклистом качества, ограничениями AI и ссылками на связанные use cases.",Что лучше для маркетплейса: 1:1 или 4:5,,n/a,noindex site-wide layout,no,no,0,missing,missing,,no,n/a,Unpublished returns 404
/en/blog/what-is-better-for-marketplaces-1-1-or-4-5,en,404,What is better for marketplaces: 1:1 or 4:5,"What is better for marketplaces: 1:1 or 4:5: a practical Vitrina AI Studio guide with a quality checklist, AI limitations, and related use cases.",What is better for marketplaces: 1:1 or 4:5,,n/a,noindex site-wide layout,no,no,0,missing,missing,,no,n/a,Unpublished returns 404
/kk/blog/what-is-better-for-marketplaces-1-1-or-4-5,kk,404,,,,,n/a,noindex site-wide layout,no,no,0,missing,missing,,no,n/a,Unpublished returns 404
/ky/blog/what-is-better-for-marketplaces-1-1-or-4-5,ky,404,,,,,n/a,noindex site-wide layout,no,no,0,missing,missing,,no,n/a,Unpublished returns 404
/uz/blog/what-is-better-for-marketplaces-1-1-or-4-5,uz,404,,,,,n/a,noindex site-wide layout,no,no,0,missing,missing,,no,n/a,Unpublished returns 404
/tg/blog/what-is-better-for-marketplaces-1-1-or-4-5,tg,404,,,,,n/a,noindex site-wide layout,no,no,0,missing,missing,,no,n/a,Unpublished returns 404
/tr/blog/what-is-better-for-marketplaces-1-1-or-4-5,tr,404,,,,,n/a,noindex site-wide layout,no,no,0,missing,missing,,no,n/a,Unpublished returns 404
/az/blog/what-is-better-for-marketplaces-1-1-or-4-5,az,404,,,,,n/a,noindex site-wide layout,no,no,0,missing,missing,,no,n/a,Unpublished returns 404
/ar/blog/what-is-better-for-marketplaces-1-1-or-4-5,ar,404,,,,,n/a,noindex site-wide layout,no,no,0,missing,missing,,no,n/a,Unpublished returns 404
/es/blog/what-is-better-for-marketplaces-1-1-or-4-5,es,404,,,,,n/a,noindex site-wide layout,no,no,0,missing,missing,,no,n/a,Unpublished returns 404
/pt/blog/what-is-better-for-marketplaces-1-1-or-4-5,pt,404,,,,,n/a,noindex site-wide layout,no,no,0,missing,missing,,no,n/a,Unpublished returns 404
/fr/blog/what-is-better-for-marketplaces-1-1-or-4-5,fr,404,,,,,n/a,noindex site-wide layout,no,no,0,missing,missing,,no,n/a,Unpublished returns 404
/de/blog/what-is-better-for-marketplaces-1-1-or-4-5,de,404,,,,,n/a,noindex site-wide layout,no,no,0,missing,missing,,no,n/a,Unpublished returns 404
/it/blog/what-is-better-for-marketplaces-1-1-or-4-5,it,404,,,,,n/a,noindex site-wide layout,no,no,0,missing,missing,,no,n/a,Unpublished returns 404
/pl/blog/what-is-better-for-marketplaces-1-1-or-4-5,pl,404,,,,,n/a,noindex site-wide layout,no,no,0,missing,missing,,no,n/a,Unpublished returns 404
/uk/blog/what-is-better-for-marketplaces-1-1-or-4-5,uk,404,,,,,n/a,noindex site-wide layout,no,no,0,missing,missing,,no,n/a,Unpublished returns 404
/hi/blog/what-is-better-for-marketplaces-1-1-or-4-5,hi,404,,,,,n/a,noindex site-wide layout,no,no,0,missing,missing,,no,n/a,Unpublished returns 404
/id/blog/what-is-better-for-marketplaces-1-1-or-4-5,id,404,,,,,n/a,noindex site-wide layout,no,no,0,missing,missing,,no,n/a,Unpublished returns 404
/vi/blog/what-is-better-for-marketplaces-1-1-or-4-5,vi,404,,,,,n/a,noindex site-wide layout,no,no,0,missing,missing,,no,n/a,Unpublished returns 404
/zh/blog/what-is-better-for-marketplaces-1-1-or-4-5,zh,404,,,,,n/a,noindex site-wide layout,no,no,0,missing,missing,,no,n/a,Unpublished returns 404
/ru/blog/what-is-better-for-instagram-photo-or-reels,ru,404,Что лучше для Instagram: фото или Reels,"Что лучше для Instagram: фото или Reels: практический гид Vitrina AI Studio с чеклистом качества, ограничениями AI и ссылками на связанные use cases.",Что лучше для Instagram: фото или Reels,,n/a,noindex site-wide layout,no,no,0,missing,missing,,no,n/a,Unpublished returns 404
/en/blog/what-is-better-for-instagram-photo-or-reels,en,404,What is better for Instagram: photo or Reels,"What is better for Instagram: photo or Reels: a practical Vitrina AI Studio guide with a quality checklist, AI limitations, and related use cases.",What is better for Instagram: photo or Reels,,n/a,noindex site-wide layout,no,no,0,missing,missing,,no,n/a,Unpublished returns 404
/kk/blog/what-is-better-for-instagram-photo-or-reels,kk,404,,,,,n/a,noindex site-wide layout,no,no,0,missing,missing,,no,n/a,Unpublished returns 404
/ky/blog/what-is-better-for-instagram-photo-or-reels,ky,404,,,,,n/a,noindex site-wide layout,no,no,0,missing,missing,,no,n/a,Unpublished returns 404
/uz/blog/what-is-better-for-instagram-photo-or-reels,uz,404,,,,,n/a,noindex site-wide layout,no,no,0,missing,missing,,no,n/a,Unpublished returns 404
/tg/blog/what-is-better-for-instagram-photo-or-reels,tg,404,,,,,n/a,noindex site-wide layout,no,no,0,missing,missing,,no,n/a,Unpublished returns 404
/tr/blog/what-is-better-for-instagram-photo-or-reels,tr,404,,,,,n/a,noindex site-wide layout,no,no,0,missing,missing,,no,n/a,Unpublished returns 404
/az/blog/what-is-better-for-instagram-photo-or-reels,az,404,,,,,n/a,noindex site-wide layout,no,no,0,missing,missing,,no,n/a,Unpublished returns 404
/ar/blog/what-is-better-for-instagram-photo-or-reels,ar,404,,,,,n/a,noindex site-wide layout,no,no,0,missing,missing,,no,n/a,Unpublished returns 404
/es/blog/what-is-better-for-instagram-photo-or-reels,es,404,,,,,n/a,noindex site-wide layout,no,no,0,missing,missing,,no,n/a,Unpublished returns 404
/pt/blog/what-is-better-for-instagram-photo-or-reels,pt,404,,,,,n/a,noindex site-wide layout,no,no,0,missing,missing,,no,n/a,Unpublished returns 404
/fr/blog/what-is-better-for-instagram-photo-or-reels,fr,404,,,,,n/a,noindex site-wide layout,no,no,0,missing,missing,,no,n/a,Unpublished returns 404
/de/blog/what-is-better-for-instagram-photo-or-reels,de,404,,,,,n/a,noindex site-wide layout,no,no,0,missing,missing,,no,n/a,Unpublished returns 404
/it/blog/what-is-better-for-instagram-photo-or-reels,it,404,,,,,n/a,noindex site-wide layout,no,no,0,missing,missing,,no,n/a,Unpublished returns 404
/pl/blog/what-is-better-for-instagram-photo-or-reels,pl,404,,,,,n/a,noindex site-wide layout,no,no,0,missing,missing,,no,n/a,Unpublished returns 404
/uk/blog/what-is-better-for-instagram-photo-or-reels,uk,404,,,,,n/a,noindex site-wide layout,no,no,0,missing,missing,,no,n/a,Unpublished returns 404
/hi/blog/what-is-better-for-instagram-photo-or-reels,hi,404,,,,,n/a,noindex site-wide layout,no,no,0,missing,missing,,no,n/a,Unpublished returns 404
/id/blog/what-is-better-for-instagram-photo-or-reels,id,404,,,,,n/a,noindex site-wide layout,no,no,0,missing,missing,,no,n/a,Unpublished returns 404
/vi/blog/what-is-better-for-instagram-photo-or-reels,vi,404,,,,,n/a,noindex site-wide layout,no,no,0,missing,missing,,no,n/a,Unpublished returns 404
/zh/blog/what-is-better-for-instagram-photo-or-reels,zh,404,,,,,n/a,noindex site-wide layout,no,no,0,missing,missing,,no,n/a,Unpublished returns 404
/ru/blog/why-different-platforms-need-different-formats,ru,404,Почему разные площадки требуют разные форматы,"Почему разные площадки требуют разные форматы: практический гид Vitrina AI Studio с чеклистом качества, ограничениями AI и ссылками на связанные use cases.",Почему разные площадки требуют разные форматы,,n/a,noindex site-wide layout,no,no,0,missing,missing,,no,n/a,Unpublished returns 404
/en/blog/why-different-platforms-need-different-formats,en,404,Why different platforms need different formats,"Why different platforms need different formats: a practical Vitrina AI Studio guide with a quality checklist, AI limitations, and related use cases.",Why different platforms need different formats,,n/a,noindex site-wide layout,no,no,0,missing,missing,,no,n/a,Unpublished returns 404
/kk/blog/why-different-platforms-need-different-formats,kk,404,,,,,n/a,noindex site-wide layout,no,no,0,missing,missing,,no,n/a,Unpublished returns 404
/ky/blog/why-different-platforms-need-different-formats,ky,404,,,,,n/a,noindex site-wide layout,no,no,0,missing,missing,,no,n/a,Unpublished returns 404
/uz/blog/why-different-platforms-need-different-formats,uz,404,,,,,n/a,noindex site-wide layout,no,no,0,missing,missing,,no,n/a,Unpublished returns 404
/tg/blog/why-different-platforms-need-different-formats,tg,404,,,,,n/a,noindex site-wide layout,no,no,0,missing,missing,,no,n/a,Unpublished returns 404
/tr/blog/why-different-platforms-need-different-formats,tr,404,,,,,n/a,noindex site-wide layout,no,no,0,missing,missing,,no,n/a,Unpublished returns 404
/az/blog/why-different-platforms-need-different-formats,az,404,,,,,n/a,noindex site-wide layout,no,no,0,missing,missing,,no,n/a,Unpublished returns 404
/ar/blog/why-different-platforms-need-different-formats,ar,404,,,,,n/a,noindex site-wide layout,no,no,0,missing,missing,,no,n/a,Unpublished returns 404
/es/blog/why-different-platforms-need-different-formats,es,404,,,,,n/a,noindex site-wide layout,no,no,0,missing,missing,,no,n/a,Unpublished returns 404
/pt/blog/why-different-platforms-need-different-formats,pt,404,,,,,n/a,noindex site-wide layout,no,no,0,missing,missing,,no,n/a,Unpublished returns 404
/fr/blog/why-different-platforms-need-different-formats,fr,404,,,,,n/a,noindex site-wide layout,no,no,0,missing,missing,,no,n/a,Unpublished returns 404
/de/blog/why-different-platforms-need-different-formats,de,404,,,,,n/a,noindex site-wide layout,no,no,0,missing,missing,,no,n/a,Unpublished returns 404
/it/blog/why-different-platforms-need-different-formats,it,404,,,,,n/a,noindex site-wide layout,no,no,0,missing,missing,,no,n/a,Unpublished returns 404
/pl/blog/why-different-platforms-need-different-formats,pl,404,,,,,n/a,noindex site-wide layout,no,no,0,missing,missing,,no,n/a,Unpublished returns 404
/uk/blog/why-different-platforms-need-different-formats,uk,404,,,,,n/a,noindex site-wide layout,no,no,0,missing,missing,,no,n/a,Unpublished returns 404
/hi/blog/why-different-platforms-need-different-formats,hi,404,,,,,n/a,noindex site-wide layout,no,no,0,missing,missing,,no,n/a,Unpublished returns 404
/id/blog/why-different-platforms-need-different-formats,id,404,,,,,n/a,noindex site-wide layout,no,no,0,missing,missing,,no,n/a,Unpublished returns 404
/vi/blog/why-different-platforms-need-different-formats,vi,404,,,,,n/a,noindex site-wide layout,no,no,0,missing,missing,,no,n/a,Unpublished returns 404
/zh/blog/why-different-platforms-need-different-formats,zh,404,,,,,n/a,noindex site-wide layout,no,no,0,missing,missing,,no,n/a,Unpublished returns 404
/ru/blog/how-to-sell-products-on-different-marketplaces,ru,404,Как продавать товары на разных маркетплейсах,"Как продавать товары на разных маркетплейсах: практический гид Vitrina AI Studio с чеклистом качества, ограничениями AI и ссылками на связанные use cases.",Как продавать товары на разных маркетплейсах,,n/a,noindex site-wide layout,no,no,0,missing,missing,,no,n/a,Unpublished returns 404
/en/blog/how-to-sell-products-on-different-marketplaces,en,404,How to sell products on different marketplaces,"How to sell products on different marketplaces: a practical Vitrina AI Studio guide with a quality checklist, AI limitations, and related use cases.",How to sell products on different marketplaces,,n/a,noindex site-wide layout,no,no,0,missing,missing,,no,n/a,Unpublished returns 404
/kk/blog/how-to-sell-products-on-different-marketplaces,kk,404,,,,,n/a,noindex site-wide layout,no,no,0,missing,missing,,no,n/a,Unpublished returns 404
/ky/blog/how-to-sell-products-on-different-marketplaces,ky,404,,,,,n/a,noindex site-wide layout,no,no,0,missing,missing,,no,n/a,Unpublished returns 404
/uz/blog/how-to-sell-products-on-different-marketplaces,uz,404,,,,,n/a,noindex site-wide layout,no,no,0,missing,missing,,no,n/a,Unpublished returns 404
/tg/blog/how-to-sell-products-on-different-marketplaces,tg,404,,,,,n/a,noindex site-wide layout,no,no,0,missing,missing,,no,n/a,Unpublished returns 404
/tr/blog/how-to-sell-products-on-different-marketplaces,tr,404,,,,,n/a,noindex site-wide layout,no,no,0,missing,missing,,no,n/a,Unpublished returns 404
/az/blog/how-to-sell-products-on-different-marketplaces,az,404,,,,,n/a,noindex site-wide layout,no,no,0,missing,missing,,no,n/a,Unpublished returns 404
/ar/blog/how-to-sell-products-on-different-marketplaces,ar,404,,,,,n/a,noindex site-wide layout,no,no,0,missing,missing,,no,n/a,Unpublished returns 404
/es/blog/how-to-sell-products-on-different-marketplaces,es,404,,,,,n/a,noindex site-wide layout,no,no,0,missing,missing,,no,n/a,Unpublished returns 404
/pt/blog/how-to-sell-products-on-different-marketplaces,pt,404,,,,,n/a,noindex site-wide layout,no,no,0,missing,missing,,no,n/a,Unpublished returns 404
/fr/blog/how-to-sell-products-on-different-marketplaces,fr,404,,,,,n/a,noindex site-wide layout,no,no,0,missing,missing,,no,n/a,Unpublished returns 404
/de/blog/how-to-sell-products-on-different-marketplaces,de,404,,,,,n/a,noindex site-wide layout,no,no,0,missing,missing,,no,n/a,Unpublished returns 404
/it/blog/how-to-sell-products-on-different-marketplaces,it,404,,,,,n/a,noindex site-wide layout,no,no,0,missing,missing,,no,n/a,Unpublished returns 404
/pl/blog/how-to-sell-products-on-different-marketplaces,pl,404,,,,,n/a,noindex site-wide layout,no,no,0,missing,missing,,no,n/a,Unpublished returns 404
/uk/blog/how-to-sell-products-on-different-marketplaces,uk,404,,,,,n/a,noindex site-wide layout,no,no,0,missing,missing,,no,n/a,Unpublished returns 404
/hi/blog/how-to-sell-products-on-different-marketplaces,hi,404,,,,,n/a,noindex site-wide layout,no,no,0,missing,missing,,no,n/a,Unpublished returns 404
/id/blog/how-to-sell-products-on-different-marketplaces,id,404,,,,,n/a,noindex site-wide layout,no,no,0,missing,missing,,no,n/a,Unpublished returns 404
/vi/blog/how-to-sell-products-on-different-marketplaces,vi,404,,,,,n/a,noindex site-wide layout,no,no,0,missing,missing,,no,n/a,Unpublished returns 404
/zh/blog/how-to-sell-products-on-different-marketplaces,zh,404,,,,,n/a,noindex site-wide layout,no,no,0,missing,missing,,no,n/a,Unpublished returns 404
/ru/blog/how-to-prepare-product-photos-for-international-markets,ru,404,Как подготовить фото товара для зарубежного рынка,"Как подготовить фото товара для зарубежного рынка: практический гид Vitrina AI Studio с чеклистом качества, ограничениями AI и ссылками на связанные use cases.",Как подготовить фото товара для зарубежного рынка,,n/a,noindex site-wide layout,no,no,0,missing,missing,,no,n/a,Unpublished returns 404
/en/blog/how-to-prepare-product-photos-for-international-markets,en,404,How to prepare product photos for international markets,"How to prepare product photos for international markets: a practical Vitrina AI Studio guide with a quality checklist, AI limitations, and related use cases.",How to prepare product photos for international markets,,n/a,noindex site-wide layout,no,no,0,missing,missing,,no,n/a,Unpublished returns 404
/kk/blog/how-to-prepare-product-photos-for-international-markets,kk,404,,,,,n/a,noindex site-wide layout,no,no,0,missing,missing,,no,n/a,Unpublished returns 404
/ky/blog/how-to-prepare-product-photos-for-international-markets,ky,404,,,,,n/a,noindex site-wide layout,no,no,0,missing,missing,,no,n/a,Unpublished returns 404
/uz/blog/how-to-prepare-product-photos-for-international-markets,uz,404,,,,,n/a,noindex site-wide layout,no,no,0,missing,missing,,no,n/a,Unpublished returns 404
/tg/blog/how-to-prepare-product-photos-for-international-markets,tg,404,,,,,n/a,noindex site-wide layout,no,no,0,missing,missing,,no,n/a,Unpublished returns 404
/tr/blog/how-to-prepare-product-photos-for-international-markets,tr,404,,,,,n/a,noindex site-wide layout,no,no,0,missing,missing,,no,n/a,Unpublished returns 404
/az/blog/how-to-prepare-product-photos-for-international-markets,az,404,,,,,n/a,noindex site-wide layout,no,no,0,missing,missing,,no,n/a,Unpublished returns 404
/ar/blog/how-to-prepare-product-photos-for-international-markets,ar,404,,,,,n/a,noindex site-wide layout,no,no,0,missing,missing,,no,n/a,Unpublished returns 404
/es/blog/how-to-prepare-product-photos-for-international-markets,es,404,,,,,n/a,noindex site-wide layout,no,no,0,missing,missing,,no,n/a,Unpublished returns 404
/pt/blog/how-to-prepare-product-photos-for-international-markets,pt,404,,,,,n/a,noindex site-wide layout,no,no,0,missing,missing,,no,n/a,Unpublished returns 404
/fr/blog/how-to-prepare-product-photos-for-international-markets,fr,404,,,,,n/a,noindex site-wide layout,no,no,0,missing,missing,,no,n/a,Unpublished returns 404
/de/blog/how-to-prepare-product-photos-for-international-markets,de,404,,,,,n/a,noindex site-wide layout,no,no,0,missing,missing,,no,n/a,Unpublished returns 404
/it/blog/how-to-prepare-product-photos-for-international-markets,it,404,,,,,n/a,noindex site-wide layout,no,no,0,missing,missing,,no,n/a,Unpublished returns 404
/pl/blog/how-to-prepare-product-photos-for-international-markets,pl,404,,,,,n/a,noindex site-wide layout,no,no,0,missing,missing,,no,n/a,Unpublished returns 404
/uk/blog/how-to-prepare-product-photos-for-international-markets,uk,404,,,,,n/a,noindex site-wide layout,no,no,0,missing,missing,,no,n/a,Unpublished returns 404
/hi/blog/how-to-prepare-product-photos-for-international-markets,hi,404,,,,,n/a,noindex site-wide layout,no,no,0,missing,missing,,no,n/a,Unpublished returns 404
/id/blog/how-to-prepare-product-photos-for-international-markets,id,404,,,,,n/a,noindex site-wide layout,no,no,0,missing,missing,,no,n/a,Unpublished returns 404
/vi/blog/how-to-prepare-product-photos-for-international-markets,vi,404,,,,,n/a,noindex site-wide layout,no,no,0,missing,missing,,no,n/a,Unpublished returns 404
/zh/blog/how-to-prepare-product-photos-for-international-markets,zh,404,,,,,n/a,noindex site-wide layout,no,no,0,missing,missing,,no,n/a,Unpublished returns 404
/ru/blog/how-to-create-a-multilingual-product-catalog,ru,404,Как сделать каталог на нескольких языках,"Как сделать каталог на нескольких языках: практический гид Vitrina AI Studio с чеклистом качества, ограничениями AI и ссылками на связанные use cases.",Как сделать каталог на нескольких языках,,n/a,noindex site-wide layout,no,no,0,missing,missing,,no,n/a,Unpublished returns 404
/en/blog/how-to-create-a-multilingual-product-catalog,en,404,How to create a multilingual product catalog,"How to create a multilingual product catalog: a practical Vitrina AI Studio guide with a quality checklist, AI limitations, and related use cases.",How to create a multilingual product catalog,,n/a,noindex site-wide layout,no,no,0,missing,missing,,no,n/a,Unpublished returns 404
/kk/blog/how-to-create-a-multilingual-product-catalog,kk,404,,,,,n/a,noindex site-wide layout,no,no,0,missing,missing,,no,n/a,Unpublished returns 404
/ky/blog/how-to-create-a-multilingual-product-catalog,ky,404,,,,,n/a,noindex site-wide layout,no,no,0,missing,missing,,no,n/a,Unpublished returns 404
/uz/blog/how-to-create-a-multilingual-product-catalog,uz,404,,,,,n/a,noindex site-wide layout,no,no,0,missing,missing,,no,n/a,Unpublished returns 404
/tg/blog/how-to-create-a-multilingual-product-catalog,tg,404,,,,,n/a,noindex site-wide layout,no,no,0,missing,missing,,no,n/a,Unpublished returns 404
/tr/blog/how-to-create-a-multilingual-product-catalog,tr,404,,,,,n/a,noindex site-wide layout,no,no,0,missing,missing,,no,n/a,Unpublished returns 404
/az/blog/how-to-create-a-multilingual-product-catalog,az,404,,,,,n/a,noindex site-wide layout,no,no,0,missing,missing,,no,n/a,Unpublished returns 404
/ar/blog/how-to-create-a-multilingual-product-catalog,ar,404,,,,,n/a,noindex site-wide layout,no,no,0,missing,missing,,no,n/a,Unpublished returns 404
/es/blog/how-to-create-a-multilingual-product-catalog,es,404,,,,,n/a,noindex site-wide layout,no,no,0,missing,missing,,no,n/a,Unpublished returns 404
/pt/blog/how-to-create-a-multilingual-product-catalog,pt,404,,,,,n/a,noindex site-wide layout,no,no,0,missing,missing,,no,n/a,Unpublished returns 404
/fr/blog/how-to-create-a-multilingual-product-catalog,fr,404,,,,,n/a,noindex site-wide layout,no,no,0,missing,missing,,no,n/a,Unpublished returns 404
/de/blog/how-to-create-a-multilingual-product-catalog,de,404,,,,,n/a,noindex site-wide layout,no,no,0,missing,missing,,no,n/a,Unpublished returns 404
/it/blog/how-to-create-a-multilingual-product-catalog,it,404,,,,,n/a,noindex site-wide layout,no,no,0,missing,missing,,no,n/a,Unpublished returns 404
/pl/blog/how-to-create-a-multilingual-product-catalog,pl,404,,,,,n/a,noindex site-wide layout,no,no,0,missing,missing,,no,n/a,Unpublished returns 404
/uk/blog/how-to-create-a-multilingual-product-catalog,uk,404,,,,,n/a,noindex site-wide layout,no,no,0,missing,missing,,no,n/a,Unpublished returns 404
/hi/blog/how-to-create-a-multilingual-product-catalog,hi,404,,,,,n/a,noindex site-wide layout,no,no,0,missing,missing,,no,n/a,Unpublished returns 404
/id/blog/how-to-create-a-multilingual-product-catalog,id,404,,,,,n/a,noindex site-wide layout,no,no,0,missing,missing,,no,n/a,Unpublished returns 404
/vi/blog/how-to-create-a-multilingual-product-catalog,vi,404,,,,,n/a,noindex site-wide layout,no,no,0,missing,missing,,no,n/a,Unpublished returns 404
/zh/blog/how-to-create-a-multilingual-product-catalog,zh,404,,,,,n/a,noindex site-wide layout,no,no,0,missing,missing,,no,n/a,Unpublished returns 404
/ru/blog/how-to-adapt-a-product-card-for-ebay,ru,404,Как адаптировать карточку товара для eBay,"Как адаптировать карточку товара для eBay: практический гид Vitrina AI Studio с чеклистом качества, ограничениями AI и ссылками на связанные use cases.",Как адаптировать карточку товара для eBay,,n/a,noindex site-wide layout,no,no,0,missing,missing,,no,n/a,Unpublished returns 404
/en/blog/how-to-adapt-a-product-card-for-ebay,en,404,How to adapt a product card for eBay,"How to adapt a product card for eBay: a practical Vitrina AI Studio guide with a quality checklist, AI limitations, and related use cases.",How to adapt a product card for eBay,,n/a,noindex site-wide layout,no,no,0,missing,missing,,no,n/a,Unpublished returns 404
/kk/blog/how-to-adapt-a-product-card-for-ebay,kk,404,,,,,n/a,noindex site-wide layout,no,no,0,missing,missing,,no,n/a,Unpublished returns 404
/ky/blog/how-to-adapt-a-product-card-for-ebay,ky,404,,,,,n/a,noindex site-wide layout,no,no,0,missing,missing,,no,n/a,Unpublished returns 404
/uz/blog/how-to-adapt-a-product-card-for-ebay,uz,404,,,,,n/a,noindex site-wide layout,no,no,0,missing,missing,,no,n/a,Unpublished returns 404
/tg/blog/how-to-adapt-a-product-card-for-ebay,tg,404,,,,,n/a,noindex site-wide layout,no,no,0,missing,missing,,no,n/a,Unpublished returns 404
/tr/blog/how-to-adapt-a-product-card-for-ebay,tr,404,,,,,n/a,noindex site-wide layout,no,no,0,missing,missing,,no,n/a,Unpublished returns 404
/az/blog/how-to-adapt-a-product-card-for-ebay,az,404,,,,,n/a,noindex site-wide layout,no,no,0,missing,missing,,no,n/a,Unpublished returns 404
/ar/blog/how-to-adapt-a-product-card-for-ebay,ar,404,,,,,n/a,noindex site-wide layout,no,no,0,missing,missing,,no,n/a,Unpublished returns 404
/es/blog/how-to-adapt-a-product-card-for-ebay,es,404,,,,,n/a,noindex site-wide layout,no,no,0,missing,missing,,no,n/a,Unpublished returns 404
/pt/blog/how-to-adapt-a-product-card-for-ebay,pt,404,,,,,n/a,noindex site-wide layout,no,no,0,missing,missing,,no,n/a,Unpublished returns 404
/fr/blog/how-to-adapt-a-product-card-for-ebay,fr,404,,,,,n/a,noindex site-wide layout,no,no,0,missing,missing,,no,n/a,Unpublished returns 404
/de/blog/how-to-adapt-a-product-card-for-ebay,de,404,,,,,n/a,noindex site-wide layout,no,no,0,missing,missing,,no,n/a,Unpublished returns 404
/it/blog/how-to-adapt-a-product-card-for-ebay,it,404,,,,,n/a,noindex site-wide layout,no,no,0,missing,missing,,no,n/a,Unpublished returns 404
/pl/blog/how-to-adapt-a-product-card-for-ebay,pl,404,,,,,n/a,noindex site-wide layout,no,no,0,missing,missing,,no,n/a,Unpublished returns 404
/uk/blog/how-to-adapt-a-product-card-for-ebay,uk,404,,,,,n/a,noindex site-wide layout,no,no,0,missing,missing,,no,n/a,Unpublished returns 404
/hi/blog/how-to-adapt-a-product-card-for-ebay,hi,404,,,,,n/a,noindex site-wide layout,no,no,0,missing,missing,,no,n/a,Unpublished returns 404
/id/blog/how-to-adapt-a-product-card-for-ebay,id,404,,,,,n/a,noindex site-wide layout,no,no,0,missing,missing,,no,n/a,Unpublished returns 404
/vi/blog/how-to-adapt-a-product-card-for-ebay,vi,404,,,,,n/a,noindex site-wide layout,no,no,0,missing,missing,,no,n/a,Unpublished returns 404
/zh/blog/how-to-adapt-a-product-card-for-ebay,zh,404,,,,,n/a,noindex site-wide layout,no,no,0,missing,missing,,no,n/a,Unpublished returns 404
/ru/blog/how-to-adapt-a-product-card-for-amazon,ru,404,Как адаптировать карточку товара для Amazon,"Как адаптировать карточку товара для Amazon: практический гид Vitrina AI Studio с чеклистом качества, ограничениями AI и ссылками на связанные use cases.",Как адаптировать карточку товара для Amazon,,n/a,noindex site-wide layout,no,no,0,missing,missing,,no,n/a,Unpublished returns 404
/en/blog/how-to-adapt-a-product-card-for-amazon,en,404,How to adapt a product card for Amazon,"How to adapt a product card for Amazon: a practical Vitrina AI Studio guide with a quality checklist, AI limitations, and related use cases.",How to adapt a product card for Amazon,,n/a,noindex site-wide layout,no,no,0,missing,missing,,no,n/a,Unpublished returns 404
/kk/blog/how-to-adapt-a-product-card-for-amazon,kk,404,,,,,n/a,noindex site-wide layout,no,no,0,missing,missing,,no,n/a,Unpublished returns 404
/ky/blog/how-to-adapt-a-product-card-for-amazon,ky,404,,,,,n/a,noindex site-wide layout,no,no,0,missing,missing,,no,n/a,Unpublished returns 404
/uz/blog/how-to-adapt-a-product-card-for-amazon,uz,404,,,,,n/a,noindex site-wide layout,no,no,0,missing,missing,,no,n/a,Unpublished returns 404
/tg/blog/how-to-adapt-a-product-card-for-amazon,tg,404,,,,,n/a,noindex site-wide layout,no,no,0,missing,missing,,no,n/a,Unpublished returns 404
/tr/blog/how-to-adapt-a-product-card-for-amazon,tr,404,,,,,n/a,noindex site-wide layout,no,no,0,missing,missing,,no,n/a,Unpublished returns 404
/az/blog/how-to-adapt-a-product-card-for-amazon,az,404,,,,,n/a,noindex site-wide layout,no,no,0,missing,missing,,no,n/a,Unpublished returns 404
/ar/blog/how-to-adapt-a-product-card-for-amazon,ar,404,,,,,n/a,noindex site-wide layout,no,no,0,missing,missing,,no,n/a,Unpublished returns 404
/es/blog/how-to-adapt-a-product-card-for-amazon,es,404,,,,,n/a,noindex site-wide layout,no,no,0,missing,missing,,no,n/a,Unpublished returns 404
/pt/blog/how-to-adapt-a-product-card-for-amazon,pt,404,,,,,n/a,noindex site-wide layout,no,no,0,missing,missing,,no,n/a,Unpublished returns 404
/fr/blog/how-to-adapt-a-product-card-for-amazon,fr,404,,,,,n/a,noindex site-wide layout,no,no,0,missing,missing,,no,n/a,Unpublished returns 404
/de/blog/how-to-adapt-a-product-card-for-amazon,de,404,,,,,n/a,noindex site-wide layout,no,no,0,missing,missing,,no,n/a,Unpublished returns 404
/it/blog/how-to-adapt-a-product-card-for-amazon,it,404,,,,,n/a,noindex site-wide layout,no,no,0,missing,missing,,no,n/a,Unpublished returns 404
/pl/blog/how-to-adapt-a-product-card-for-amazon,pl,404,,,,,n/a,noindex site-wide layout,no,no,0,missing,missing,,no,n/a,Unpublished returns 404
/uk/blog/how-to-adapt-a-product-card-for-amazon,uk,404,,,,,n/a,noindex site-wide layout,no,no,0,missing,missing,,no,n/a,Unpublished returns 404
/hi/blog/how-to-adapt-a-product-card-for-amazon,hi,404,,,,,n/a,noindex site-wide layout,no,no,0,missing,missing,,no,n/a,Unpublished returns 404
/id/blog/how-to-adapt-a-product-card-for-amazon,id,404,,,,,n/a,noindex site-wide layout,no,no,0,missing,missing,,no,n/a,Unpublished returns 404
/vi/blog/how-to-adapt-a-product-card-for-amazon,vi,404,,,,,n/a,noindex site-wide layout,no,no,0,missing,missing,,no,n/a,Unpublished returns 404
/zh/blog/how-to-adapt-a-product-card-for-amazon,zh,404,,,,,n/a,noindex site-wide layout,no,no,0,missing,missing,,no,n/a,Unpublished returns 404
/ru/blog/how-to-adapt-product-photos-for-etsy,ru,404,Как адаптировать фото для Etsy,"Как адаптировать фото для Etsy: практический гид Vitrina AI Studio с чеклистом качества, ограничениями AI и ссылками на связанные use cases.",Как адаптировать фото для Etsy,,n/a,noindex site-wide layout,no,no,0,missing,missing,,no,n/a,Unpublished returns 404
/en/blog/how-to-adapt-product-photos-for-etsy,en,404,How to adapt product photos for Etsy,"How to adapt product photos for Etsy: a practical Vitrina AI Studio guide with a quality checklist, AI limitations, and related use cases.",How to adapt product photos for Etsy,,n/a,noindex site-wide layout,no,no,0,missing,missing,,no,n/a,Unpublished returns 404
/kk/blog/how-to-adapt-product-photos-for-etsy,kk,404,,,,,n/a,noindex site-wide layout,no,no,0,missing,missing,,no,n/a,Unpublished returns 404
/ky/blog/how-to-adapt-product-photos-for-etsy,ky,404,,,,,n/a,noindex site-wide layout,no,no,0,missing,missing,,no,n/a,Unpublished returns 404
/uz/blog/how-to-adapt-product-photos-for-etsy,uz,404,,,,,n/a,noindex site-wide layout,no,no,0,missing,missing,,no,n/a,Unpublished returns 404
/tg/blog/how-to-adapt-product-photos-for-etsy,tg,404,,,,,n/a,noindex site-wide layout,no,no,0,missing,missing,,no,n/a,Unpublished returns 404
/tr/blog/how-to-adapt-product-photos-for-etsy,tr,404,,,,,n/a,noindex site-wide layout,no,no,0,missing,missing,,no,n/a,Unpublished returns 404
/az/blog/how-to-adapt-product-photos-for-etsy,az,404,,,,,n/a,noindex site-wide layout,no,no,0,missing,missing,,no,n/a,Unpublished returns 404
/ar/blog/how-to-adapt-product-photos-for-etsy,ar,404,,,,,n/a,noindex site-wide layout,no,no,0,missing,missing,,no,n/a,Unpublished returns 404
/es/blog/how-to-adapt-product-photos-for-etsy,es,404,,,,,n/a,noindex site-wide layout,no,no,0,missing,missing,,no,n/a,Unpublished returns 404
/pt/blog/how-to-adapt-product-photos-for-etsy,pt,404,,,,,n/a,noindex site-wide layout,no,no,0,missing,missing,,no,n/a,Unpublished returns 404
/fr/blog/how-to-adapt-product-photos-for-etsy,fr,404,,,,,n/a,noindex site-wide layout,no,no,0,missing,missing,,no,n/a,Unpublished returns 404
/de/blog/how-to-adapt-product-photos-for-etsy,de,404,,,,,n/a,noindex site-wide layout,no,no,0,missing,missing,,no,n/a,Unpublished returns 404
/it/blog/how-to-adapt-product-photos-for-etsy,it,404,,,,,n/a,noindex site-wide layout,no,no,0,missing,missing,,no,n/a,Unpublished returns 404
/pl/blog/how-to-adapt-product-photos-for-etsy,pl,404,,,,,n/a,noindex site-wide layout,no,no,0,missing,missing,,no,n/a,Unpublished returns 404
/uk/blog/how-to-adapt-product-photos-for-etsy,uk,404,,,,,n/a,noindex site-wide layout,no,no,0,missing,missing,,no,n/a,Unpublished returns 404
/hi/blog/how-to-adapt-product-photos-for-etsy,hi,404,,,,,n/a,noindex site-wide layout,no,no,0,missing,missing,,no,n/a,Unpublished returns 404
/id/blog/how-to-adapt-product-photos-for-etsy,id,404,,,,,n/a,noindex site-wide layout,no,no,0,missing,missing,,no,n/a,Unpublished returns 404
/vi/blog/how-to-adapt-product-photos-for-etsy,vi,404,,,,,n/a,noindex site-wide layout,no,no,0,missing,missing,,no,n/a,Unpublished returns 404
/zh/blog/how-to-adapt-product-photos-for-etsy,zh,404,,,,,n/a,noindex site-wide layout,no,no,0,missing,missing,,no,n/a,Unpublished returns 404
/ru/blog/how-to-prepare-visuals-for-shopify,ru,404,Как подготовить визуал для Shopify,"Как подготовить визуал для Shopify: практический гид Vitrina AI Studio с чеклистом качества, ограничениями AI и ссылками на связанные use cases.",Как подготовить визуал для Shopify,,n/a,noindex site-wide layout,no,no,0,missing,missing,,no,n/a,Unpublished returns 404
/en/blog/how-to-prepare-visuals-for-shopify,en,404,How to prepare visuals for Shopify,"How to prepare visuals for Shopify: a practical Vitrina AI Studio guide with a quality checklist, AI limitations, and related use cases.",How to prepare visuals for Shopify,,n/a,noindex site-wide layout,no,no,0,missing,missing,,no,n/a,Unpublished returns 404
/kk/blog/how-to-prepare-visuals-for-shopify,kk,404,,,,,n/a,noindex site-wide layout,no,no,0,missing,missing,,no,n/a,Unpublished returns 404
/ky/blog/how-to-prepare-visuals-for-shopify,ky,404,,,,,n/a,noindex site-wide layout,no,no,0,missing,missing,,no,n/a,Unpublished returns 404
/uz/blog/how-to-prepare-visuals-for-shopify,uz,404,,,,,n/a,noindex site-wide layout,no,no,0,missing,missing,,no,n/a,Unpublished returns 404
/tg/blog/how-to-prepare-visuals-for-shopify,tg,404,,,,,n/a,noindex site-wide layout,no,no,0,missing,missing,,no,n/a,Unpublished returns 404
/tr/blog/how-to-prepare-visuals-for-shopify,tr,404,,,,,n/a,noindex site-wide layout,no,no,0,missing,missing,,no,n/a,Unpublished returns 404
/az/blog/how-to-prepare-visuals-for-shopify,az,404,,,,,n/a,noindex site-wide layout,no,no,0,missing,missing,,no,n/a,Unpublished returns 404
/ar/blog/how-to-prepare-visuals-for-shopify,ar,404,,,,,n/a,noindex site-wide layout,no,no,0,missing,missing,,no,n/a,Unpublished returns 404
/es/blog/how-to-prepare-visuals-for-shopify,es,404,,,,,n/a,noindex site-wide layout,no,no,0,missing,missing,,no,n/a,Unpublished returns 404
/pt/blog/how-to-prepare-visuals-for-shopify,pt,404,,,,,n/a,noindex site-wide layout,no,no,0,missing,missing,,no,n/a,Unpublished returns 404
/fr/blog/how-to-prepare-visuals-for-shopify,fr,404,,,,,n/a,noindex site-wide layout,no,no,0,missing,missing,,no,n/a,Unpublished returns 404
/de/blog/how-to-prepare-visuals-for-shopify,de,404,,,,,n/a,noindex site-wide layout,no,no,0,missing,missing,,no,n/a,Unpublished returns 404
/it/blog/how-to-prepare-visuals-for-shopify,it,404,,,,,n/a,noindex site-wide layout,no,no,0,missing,missing,,no,n/a,Unpublished returns 404
/pl/blog/how-to-prepare-visuals-for-shopify,pl,404,,,,,n/a,noindex site-wide layout,no,no,0,missing,missing,,no,n/a,Unpublished returns 404
/uk/blog/how-to-prepare-visuals-for-shopify,uk,404,,,,,n/a,noindex site-wide layout,no,no,0,missing,missing,,no,n/a,Unpublished returns 404
/hi/blog/how-to-prepare-visuals-for-shopify,hi,404,,,,,n/a,noindex site-wide layout,no,no,0,missing,missing,,no,n/a,Unpublished returns 404
/id/blog/how-to-prepare-visuals-for-shopify,id,404,,,,,n/a,noindex site-wide layout,no,no,0,missing,missing,,no,n/a,Unpublished returns 404
/vi/blog/how-to-prepare-visuals-for-shopify,vi,404,,,,,n/a,noindex site-wide layout,no,no,0,missing,missing,,no,n/a,Unpublished returns 404
/zh/blog/how-to-prepare-visuals-for-shopify,zh,404,,,,,n/a,noindex site-wide layout,no,no,0,missing,missing,,no,n/a,Unpublished returns 404
/ru/blog/how-to-make-photos-for-a-local-marketplace,ru,404,Как сделать фото для локального маркетплейса,"Как сделать фото для локального маркетплейса: практический гид Vitrina AI Studio с чеклистом качества, ограничениями AI и ссылками на связанные use cases.",Как сделать фото для локального маркетплейса,,n/a,noindex site-wide layout,no,no,0,missing,missing,,no,n/a,Unpublished returns 404
/en/blog/how-to-make-photos-for-a-local-marketplace,en,404,How to make photos for a local marketplace,"How to make photos for a local marketplace: a practical Vitrina AI Studio guide with a quality checklist, AI limitations, and related use cases.",How to make photos for a local marketplace,,n/a,noindex site-wide layout,no,no,0,missing,missing,,no,n/a,Unpublished returns 404
/kk/blog/how-to-make-photos-for-a-local-marketplace,kk,404,,,,,n/a,noindex site-wide layout,no,no,0,missing,missing,,no,n/a,Unpublished returns 404
/ky/blog/how-to-make-photos-for-a-local-marketplace,ky,404,,,,,n/a,noindex site-wide layout,no,no,0,missing,missing,,no,n/a,Unpublished returns 404
/uz/blog/how-to-make-photos-for-a-local-marketplace,uz,404,,,,,n/a,noindex site-wide layout,no,no,0,missing,missing,,no,n/a,Unpublished returns 404
/tg/blog/how-to-make-photos-for-a-local-marketplace,tg,404,,,,,n/a,noindex site-wide layout,no,no,0,missing,missing,,no,n/a,Unpublished returns 404
/tr/blog/how-to-make-photos-for-a-local-marketplace,tr,404,,,,,n/a,noindex site-wide layout,no,no,0,missing,missing,,no,n/a,Unpublished returns 404
/az/blog/how-to-make-photos-for-a-local-marketplace,az,404,,,,,n/a,noindex site-wide layout,no,no,0,missing,missing,,no,n/a,Unpublished returns 404
/ar/blog/how-to-make-photos-for-a-local-marketplace,ar,404,,,,,n/a,noindex site-wide layout,no,no,0,missing,missing,,no,n/a,Unpublished returns 404
/es/blog/how-to-make-photos-for-a-local-marketplace,es,404,,,,,n/a,noindex site-wide layout,no,no,0,missing,missing,,no,n/a,Unpublished returns 404
/pt/blog/how-to-make-photos-for-a-local-marketplace,pt,404,,,,,n/a,noindex site-wide layout,no,no,0,missing,missing,,no,n/a,Unpublished returns 404
/fr/blog/how-to-make-photos-for-a-local-marketplace,fr,404,,,,,n/a,noindex site-wide layout,no,no,0,missing,missing,,no,n/a,Unpublished returns 404
/de/blog/how-to-make-photos-for-a-local-marketplace,de,404,,,,,n/a,noindex site-wide layout,no,no,0,missing,missing,,no,n/a,Unpublished returns 404
/it/blog/how-to-make-photos-for-a-local-marketplace,it,404,,,,,n/a,noindex site-wide layout,no,no,0,missing,missing,,no,n/a,Unpublished returns 404
/pl/blog/how-to-make-photos-for-a-local-marketplace,pl,404,,,,,n/a,noindex site-wide layout,no,no,0,missing,missing,,no,n/a,Unpublished returns 404
/uk/blog/how-to-make-photos-for-a-local-marketplace,uk,404,,,,,n/a,noindex site-wide layout,no,no,0,missing,missing,,no,n/a,Unpublished returns 404
/hi/blog/how-to-make-photos-for-a-local-marketplace,hi,404,,,,,n/a,noindex site-wide layout,no,no,0,missing,missing,,no,n/a,Unpublished returns 404
/id/blog/how-to-make-photos-for-a-local-marketplace,id,404,,,,,n/a,noindex site-wide layout,no,no,0,missing,missing,,no,n/a,Unpublished returns 404
/vi/blog/how-to-make-photos-for-a-local-marketplace,vi,404,,,,,n/a,noindex site-wide layout,no,no,0,missing,missing,,no,n/a,Unpublished returns 404
/zh/blog/how-to-make-photos-for-a-local-marketplace,zh,404,,,,,n/a,noindex site-wide layout,no,no,0,missing,missing,,no,n/a,Unpublished returns 404
/ru/blog/how-ai-helps-suppliers-from-the-cis,ru,404,Как AI помогает поставщикам из СНГ,"Как AI помогает поставщикам из СНГ: практический гид Vitrina AI Studio с чеклистом качества, ограничениями AI и ссылками на связанные use cases.",Как AI помогает поставщикам из СНГ,,n/a,noindex site-wide layout,no,no,0,missing,missing,,no,n/a,Unpublished returns 404
/en/blog/how-ai-helps-suppliers-from-the-cis,en,404,How AI helps suppliers from the CIS,"How AI helps suppliers from the CIS: a practical Vitrina AI Studio guide with a quality checklist, AI limitations, and related use cases.",How AI helps suppliers from the CIS,,n/a,noindex site-wide layout,no,no,0,missing,missing,,no,n/a,Unpublished returns 404
/kk/blog/how-ai-helps-suppliers-from-the-cis,kk,404,,,,,n/a,noindex site-wide layout,no,no,0,missing,missing,,no,n/a,Unpublished returns 404
/ky/blog/how-ai-helps-suppliers-from-the-cis,ky,404,,,,,n/a,noindex site-wide layout,no,no,0,missing,missing,,no,n/a,Unpublished returns 404
/uz/blog/how-ai-helps-suppliers-from-the-cis,uz,404,,,,,n/a,noindex site-wide layout,no,no,0,missing,missing,,no,n/a,Unpublished returns 404
/tg/blog/how-ai-helps-suppliers-from-the-cis,tg,404,,,,,n/a,noindex site-wide layout,no,no,0,missing,missing,,no,n/a,Unpublished returns 404
/tr/blog/how-ai-helps-suppliers-from-the-cis,tr,404,,,,,n/a,noindex site-wide layout,no,no,0,missing,missing,,no,n/a,Unpublished returns 404
/az/blog/how-ai-helps-suppliers-from-the-cis,az,404,,,,,n/a,noindex site-wide layout,no,no,0,missing,missing,,no,n/a,Unpublished returns 404
/ar/blog/how-ai-helps-suppliers-from-the-cis,ar,404,,,,,n/a,noindex site-wide layout,no,no,0,missing,missing,,no,n/a,Unpublished returns 404
/es/blog/how-ai-helps-suppliers-from-the-cis,es,404,,,,,n/a,noindex site-wide layout,no,no,0,missing,missing,,no,n/a,Unpublished returns 404
/pt/blog/how-ai-helps-suppliers-from-the-cis,pt,404,,,,,n/a,noindex site-wide layout,no,no,0,missing,missing,,no,n/a,Unpublished returns 404
/fr/blog/how-ai-helps-suppliers-from-the-cis,fr,404,,,,,n/a,noindex site-wide layout,no,no,0,missing,missing,,no,n/a,Unpublished returns 404
/de/blog/how-ai-helps-suppliers-from-the-cis,de,404,,,,,n/a,noindex site-wide layout,no,no,0,missing,missing,,no,n/a,Unpublished returns 404
/it/blog/how-ai-helps-suppliers-from-the-cis,it,404,,,,,n/a,noindex site-wide layout,no,no,0,missing,missing,,no,n/a,Unpublished returns 404
/pl/blog/how-ai-helps-suppliers-from-the-cis,pl,404,,,,,n/a,noindex site-wide layout,no,no,0,missing,missing,,no,n/a,Unpublished returns 404
/uk/blog/how-ai-helps-suppliers-from-the-cis,uk,404,,,,,n/a,noindex site-wide layout,no,no,0,missing,missing,,no,n/a,Unpublished returns 404
/hi/blog/how-ai-helps-suppliers-from-the-cis,hi,404,,,,,n/a,noindex site-wide layout,no,no,0,missing,missing,,no,n/a,Unpublished returns 404
/id/blog/how-ai-helps-suppliers-from-the-cis,id,404,,,,,n/a,noindex site-wide layout,no,no,0,missing,missing,,no,n/a,Unpublished returns 404
/vi/blog/how-ai-helps-suppliers-from-the-cis,vi,404,,,,,n/a,noindex site-wide layout,no,no,0,missing,missing,,no,n/a,Unpublished returns 404
/zh/blog/how-ai-helps-suppliers-from-the-cis,zh,404,,,,,n/a,noindex site-wide layout,no,no,0,missing,missing,,no,n/a,Unpublished returns 404
/ru/blog/how-to-create-product-content-for-international-clients,ru,404,Как сделать товарный контент для международных клиентов,"Как сделать товарный контент для международных клиентов: практический гид Vitrina AI Studio с чеклистом качества, ограничениями AI и ссылками на связанные use cases.",Как сделать товарный контент для международных клиентов,,n/a,noindex site-wide layout,no,no,0,missing,missing,,no,n/a,Unpublished returns 404
/en/blog/how-to-create-product-content-for-international-clients,en,404,How to create product content for international clients,"How to create product content for international clients: a practical Vitrina AI Studio guide with a quality checklist, AI limitations, and related use cases.",How to create product content for international clients,,n/a,noindex site-wide layout,no,no,0,missing,missing,,no,n/a,Unpublished returns 404
/kk/blog/how-to-create-product-content-for-international-clients,kk,404,,,,,n/a,noindex site-wide layout,no,no,0,missing,missing,,no,n/a,Unpublished returns 404
/ky/blog/how-to-create-product-content-for-international-clients,ky,404,,,,,n/a,noindex site-wide layout,no,no,0,missing,missing,,no,n/a,Unpublished returns 404
/uz/blog/how-to-create-product-content-for-international-clients,uz,404,,,,,n/a,noindex site-wide layout,no,no,0,missing,missing,,no,n/a,Unpublished returns 404
/tg/blog/how-to-create-product-content-for-international-clients,tg,404,,,,,n/a,noindex site-wide layout,no,no,0,missing,missing,,no,n/a,Unpublished returns 404
/tr/blog/how-to-create-product-content-for-international-clients,tr,404,,,,,n/a,noindex site-wide layout,no,no,0,missing,missing,,no,n/a,Unpublished returns 404
/az/blog/how-to-create-product-content-for-international-clients,az,404,,,,,n/a,noindex site-wide layout,no,no,0,missing,missing,,no,n/a,Unpublished returns 404
/ar/blog/how-to-create-product-content-for-international-clients,ar,404,,,,,n/a,noindex site-wide layout,no,no,0,missing,missing,,no,n/a,Unpublished returns 404
/es/blog/how-to-create-product-content-for-international-clients,es,404,,,,,n/a,noindex site-wide layout,no,no,0,missing,missing,,no,n/a,Unpublished returns 404
/pt/blog/how-to-create-product-content-for-international-clients,pt,404,,,,,n/a,noindex site-wide layout,no,no,0,missing,missing,,no,n/a,Unpublished returns 404
/fr/blog/how-to-create-product-content-for-international-clients,fr,404,,,,,n/a,noindex site-wide layout,no,no,0,missing,missing,,no,n/a,Unpublished returns 404
/de/blog/how-to-create-product-content-for-international-clients,de,404,,,,,n/a,noindex site-wide layout,no,no,0,missing,missing,,no,n/a,Unpublished returns 404
/it/blog/how-to-create-product-content-for-international-clients,it,404,,,,,n/a,noindex site-wide layout,no,no,0,missing,missing,,no,n/a,Unpublished returns 404
/pl/blog/how-to-create-product-content-for-international-clients,pl,404,,,,,n/a,noindex site-wide layout,no,no,0,missing,missing,,no,n/a,Unpublished returns 404
/uk/blog/how-to-create-product-content-for-international-clients,uk,404,,,,,n/a,noindex site-wide layout,no,no,0,missing,missing,,no,n/a,Unpublished returns 404
/hi/blog/how-to-create-product-content-for-international-clients,hi,404,,,,,n/a,noindex site-wide layout,no,no,0,missing,missing,,no,n/a,Unpublished returns 404
/id/blog/how-to-create-product-content-for-international-clients,id,404,,,,,n/a,noindex site-wide layout,no,no,0,missing,missing,,no,n/a,Unpublished returns 404
/vi/blog/how-to-create-product-content-for-international-clients,vi,404,,,,,n/a,noindex site-wide layout,no,no,0,missing,missing,,no,n/a,Unpublished returns 404
/zh/blog/how-to-create-product-content-for-international-clients,zh,404,,,,,n/a,noindex site-wide layout,no,no,0,missing,missing,,no,n/a,Unpublished returns 404
/ru/blog/how-to-write-a-prompt-for-product-photography,ru,404,Как написать prompt для товарного фото,"Как написать prompt для товарного фото: практический гид Vitrina AI Studio с чеклистом качества, ограничениями AI и ссылками на связанные use cases.",Как написать prompt для товарного фото,,n/a,noindex site-wide layout,no,no,0,missing,missing,,no,n/a,Unpublished returns 404
/en/blog/how-to-write-a-prompt-for-product-photography,en,404,How to write a prompt for product photography,"How to write a prompt for product photography: a practical Vitrina AI Studio guide with a quality checklist, AI limitations, and related use cases.",How to write a prompt for product photography,,n/a,noindex site-wide layout,no,no,0,missing,missing,,no,n/a,Unpublished returns 404
/kk/blog/how-to-write-a-prompt-for-product-photography,kk,404,,,,,n/a,noindex site-wide layout,no,no,0,missing,missing,,no,n/a,Unpublished returns 404
/ky/blog/how-to-write-a-prompt-for-product-photography,ky,404,,,,,n/a,noindex site-wide layout,no,no,0,missing,missing,,no,n/a,Unpublished returns 404
/uz/blog/how-to-write-a-prompt-for-product-photography,uz,404,,,,,n/a,noindex site-wide layout,no,no,0,missing,missing,,no,n/a,Unpublished returns 404
/tg/blog/how-to-write-a-prompt-for-product-photography,tg,404,,,,,n/a,noindex site-wide layout,no,no,0,missing,missing,,no,n/a,Unpublished returns 404
/tr/blog/how-to-write-a-prompt-for-product-photography,tr,404,,,,,n/a,noindex site-wide layout,no,no,0,missing,missing,,no,n/a,Unpublished returns 404
/az/blog/how-to-write-a-prompt-for-product-photography,az,404,,,,,n/a,noindex site-wide layout,no,no,0,missing,missing,,no,n/a,Unpublished returns 404
/ar/blog/how-to-write-a-prompt-for-product-photography,ar,404,,,,,n/a,noindex site-wide layout,no,no,0,missing,missing,,no,n/a,Unpublished returns 404
/es/blog/how-to-write-a-prompt-for-product-photography,es,404,,,,,n/a,noindex site-wide layout,no,no,0,missing,missing,,no,n/a,Unpublished returns 404
/pt/blog/how-to-write-a-prompt-for-product-photography,pt,404,,,,,n/a,noindex site-wide layout,no,no,0,missing,missing,,no,n/a,Unpublished returns 404
/fr/blog/how-to-write-a-prompt-for-product-photography,fr,404,,,,,n/a,noindex site-wide layout,no,no,0,missing,missing,,no,n/a,Unpublished returns 404
/de/blog/how-to-write-a-prompt-for-product-photography,de,404,,,,,n/a,noindex site-wide layout,no,no,0,missing,missing,,no,n/a,Unpublished returns 404
/it/blog/how-to-write-a-prompt-for-product-photography,it,404,,,,,n/a,noindex site-wide layout,no,no,0,missing,missing,,no,n/a,Unpublished returns 404
/pl/blog/how-to-write-a-prompt-for-product-photography,pl,404,,,,,n/a,noindex site-wide layout,no,no,0,missing,missing,,no,n/a,Unpublished returns 404
/uk/blog/how-to-write-a-prompt-for-product-photography,uk,404,,,,,n/a,noindex site-wide layout,no,no,0,missing,missing,,no,n/a,Unpublished returns 404
/hi/blog/how-to-write-a-prompt-for-product-photography,hi,404,,,,,n/a,noindex site-wide layout,no,no,0,missing,missing,,no,n/a,Unpublished returns 404
/id/blog/how-to-write-a-prompt-for-product-photography,id,404,,,,,n/a,noindex site-wide layout,no,no,0,missing,missing,,no,n/a,Unpublished returns 404
/vi/blog/how-to-write-a-prompt-for-product-photography,vi,404,,,,,n/a,noindex site-wide layout,no,no,0,missing,missing,,no,n/a,Unpublished returns 404
/zh/blog/how-to-write-a-prompt-for-product-photography,zh,404,,,,,n/a,noindex site-wide layout,no,no,0,missing,missing,,no,n/a,Unpublished returns 404
/ru/blog/how-to-improve-a-prompt-for-ai-video,ru,404,Как улучшить prompt для AI-видео,"Как улучшить prompt для AI-видео: практический гид Vitrina AI Studio с чеклистом качества, ограничениями AI и ссылками на связанные use cases.",Как улучшить prompt для AI-видео,,n/a,noindex site-wide layout,no,no,0,missing,missing,,no,n/a,Unpublished returns 404
/en/blog/how-to-improve-a-prompt-for-ai-video,en,404,How to improve a prompt for AI video,"How to improve a prompt for AI video: a practical Vitrina AI Studio guide with a quality checklist, AI limitations, and related use cases.",How to improve a prompt for AI video,,n/a,noindex site-wide layout,no,no,0,missing,missing,,no,n/a,Unpublished returns 404
/kk/blog/how-to-improve-a-prompt-for-ai-video,kk,404,,,,,n/a,noindex site-wide layout,no,no,0,missing,missing,,no,n/a,Unpublished returns 404
/ky/blog/how-to-improve-a-prompt-for-ai-video,ky,404,,,,,n/a,noindex site-wide layout,no,no,0,missing,missing,,no,n/a,Unpublished returns 404
/uz/blog/how-to-improve-a-prompt-for-ai-video,uz,404,,,,,n/a,noindex site-wide layout,no,no,0,missing,missing,,no,n/a,Unpublished returns 404
/tg/blog/how-to-improve-a-prompt-for-ai-video,tg,404,,,,,n/a,noindex site-wide layout,no,no,0,missing,missing,,no,n/a,Unpublished returns 404
/tr/blog/how-to-improve-a-prompt-for-ai-video,tr,404,,,,,n/a,noindex site-wide layout,no,no,0,missing,missing,,no,n/a,Unpublished returns 404
/az/blog/how-to-improve-a-prompt-for-ai-video,az,404,,,,,n/a,noindex site-wide layout,no,no,0,missing,missing,,no,n/a,Unpublished returns 404
/ar/blog/how-to-improve-a-prompt-for-ai-video,ar,404,,,,,n/a,noindex site-wide layout,no,no,0,missing,missing,,no,n/a,Unpublished returns 404
/es/blog/how-to-improve-a-prompt-for-ai-video,es,404,,,,,n/a,noindex site-wide layout,no,no,0,missing,missing,,no,n/a,Unpublished returns 404
/pt/blog/how-to-improve-a-prompt-for-ai-video,pt,404,,,,,n/a,noindex site-wide layout,no,no,0,missing,missing,,no,n/a,Unpublished returns 404
/fr/blog/how-to-improve-a-prompt-for-ai-video,fr,404,,,,,n/a,noindex site-wide layout,no,no,0,missing,missing,,no,n/a,Unpublished returns 404
/de/blog/how-to-improve-a-prompt-for-ai-video,de,404,,,,,n/a,noindex site-wide layout,no,no,0,missing,missing,,no,n/a,Unpublished returns 404
/it/blog/how-to-improve-a-prompt-for-ai-video,it,404,,,,,n/a,noindex site-wide layout,no,no,0,missing,missing,,no,n/a,Unpublished returns 404
/pl/blog/how-to-improve-a-prompt-for-ai-video,pl,404,,,,,n/a,noindex site-wide layout,no,no,0,missing,missing,,no,n/a,Unpublished returns 404
/uk/blog/how-to-improve-a-prompt-for-ai-video,uk,404,,,,,n/a,noindex site-wide layout,no,no,0,missing,missing,,no,n/a,Unpublished returns 404
/hi/blog/how-to-improve-a-prompt-for-ai-video,hi,404,,,,,n/a,noindex site-wide layout,no,no,0,missing,missing,,no,n/a,Unpublished returns 404
/id/blog/how-to-improve-a-prompt-for-ai-video,id,404,,,,,n/a,noindex site-wide layout,no,no,0,missing,missing,,no,n/a,Unpublished returns 404
/vi/blog/how-to-improve-a-prompt-for-ai-video,vi,404,,,,,n/a,noindex site-wide layout,no,no,0,missing,missing,,no,n/a,Unpublished returns 404
/zh/blog/how-to-improve-a-prompt-for-ai-video,zh,404,,,,,n/a,noindex site-wide layout,no,no,0,missing,missing,,no,n/a,Unpublished returns 404
/ru/blog/how-to-describe-a-model-for-clothing-photos,ru,404,Как описать модель для одежды,"Как описать модель для одежды: практический гид Vitrina AI Studio с чеклистом качества, ограничениями AI и ссылками на связанные use cases.",Как описать модель для одежды,,n/a,noindex site-wide layout,no,no,0,missing,missing,,no,n/a,Unpublished returns 404
/en/blog/how-to-describe-a-model-for-clothing-photos,en,404,How to describe a model for clothing photos,"How to describe a model for clothing photos: a practical Vitrina AI Studio guide with a quality checklist, AI limitations, and related use cases.",How to describe a model for clothing photos,,n/a,noindex site-wide layout,no,no,0,missing,missing,,no,n/a,Unpublished returns 404
/kk/blog/how-to-describe-a-model-for-clothing-photos,kk,404,,,,,n/a,noindex site-wide layout,no,no,0,missing,missing,,no,n/a,Unpublished returns 404
/ky/blog/how-to-describe-a-model-for-clothing-photos,ky,404,,,,,n/a,noindex site-wide layout,no,no,0,missing,missing,,no,n/a,Unpublished returns 404
/uz/blog/how-to-describe-a-model-for-clothing-photos,uz,404,,,,,n/a,noindex site-wide layout,no,no,0,missing,missing,,no,n/a,Unpublished returns 404
/tg/blog/how-to-describe-a-model-for-clothing-photos,tg,404,,,,,n/a,noindex site-wide layout,no,no,0,missing,missing,,no,n/a,Unpublished returns 404
/tr/blog/how-to-describe-a-model-for-clothing-photos,tr,404,,,,,n/a,noindex site-wide layout,no,no,0,missing,missing,,no,n/a,Unpublished returns 404
/az/blog/how-to-describe-a-model-for-clothing-photos,az,404,,,,,n/a,noindex site-wide layout,no,no,0,missing,missing,,no,n/a,Unpublished returns 404
/ar/blog/how-to-describe-a-model-for-clothing-photos,ar,404,,,,,n/a,noindex site-wide layout,no,no,0,missing,missing,,no,n/a,Unpublished returns 404
/es/blog/how-to-describe-a-model-for-clothing-photos,es,404,,,,,n/a,noindex site-wide layout,no,no,0,missing,missing,,no,n/a,Unpublished returns 404
/pt/blog/how-to-describe-a-model-for-clothing-photos,pt,404,,,,,n/a,noindex site-wide layout,no,no,0,missing,missing,,no,n/a,Unpublished returns 404
/fr/blog/how-to-describe-a-model-for-clothing-photos,fr,404,,,,,n/a,noindex site-wide layout,no,no,0,missing,missing,,no,n/a,Unpublished returns 404
/de/blog/how-to-describe-a-model-for-clothing-photos,de,404,,,,,n/a,noindex site-wide layout,no,no,0,missing,missing,,no,n/a,Unpublished returns 404
/it/blog/how-to-describe-a-model-for-clothing-photos,it,404,,,,,n/a,noindex site-wide layout,no,no,0,missing,missing,,no,n/a,Unpublished returns 404
/pl/blog/how-to-describe-a-model-for-clothing-photos,pl,404,,,,,n/a,noindex site-wide layout,no,no,0,missing,missing,,no,n/a,Unpublished returns 404
/uk/blog/how-to-describe-a-model-for-clothing-photos,uk,404,,,,,n/a,noindex site-wide layout,no,no,0,missing,missing,,no,n/a,Unpublished returns 404
/hi/blog/how-to-describe-a-model-for-clothing-photos,hi,404,,,,,n/a,noindex site-wide layout,no,no,0,missing,missing,,no,n/a,Unpublished returns 404
/id/blog/how-to-describe-a-model-for-clothing-photos,id,404,,,,,n/a,noindex site-wide layout,no,no,0,missing,missing,,no,n/a,Unpublished returns 404
/vi/blog/how-to-describe-a-model-for-clothing-photos,vi,404,,,,,n/a,noindex site-wide layout,no,no,0,missing,missing,,no,n/a,Unpublished returns 404
/zh/blog/how-to-describe-a-model-for-clothing-photos,zh,404,,,,,n/a,noindex site-wide layout,no,no,0,missing,missing,,no,n/a,Unpublished returns 404
/ru/blog/how-to-create-an-ai-background-without-changing-the-product,ru,404,Как сделать AI-фон без изменения товара,"Как сделать AI-фон без изменения товара: практический гид Vitrina AI Studio с чеклистом качества, ограничениями AI и ссылками на связанные use cases.",Как сделать AI-фон без изменения товара,,n/a,noindex site-wide layout,no,no,0,missing,missing,,no,n/a,Unpublished returns 404
/en/blog/how-to-create-an-ai-background-without-changing-the-product,en,404,How to create an AI background without changing the product,"How to create an AI background without changing the product: a practical Vitrina AI Studio guide with a quality checklist, AI limitations, and related use cases.",How to create an AI background without changing the product,,n/a,noindex site-wide layout,no,no,0,missing,missing,,no,n/a,Unpublished returns 404
/kk/blog/how-to-create-an-ai-background-without-changing-the-product,kk,404,,,,,n/a,noindex site-wide layout,no,no,0,missing,missing,,no,n/a,Unpublished returns 404
/ky/blog/how-to-create-an-ai-background-without-changing-the-product,ky,404,,,,,n/a,noindex site-wide layout,no,no,0,missing,missing,,no,n/a,Unpublished returns 404
/uz/blog/how-to-create-an-ai-background-without-changing-the-product,uz,404,,,,,n/a,noindex site-wide layout,no,no,0,missing,missing,,no,n/a,Unpublished returns 404
/tg/blog/how-to-create-an-ai-background-without-changing-the-product,tg,404,,,,,n/a,noindex site-wide layout,no,no,0,missing,missing,,no,n/a,Unpublished returns 404
/tr/blog/how-to-create-an-ai-background-without-changing-the-product,tr,404,,,,,n/a,noindex site-wide layout,no,no,0,missing,missing,,no,n/a,Unpublished returns 404
/az/blog/how-to-create-an-ai-background-without-changing-the-product,az,404,,,,,n/a,noindex site-wide layout,no,no,0,missing,missing,,no,n/a,Unpublished returns 404
/ar/blog/how-to-create-an-ai-background-without-changing-the-product,ar,404,,,,,n/a,noindex site-wide layout,no,no,0,missing,missing,,no,n/a,Unpublished returns 404
/es/blog/how-to-create-an-ai-background-without-changing-the-product,es,404,,,,,n/a,noindex site-wide layout,no,no,0,missing,missing,,no,n/a,Unpublished returns 404
/pt/blog/how-to-create-an-ai-background-without-changing-the-product,pt,404,,,,,n/a,noindex site-wide layout,no,no,0,missing,missing,,no,n/a,Unpublished returns 404
/fr/blog/how-to-create-an-ai-background-without-changing-the-product,fr,404,,,,,n/a,noindex site-wide layout,no,no,0,missing,missing,,no,n/a,Unpublished returns 404
/de/blog/how-to-create-an-ai-background-without-changing-the-product,de,404,,,,,n/a,noindex site-wide layout,no,no,0,missing,missing,,no,n/a,Unpublished returns 404
/it/blog/how-to-create-an-ai-background-without-changing-the-product,it,404,,,,,n/a,noindex site-wide layout,no,no,0,missing,missing,,no,n/a,Unpublished returns 404
/pl/blog/how-to-create-an-ai-background-without-changing-the-product,pl,404,,,,,n/a,noindex site-wide layout,no,no,0,missing,missing,,no,n/a,Unpublished returns 404
/uk/blog/how-to-create-an-ai-background-without-changing-the-product,uk,404,,,,,n/a,noindex site-wide layout,no,no,0,missing,missing,,no,n/a,Unpublished returns 404
/hi/blog/how-to-create-an-ai-background-without-changing-the-product,hi,404,,,,,n/a,noindex site-wide layout,no,no,0,missing,missing,,no,n/a,Unpublished returns 404
/id/blog/how-to-create-an-ai-background-without-changing-the-product,id,404,,,,,n/a,noindex site-wide layout,no,no,0,missing,missing,,no,n/a,Unpublished returns 404
/vi/blog/how-to-create-an-ai-background-without-changing-the-product,vi,404,,,,,n/a,noindex site-wide layout,no,no,0,missing,missing,,no,n/a,Unpublished returns 404
/zh/blog/how-to-create-an-ai-background-without-changing-the-product,zh,404,,,,,n/a,noindex site-wide layout,no,no,0,missing,missing,,no,n/a,Unpublished returns 404
/ru/blog/how-to-make-ai-preserve-the-product,ru,404,Как заставить AI сохранить товар,"Как заставить AI сохранить товар: практический гид Vitrina AI Studio с чеклистом качества, ограничениями AI и ссылками на связанные use cases.",Как заставить AI сохранить товар,,n/a,noindex site-wide layout,no,no,0,missing,missing,,no,n/a,Unpublished returns 404
/en/blog/how-to-make-ai-preserve-the-product,en,404,How to make AI preserve the product,"How to make AI preserve the product: a practical Vitrina AI Studio guide with a quality checklist, AI limitations, and related use cases.",How to make AI preserve the product,,n/a,noindex site-wide layout,no,no,0,missing,missing,,no,n/a,Unpublished returns 404
/kk/blog/how-to-make-ai-preserve-the-product,kk,404,,,,,n/a,noindex site-wide layout,no,no,0,missing,missing,,no,n/a,Unpublished returns 404
/ky/blog/how-to-make-ai-preserve-the-product,ky,404,,,,,n/a,noindex site-wide layout,no,no,0,missing,missing,,no,n/a,Unpublished returns 404
/uz/blog/how-to-make-ai-preserve-the-product,uz,404,,,,,n/a,noindex site-wide layout,no,no,0,missing,missing,,no,n/a,Unpublished returns 404
/tg/blog/how-to-make-ai-preserve-the-product,tg,404,,,,,n/a,noindex site-wide layout,no,no,0,missing,missing,,no,n/a,Unpublished returns 404
/tr/blog/how-to-make-ai-preserve-the-product,tr,404,,,,,n/a,noindex site-wide layout,no,no,0,missing,missing,,no,n/a,Unpublished returns 404
/az/blog/how-to-make-ai-preserve-the-product,az,404,,,,,n/a,noindex site-wide layout,no,no,0,missing,missing,,no,n/a,Unpublished returns 404
/ar/blog/how-to-make-ai-preserve-the-product,ar,404,,,,,n/a,noindex site-wide layout,no,no,0,missing,missing,,no,n/a,Unpublished returns 404
/es/blog/how-to-make-ai-preserve-the-product,es,404,,,,,n/a,noindex site-wide layout,no,no,0,missing,missing,,no,n/a,Unpublished returns 404
/pt/blog/how-to-make-ai-preserve-the-product,pt,404,,,,,n/a,noindex site-wide layout,no,no,0,missing,missing,,no,n/a,Unpublished returns 404
/fr/blog/how-to-make-ai-preserve-the-product,fr,404,,,,,n/a,noindex site-wide layout,no,no,0,missing,missing,,no,n/a,Unpublished returns 404
/de/blog/how-to-make-ai-preserve-the-product,de,404,,,,,n/a,noindex site-wide layout,no,no,0,missing,missing,,no,n/a,Unpublished returns 404
/it/blog/how-to-make-ai-preserve-the-product,it,404,,,,,n/a,noindex site-wide layout,no,no,0,missing,missing,,no,n/a,Unpublished returns 404
/pl/blog/how-to-make-ai-preserve-the-product,pl,404,,,,,n/a,noindex site-wide layout,no,no,0,missing,missing,,no,n/a,Unpublished returns 404
/uk/blog/how-to-make-ai-preserve-the-product,uk,404,,,,,n/a,noindex site-wide layout,no,no,0,missing,missing,,no,n/a,Unpublished returns 404
/hi/blog/how-to-make-ai-preserve-the-product,hi,404,,,,,n/a,noindex site-wide layout,no,no,0,missing,missing,,no,n/a,Unpublished returns 404
/id/blog/how-to-make-ai-preserve-the-product,id,404,,,,,n/a,noindex site-wide layout,no,no,0,missing,missing,,no,n/a,Unpublished returns 404
/vi/blog/how-to-make-ai-preserve-the-product,vi,404,,,,,n/a,noindex site-wide layout,no,no,0,missing,missing,,no,n/a,Unpublished returns 404
/zh/blog/how-to-make-ai-preserve-the-product,zh,404,,,,,n/a,noindex site-wide layout,no,no,0,missing,missing,,no,n/a,Unpublished returns 404
/ru/blog/how-to-check-that-ai-did-not-change-the-product,ru,404,"Как проверить, что AI не изменил товар","Как проверить, что AI не изменил товар: практический гид Vitrina AI Studio с чеклистом качества, ограничениями AI и ссылками на связанные use cases.","Как проверить, что AI не изменил товар",,n/a,noindex site-wide layout,no,no,0,missing,missing,,no,n/a,Unpublished returns 404
/en/blog/how-to-check-that-ai-did-not-change-the-product,en,404,How to check that AI did not change the product,"How to check that AI did not change the product: a practical Vitrina AI Studio guide with a quality checklist, AI limitations, and related use cases.",How to check that AI did not change the product,,n/a,noindex site-wide layout,no,no,0,missing,missing,,no,n/a,Unpublished returns 404
/kk/blog/how-to-check-that-ai-did-not-change-the-product,kk,404,,,,,n/a,noindex site-wide layout,no,no,0,missing,missing,,no,n/a,Unpublished returns 404
/ky/blog/how-to-check-that-ai-did-not-change-the-product,ky,404,,,,,n/a,noindex site-wide layout,no,no,0,missing,missing,,no,n/a,Unpublished returns 404
/uz/blog/how-to-check-that-ai-did-not-change-the-product,uz,404,,,,,n/a,noindex site-wide layout,no,no,0,missing,missing,,no,n/a,Unpublished returns 404
/tg/blog/how-to-check-that-ai-did-not-change-the-product,tg,404,,,,,n/a,noindex site-wide layout,no,no,0,missing,missing,,no,n/a,Unpublished returns 404
/tr/blog/how-to-check-that-ai-did-not-change-the-product,tr,404,,,,,n/a,noindex site-wide layout,no,no,0,missing,missing,,no,n/a,Unpublished returns 404
/az/blog/how-to-check-that-ai-did-not-change-the-product,az,404,,,,,n/a,noindex site-wide layout,no,no,0,missing,missing,,no,n/a,Unpublished returns 404
/ar/blog/how-to-check-that-ai-did-not-change-the-product,ar,404,,,,,n/a,noindex site-wide layout,no,no,0,missing,missing,,no,n/a,Unpublished returns 404
/es/blog/how-to-check-that-ai-did-not-change-the-product,es,404,,,,,n/a,noindex site-wide layout,no,no,0,missing,missing,,no,n/a,Unpublished returns 404
/pt/blog/how-to-check-that-ai-did-not-change-the-product,pt,404,,,,,n/a,noindex site-wide layout,no,no,0,missing,missing,,no,n/a,Unpublished returns 404
/fr/blog/how-to-check-that-ai-did-not-change-the-product,fr,404,,,,,n/a,noindex site-wide layout,no,no,0,missing,missing,,no,n/a,Unpublished returns 404
/de/blog/how-to-check-that-ai-did-not-change-the-product,de,404,,,,,n/a,noindex site-wide layout,no,no,0,missing,missing,,no,n/a,Unpublished returns 404
/it/blog/how-to-check-that-ai-did-not-change-the-product,it,404,,,,,n/a,noindex site-wide layout,no,no,0,missing,missing,,no,n/a,Unpublished returns 404
/pl/blog/how-to-check-that-ai-did-not-change-the-product,pl,404,,,,,n/a,noindex site-wide layout,no,no,0,missing,missing,,no,n/a,Unpublished returns 404
/uk/blog/how-to-check-that-ai-did-not-change-the-product,uk,404,,,,,n/a,noindex site-wide layout,no,no,0,missing,missing,,no,n/a,Unpublished returns 404
/hi/blog/how-to-check-that-ai-did-not-change-the-product,hi,404,,,,,n/a,noindex site-wide layout,no,no,0,missing,missing,,no,n/a,Unpublished returns 404
/id/blog/how-to-check-that-ai-did-not-change-the-product,id,404,,,,,n/a,noindex site-wide layout,no,no,0,missing,missing,,no,n/a,Unpublished returns 404
/vi/blog/how-to-check-that-ai-did-not-change-the-product,vi,404,,,,,n/a,noindex site-wide layout,no,no,0,missing,missing,,no,n/a,Unpublished returns 404
/zh/blog/how-to-check-that-ai-did-not-change-the-product,zh,404,,,,,n/a,noindex site-wide layout,no,no,0,missing,missing,,no,n/a,Unpublished returns 404
/ru/blog/how-to-use-vitrina-ai-studio-for-a-store-content-plan,ru,404,Как использовать Vitrina AI Studio для контент-плана магазина,"Как использовать Vitrina AI Studio для контент-плана магазина: практический гид Vitrina AI Studio с чеклистом качества, ограничениями AI и ссылками на связанные use cases.",Как использовать Vitrina AI Studio для контент-плана магазина,,n/a,noindex site-wide layout,no,no,0,missing,missing,,no,n/a,Unpublished returns 404
/en/blog/how-to-use-vitrina-ai-studio-for-a-store-content-plan,en,404,How to use Vitrina AI Studio for a store content plan,"How to use Vitrina AI Studio for a store content plan: a practical Vitrina AI Studio guide with a quality checklist, AI limitations, and related use cases.",How to use Vitrina AI Studio for a store content plan,,n/a,noindex site-wide layout,no,no,0,missing,missing,,no,n/a,Unpublished returns 404
/kk/blog/how-to-use-vitrina-ai-studio-for-a-store-content-plan,kk,404,,,,,n/a,noindex site-wide layout,no,no,0,missing,missing,,no,n/a,Unpublished returns 404
/ky/blog/how-to-use-vitrina-ai-studio-for-a-store-content-plan,ky,404,,,,,n/a,noindex site-wide layout,no,no,0,missing,missing,,no,n/a,Unpublished returns 404
/uz/blog/how-to-use-vitrina-ai-studio-for-a-store-content-plan,uz,404,,,,,n/a,noindex site-wide layout,no,no,0,missing,missing,,no,n/a,Unpublished returns 404
/tg/blog/how-to-use-vitrina-ai-studio-for-a-store-content-plan,tg,404,,,,,n/a,noindex site-wide layout,no,no,0,missing,missing,,no,n/a,Unpublished returns 404
/tr/blog/how-to-use-vitrina-ai-studio-for-a-store-content-plan,tr,404,,,,,n/a,noindex site-wide layout,no,no,0,missing,missing,,no,n/a,Unpublished returns 404
/az/blog/how-to-use-vitrina-ai-studio-for-a-store-content-plan,az,404,,,,,n/a,noindex site-wide layout,no,no,0,missing,missing,,no,n/a,Unpublished returns 404
/ar/blog/how-to-use-vitrina-ai-studio-for-a-store-content-plan,ar,404,,,,,n/a,noindex site-wide layout,no,no,0,missing,missing,,no,n/a,Unpublished returns 404
/es/blog/how-to-use-vitrina-ai-studio-for-a-store-content-plan,es,404,,,,,n/a,noindex site-wide layout,no,no,0,missing,missing,,no,n/a,Unpublished returns 404
/pt/blog/how-to-use-vitrina-ai-studio-for-a-store-content-plan,pt,404,,,,,n/a,noindex site-wide layout,no,no,0,missing,missing,,no,n/a,Unpublished returns 404
/fr/blog/how-to-use-vitrina-ai-studio-for-a-store-content-plan,fr,404,,,,,n/a,noindex site-wide layout,no,no,0,missing,missing,,no,n/a,Unpublished returns 404
/de/blog/how-to-use-vitrina-ai-studio-for-a-store-content-plan,de,404,,,,,n/a,noindex site-wide layout,no,no,0,missing,missing,,no,n/a,Unpublished returns 404
/it/blog/how-to-use-vitrina-ai-studio-for-a-store-content-plan,it,404,,,,,n/a,noindex site-wide layout,no,no,0,missing,missing,,no,n/a,Unpublished returns 404
/pl/blog/how-to-use-vitrina-ai-studio-for-a-store-content-plan,pl,404,,,,,n/a,noindex site-wide layout,no,no,0,missing,missing,,no,n/a,Unpublished returns 404
/uk/blog/how-to-use-vitrina-ai-studio-for-a-store-content-plan,uk,404,,,,,n/a,noindex site-wide layout,no,no,0,missing,missing,,no,n/a,Unpublished returns 404
/hi/blog/how-to-use-vitrina-ai-studio-for-a-store-content-plan,hi,404,,,,,n/a,noindex site-wide layout,no,no,0,missing,missing,,no,n/a,Unpublished returns 404
/id/blog/how-to-use-vitrina-ai-studio-for-a-store-content-plan,id,404,,,,,n/a,noindex site-wide layout,no,no,0,missing,missing,,no,n/a,Unpublished returns 404
/vi/blog/how-to-use-vitrina-ai-studio-for-a-store-content-plan,vi,404,,,,,n/a,noindex site-wide layout,no,no,0,missing,missing,,no,n/a,Unpublished returns 404
/zh/blog/how-to-use-vitrina-ai-studio-for-a-store-content-plan,zh,404,,,,,n/a,noindex site-wide layout,no,no,0,missing,missing,,no,n/a,Unpublished returns 404
/,n/a,redirect,,,,/ru,n/a,noindex,no,no,0,n/a,redirect,,no,n/a,redirect to /ru
/robots.txt,n/a,exists,,,,,n/a,Disallow /,no,no,0,n/a,n/a,,no,n/a,blocks all crawlers
/sitemap.xml,n/a,exists,,,,,ru/en only,n/a,partial,no,0,n/a,n/a,,no,n/a,quality-gated ru/en